1777481649.369154 [0]     talker: config: Domain/General/MulticastRecvNetworkInterfaceAddresses/#text: preferred {}
1777481649.369295 [0]     talker: config: Domain/General/ExternalNetworkAddress/#text: auto {}
1777481649.369329 [0]     talker: config: Domain/General/ExternalNetworkMask/#text: 0.0.0.0 {}
1777481649.369364 [0]     talker: config: Domain/General/AllowMulticast/#text: default {}
1777481649.369394 [0]     talker: config: Domain/General/MulticastTimeToLive/#text: 32 {}
1777481649.369442 [0]     talker: config: Domain/General/DontRoute/#text: false {}
1777481649.369472 [0]     talker: config: Domain/General/Transport/#text: udp {}
1777481649.369515 [0]     talker: config: Domain/General/EnableMulticastLoopback/#text: true {}
1777481649.369559 [0]     talker: config: Domain/General/MaxMessageSize/#text: 14720 B {}
1777481649.369588 [0]     talker: config: Domain/General/MaxRexmitMessageSize/#text: 1456 B {}
1777481649.369618 [0]     talker: config: Domain/General/FragmentSize/#text: 1344 B {}
1777481649.369661 [0]     talker: config: Domain/General/RedundantNetworking/#text: false {}
1777481649.369694 [0]     talker: config: Domain/Sizing/ReceiveBufferSize/#text: 1 MiB {}
1777481649.369723 [0]     talker: config: Domain/Sizing/ReceiveBufferChunkSize/#text: 128 KiB {}
1777481649.369752 [0]     talker: config: Domain/Compatibility/StandardsConformance/#text: lax {}
1777481649.369780 [0]     talker: config: Domain/Compatibility/ExplicitlyPublishQosSetToDefault/#text: false {}
1777481649.369808 [0]     talker: config: Domain/Compatibility/ManySocketsMode/#text: single {}
1777481649.369836 [0]     talker: config: Domain/Compatibility/AssumeRtiHasPmdEndpoints/#text: false {}
1777481649.369864 [0]     talker: config: Domain/Discovery/Tag/#text:  {}
1777481649.369893 [0]     talker: config: Domain/Discovery/ExternalDomainId/#text: 0 {}
1777481649.369922 [0]     talker: config: Domain/Discovery/DSGracePeriod/#text: 30 s {}
1777481649.369950 [0]     talker: config: Domain/Discovery/ParticipantIndex/#text: none {}
1777481649.369979 [0]     talker: config: Domain/Discovery/MaxAutoParticipantIndex/#text: 9 {}
1777481649.370007 [0]     talker: config: Domain/Discovery/SPDPMulticastAddress/#text: 239.255.0.1 {}
1777481649.370035 [0]     talker: config: Domain/Discovery/SPDPInterval/#text: 30 s {}
1777481649.370068 [0]     talker: config: Domain/Discovery/DefaultMulticastAddress/#text: auto {}
1777481649.370100 [0]     talker: config: Domain/Discovery/Ports/Base/#text: 7400 {}
1777481649.370132 [0]     talker: config: Domain/Discovery/Ports/DomainGain/#text: 250 {}
1777481649.370161 [0]     talker: config: Domain/Discovery/Ports/ParticipantGain/#text: 2 {}
1777481649.370190 [0]     talker: config: Domain/Discovery/Ports/MulticastMetaOffset/#text: 0 {}
1777481649.370239 [0]     talker: config: Domain/Discovery/Ports/UnicastMetaOffset/#text: 10 {}
1777481649.370314 [0]     talker: config: Domain/Discovery/Ports/MulticastDataOffset/#text: 1 {}
1777481649.370356 [0]     talker: config: Domain/Discovery/Ports/UnicastDataOffset/#text: 11 {}
1777481649.370386 [0]     talker: config: Domain/Discovery/LeaseDuration/#text: 10 s {}
1777481649.370445 [0]     talker: config: Domain/Tracing/Category/#text: trace {0}
1777481649.370476 [0]     talker: config: Domain/Tracing/OutputFile/#text: cyclonedds-%p.log {0}
1777481649.370517 [0]     talker: config: Domain/Tracing/AppendToFile/#text: false {}
1777481649.370558 [0]     talker: config: Domain/Tracing/PacketCaptureFile/#text:  {}
1777481649.370588 [0]     talker: config: Domain/Internal/DeliveryQueueMaxSamples/#text: 256 {}
1777481649.370616 [0]     talker: config: Domain/Internal/PrimaryReorderMaxSamples/#text: 128 {}
1777481649.370644 [0]     talker: config: Domain/Internal/SecondaryReorderMaxSamples/#text: 128 {}
1777481649.370672 [0]     talker: config: Domain/Internal/DefragUnreliableMaxSamples/#text: 4 {}
1777481649.370700 [0]     talker: config: Domain/Internal/DefragReliableMaxSamples/#text: 16 {}
1777481649.370728 [0]     talker: config: Domain/Internal/BuiltinEndpointSet/#text: writers {}
1777481649.370794 [0]     talker: config: Domain/Internal/MeasureHbToAckLatency/#text: false {}
1777481649.370824 [0]     talker: config: Domain/Internal/UnicastResponseToSPDPMessages/#text: true {}
1777481649.370852 [0]     talker: config: Domain/Internal/SynchronousDeliveryPriorityThreshold/#text: 0 {}
1777481649.370882 [0]     talker: config: Domain/Internal/SynchronousDeliveryLatencyBound/#text: inf {}
1777481649.370910 [0]     talker: config: Domain/Internal/MaxParticipants/#text: 0 {}
1777481649.370938 [0]     talker: config: Domain/Internal/AccelerateRexmitBlockSize/#text: 0 {}
1777481649.370966 [0]     talker: config: Domain/Internal/RetransmitMerging/#text: never {}
1777481649.370994 [0]     talker: config: Domain/Internal/RetransmitMergingPeriod/#text: 5 ms {}
1777481649.371022 [0]     talker: config: Domain/Internal/HeartbeatInterval/#text: 100 ms {}
1777481649.371064 [0]     talker: config: Domain/Internal/HeartbeatInterval[@min]: 5 ms {}
1777481649.371093 [0]     talker: config: Domain/Internal/HeartbeatInterval[@minsched]: 20 ms {}
1777481649.371122 [0]     talker: config: Domain/Internal/HeartbeatInterval[@max]: 8 s {}
1777481649.371164 [0]     talker: config: Domain/Internal/MaxQueuedRexmitBytes/#text: 512 KiB {}
1777481649.371193 [0]     talker: config: Domain/Internal/MaxQueuedRexmitMessages/#text: 200 {}
1777481649.371222 [0]     talker: config: Domain/Internal/WriterLingerDuration/#text: 1 s {}
1777481649.371264 [0]     talker: config: Domain/Internal/SocketReceiveBufferSize[@min]: default {}
1777481649.371293 [0]     talker: config: Domain/Internal/SocketReceiveBufferSize[@max]: default {}
1777481649.371322 [0]     talker: config: Domain/Internal/SocketSendBufferSize[@min]: 64 KiB {}
1777481649.371351 [0]     talker: config: Domain/Internal/SocketSendBufferSize[@max]: default {}
1777481649.371379 [0]     talker: config: Domain/Internal/NackDelay/#text: 100 ms {}
1777481649.371407 [0]     talker: config: Domain/Internal/AckDelay/#text: 10 ms {}
1777481649.371435 [0]     talker: config: Domain/Internal/AutoReschedNackDelay/#text: 1 s {}
1777481649.371463 [0]     talker: config: Domain/Internal/PreEmptiveAckDelay/#text: 10 ms {}
1777481649.371491 [0]     talker: config: Domain/Internal/ScheduleTimeRounding/#text: 0 s {}
1777481649.371519 [0]     talker: config: Domain/Internal/DDSI2DirectMaxThreads/#text: 1 {}
1777481649.371550 [0]     talker: config: Domain/Internal/SquashParticipants/#text: false {}
1777481649.371579 [0]     talker: config: Domain/Internal/SPDPResponseMaxDelay/#text: 0 s {}
1777481649.371618 [0]     talker: config: Domain/Internal/LateAckMode/#text: false {}
1777481649.371647 [0]     talker: config: Domain/Internal/RetryOnRejectBestEffort/#text: false {}
1777481649.371675 [0]     talker: config: Domain/Internal/GenerateKeyhash/#text: false {}
1777481649.371704 [0]     talker: config: Domain/Internal/MaxSampleSize/#text: 2147483647 B {}
1777481649.371732 [0]     talker: config: Domain/Internal/WriteBatch/#text: false {}
1777481649.371777 [0]     talker: config: Domain/Internal/LivelinessMonitoring/#text: false {}
1777481649.371806 [0]     talker: config: Domain/Internal/LivelinessMonitoring[@StackTraces]: true {}
1777481649.371835 [0]     talker: config: Domain/Internal/LivelinessMonitoring[@Interval]: 1 s {}
1777481649.371875 [0]     talker: config: Domain/Internal/MonitorPort/#text: -1 {}
1777481649.371903 [0]     talker: config: Domain/Internal/PrioritizeRetransmit/#text: true {}
1777481649.371932 [0]     talker: config: Domain/Internal/UseMulticastIfMreqn/#text: 0 {}
1777481649.371973 [0]     talker: config: Domain/Internal/RediscoveryBlacklistDuration/#text: 0 s {}
1777481649.372003 [0]     talker: config: Domain/Internal/RediscoveryBlacklistDuration[@enforce]: false {}
1777481649.372031 [0]     talker: config: Domain/Internal/MultipleReceiveThreads/#text: default {}
1777481649.372060 [0]     talker: config: Domain/Internal/MultipleReceiveThreads[@maxretries]: 4294967295 {}
1777481649.372090 [0]     talker: config: Domain/Internal/Test/XmitLossiness/#text: 0 {}
1777481649.372231 [0]     talker: config: Domain/Internal/Watermarks/WhcLow/#text: 1 KiB {}
1777481649.372287 [0]     talker: config: Domain/Internal/Watermarks/WhcHigh/#text: 500 KiB {}
1777481649.372318 [0]     talker: config: Domain/Internal/Watermarks/WhcHighInit/#text: 30 KiB {}
1777481649.372347 [0]     talker: config: Domain/Internal/Watermarks/WhcAdaptive/#text: true {}
1777481649.372376 [0]     talker: config: Domain/Internal/BurstSize/MaxRexmit/#text: 1 MiB {}
1777481649.372405 [0]     talker: config: Domain/Internal/BurstSize/MaxInitTransmit/#text: 4294967295 {}
1777481649.372433 [0]     talker: config: Domain/Internal/EnableExpensiveChecks/#text:  [ignored] {}
1777481649.372470 [0]     talker: config: Domain/TCP/NoDelay/#text: true {}
1777481649.372499 [0]     talker: config: Domain/TCP/Port/#text: -1 {}
1777481649.372526 [0]     talker: config: Domain/TCP/ReadTimeout/#text: 2 s {}
1777481649.372555 [0]     talker: config: Domain/TCP/WriteTimeout/#text: 2 s {}
1777481649.372628 [0]     talker: config: Domain/TCP/AlwaysUsePeeraddrForUnicast/#text: false {}
1777481649.372672 [0]     talker: config: Domain/SSL/Enable/#text: false {}
1777481649.372701 [0]     talker: config: Domain/SSL/CertificateVerification/#text: true {}
1777481649.372732 [0]     talker: config: Domain/SSL/VerifyClient/#text: true {}
1777481649.372765 [0]     talker: config: Domain/SSL/SelfSignedCertificates/#text: false {}
1777481649.372794 [0]     talker: config: Domain/SSL/KeystoreFile/#text: keystore {}
1777481649.372838 [0]     talker: config: Domain/SSL/KeyPassphrase/#text: secret {}
1777481649.372868 [0]     talker: config: Domain/SSL/Ciphers/#text: ALL:!ADH:!LOW:!EXP:!MD5:@STRENGTH {}
1777481649.372897 [0]     talker: config: Domain/SSL/EntropyFile/#text:  {}
1777481649.372942 [0]     talker: config: Domain/SSL/MinimumTLSVersion/#text: 1.3 {}
1777481649.372973 [0]     talker: config: Domain/SharedMemory/Enable/#text: false {}
1777481649.373002 [0]     talker: config: Domain/SharedMemory/Locator/#text:  {}
1777481649.373033 [0]     talker: config: Domain/SharedMemory/Prefix/#text: DDS_CYCLONE {}
1777481649.373066 [0]     talker: config: Domain/SharedMemory/LogLevel/#text: info {}
1777481649.373095 [0]     talker: config: Domain[@Id]: 0 {}
1777481649.373352 [0]     talker: started at 1777481649.06373136 -- 2026-04-29 16:54:09+00:00
1777481649.373394 [0]     talker: udp initialized
1777481649.374863 [0]     talker: interfaces: lo udp/127.0.0.1(q1) eth0 udp/192.168.50.95(q9) docker0 udp/172.17.0.1(q9)
1777481649.374949 [0]     talker: using network interface eth0 (udp/192.168.50.95) selected arbitrarily from: eth0, docker0
1777481649.375155 [0]     talker: selected interfaces: eth0 (index 3 priority 0)
1777481649.375185 [0]     talker: presumed robust multicast support, use for everything
1777481649.375256 [0]     talker: ownip: udp/192.168.50.95
1777481649.375374 [0]     talker: extmask: invalid/0 (not applicable)
1777481649.375413 [0]     talker: SPDP MC: udp/239.255.0.1
1777481649.375440 [0]     talker: default MC: udp/239.255.0.1
1777481649.375466 [0]     talker: SSM support included
1777481649.375742 [0]     talker: failed to increase socket receive buffer size to 1048576 bytes, continuing with 425984 bytes
1777481649.375863 [0]     talker: ddsi_udp_create_conn unicast socket 5 port 59056
1777481649.375894 [0]     talker: rtps_init: uc ports: disc 0 data 0
1777481649.375920 [0]     talker: rtps_init: domainid 0 participantid -2
1777481649.375988 [0]     talker: Unicast Ports: discovery 59056 data 59056
1777481649.376064 [0]     talker: failed to increase socket receive buffer size to 1048576 bytes, continuing with 425984 bytes
1777481649.376116 [0]     talker: ddsi_udp_create_conn multicast socket 6 port 7400
1777481649.376182 [0]     talker: failed to increase socket receive buffer size to 1048576 bytes, continuing with 425984 bytes
1777481649.376266 [0]     talker: ddsi_udp_create_conn multicast socket 7 port 7401
1777481649.376298 [0]     talker: Multicast Ports: discovery 7400 data 7401 
1777481649.376355 [0]     talker: failed to increase socket receive buffer size to 1048576 bytes, continuing with 425984 bytes
1777481649.376512 [0]     talker: ddsi_udp_create_conn transmit(uc/mc) socket 8 port 60698
1777481649.376543 [0]     talker: interface eth0: transmit port 60698
1777481649.376606 [0]     talker: join conn 0xaaaaf5bd6800 for (udp/239.255.0.1, *) interface udp/192.168.50.95
1777481649.376692 [0]     talker: join conn 0xaaaaf5bd6880 for (udp/239.255.0.1, *) interface udp/192.168.50.95
1777481649.376732 [0]     talker: join conn 0xaaaaf5bd6800 for (udp/239.255.0.1, *) interface (default): already joined
1777481649.376761 [0]     talker: join conn 0xaaaaf5bd6880 for (udp/239.255.0.1, *) interface (default): already joined
1777481649.376927 [0]     talker: new_local_orphan_writer(DCPSParticipant/org::eclipse::cyclonedds::builtin::DCPSParticipant)
1777481649.377095 [0]     talker: WRITER 0:0:0:100c2 QOS={user_data=0<>,topic_name="DCPSParticipant",type_name="org::eclipse::cyclonedds::builtin::DCPSParticipant",topic_data=0<>,group_data=0<>,durability=1,durability_service=0:0:1:-1:-1:-1,deadline=9223372036854775807,latency_budget=0,liveliness=0:9223372036854775807,reliability=1:100000000,lifespan=9223372036854775807,destination_order=0,history=0:1,resource_limits=-1:-1:-1,ownership=0,ownership_strength=0,presentation=1:0:0,partition={"__BUILT-IN PARTITION__"},transport_priority=0,data_representation=1(0),adlink_writer_data_lifecycle=1}
1777481649.377149 [0]     talker: match_writer_with_readers(wr 0:0:0:100c2) scanning all rds of topic DCPSParticipant
1777481649.377185 [0]     talker: new_local_orphan_writer(DCPSPublication/org::eclipse::cyclonedds::builtin::DCPSPublication)
1777481649.377294 [0]     talker: WRITER 0:0:0:3c2 QOS={user_data=0<>,topic_name="DCPSPublication",type_name="org::eclipse::cyclonedds::builtin::DCPSPublication",topic_data=0<>,group_data=0<>,durability=1,durability_service=0:0:1:-1:-1:-1,deadline=9223372036854775807,latency_budget=0,liveliness=0:9223372036854775807,reliability=1:100000000,lifespan=9223372036854775807,destination_order=0,history=0:1,resource_limits=-1:-1:-1,ownership=0,ownership_strength=0,presentation=1:0:0,partition={"__BUILT-IN PARTITION__"},transport_priority=0,data_representation=1(0),adlink_writer_data_lifecycle=1}
1777481649.377329 [0]     talker: match_writer_with_readers(wr 0:0:0:3c2) scanning all rds of topic DCPSPublication
1777481649.377357 [0]     talker: new_local_orphan_writer(DCPSSubscription/org::eclipse::cyclonedds::builtin::DCPSSubscription)
1777481649.377490 [0]     talker: WRITER 0:0:0:4c2 QOS={user_data=0<>,topic_name="DCPSSubscription",type_name="org::eclipse::cyclonedds::builtin::DCPSSubscription",topic_data=0<>,group_data=0<>,durability=1,durability_service=0:0:1:-1:-1:-1,deadline=9223372036854775807,latency_budget=0,liveliness=0:9223372036854775807,reliability=1:100000000,lifespan=9223372036854775807,destination_order=0,history=0:1,resource_limits=-1:-1:-1,ownership=0,ownership_strength=0,presentation=1:0:0,partition={"__BUILT-IN PARTITION__"},transport_priority=0,data_representation=1(0),adlink_writer_data_lifecycle=1}
1777481649.377529 [0]     talker: match_writer_with_readers(wr 0:0:0:4c2) scanning all rds of topic DCPSSubscription
1777481649.377640 [0]     talker: create_thread: gc: class 0 priority 0 stack 0
1777481649.377878 [0]     talker: create_thread: dq.builtins: class 0 priority 0 stack 0
1777481649.378161 [0]     talker: create_thread: dq.user: class 0 priority 0 stack 0
1777481649.378171 [0]         gc: started new thread 332: gc
1777481649.378592 [0] dq.builtin: started new thread 333: dq.builtins
1777481649.378595 [0]     talker: create_thread: tev: class 0 priority 0 stack 0
1777481649.378719 [0]    dq.user: started new thread 334: dq.user
1777481649.379051 [0]         gc: thread_cputime 0.000352000
1777481649.379060 [0] dq.builtin: thread_cputime 0.000388000
1777481649.379137 [0]     talker: create_thread: recv: class 0 priority 0 stack 0
1777481649.379074 [0]        tev: started new thread 335: tev
1777481649.379464 [0]     talker: create_thread: recvMC: class 0 priority 0 stack 0
1777481649.379519 [0]       recv: started new thread 336: recv
1777481649.380029 [0]        tev: thread_cputime 0.000000000
1777481649.380071 [0]     recvMC: started new thread 337: recvMC
1777481649.380032 [0]     talker: create_thread: recvUC: class 0 priority 0 stack 0
1777481649.380425 [0]       recv: thread_cputime 0.000000000
1777481649.380495 [0]     talker: new_participant(110ce4e:83e26d0:2ed73607:1c1, 0)
1777481649.380496 [0]    dq.user: thread_cputime 0.000000000
1777481649.380497 [0]     recvUC: started new thread 338: recvUC
1777481649.380554 [0]     recvUC: thread_cputime 0.000000000
1777481649.380581 [0]     recvMC: thread_cputime 0.000000000
1777481649.380746 [0]     talker: PARTICIPANT 110ce4e:83e26d0:2ed73607:1c1 QOS={user_data=10<"enclave=/;">,liveliness=0:10000000000,adlink_entity_factory=0}
1777481649.380762 [0]         gc: gc 0xaaaaf5bdfcf0: not yet, shortsleep
1777481649.380856 [0]     talker: new_writer(guid 110ce4e:83e26d0:2ed73607:100c2, (null).DCPSParticipant/ParticipantBuiltinTopicData)
1777481649.380898 [0]     talker: ref_participant(110ce4e:83e26d0:2ed73607:1c1 @ 0xaaaaf5bdf510 <- 110ce4e:83e26d0:2ed73607:100c2 @ 0xaaaaf5be2684) user 1 builtin 1
1777481649.380982 [0]     talker: WRITER 110ce4e:83e26d0:2ed73607:100c2 QOS={user_data=0<>,topic_name="DCPSParticipant",type_name="ParticipantBuiltinTopicData",topic_data=0<>,group_data=0<>,durability=1,durability_service=0:0:1:-1:-1:-1,deadline=9223372036854775807,latency_budget=0,liveliness=0:9223372036854775807,reliability=0:0,lifespan=9223372036854775807,destination_order=0,history=0:1,resource_limits=-1:-1:-1,ownership=0,ownership_strength=0,presentation=0:0:0,partition={},time_based_filter=0,transport_priority=0,type_consistency_enforcement=1:11000,data_representation=1(0),adlink_reader_lifespan=0:9223372036854775807,adlink_writer_data_lifecycle=1,adlink_reader_data_lifecycle=9223372036854775807:9223372036854775807,adlink_subscription_keys=0:{}}
1777481649.381025 [0]     talker: match_writer_with_proxy_readers(wr 110ce4e:83e26d0:2ed73607:100c2) scanning proxy participants tgt=0
1777481649.381070 [0]     talker: new_writer(guid 110ce4e:83e26d0:2ed73607:4c2, (null).DCPSSubscription/SubscriptionBuiltinTopicData)
1777481649.381114 [0]     talker: ref_participant(110ce4e:83e26d0:2ed73607:1c1 @ 0xaaaaf5bdf510 <- 110ce4e:83e26d0:2ed73607:4c2 @ 0xaaaaf5be2ec4) user 1 builtin 2
1777481649.381193 [0]     talker: WRITER 110ce4e:83e26d0:2ed73607:4c2 QOS={user_data=0<>,topic_name="DCPSSubscription",type_name="SubscriptionBuiltinTopicData",topic_data=0<>,group_data=0<>,durability=1,durability_service=0:0:1:-1:-1:-1,deadline=9223372036854775807,latency_budget=0,liveliness=0:9223372036854775807,reliability=1:100000000,lifespan=9223372036854775807,destination_order=0,history=0:1,resource_limits=-1:-1:-1,ownership=0,ownership_strength=0,presentation=0:0:0,partition={},transport_priority=0,data_representation=1(0),adlink_writer_data_lifecycle=1}
1777481649.381229 [0]     talker: match_writer_with_proxy_readers(wr 110ce4e:83e26d0:2ed73607:4c2) scanning proxy participants tgt=4c7
1777481649.381265 [0]     talker: new_writer(guid 110ce4e:83e26d0:2ed73607:3c2, (null).DCPSPublication/PublicationBuiltinTopicData)
1777481649.381317 [0]     talker: ref_participant(110ce4e:83e26d0:2ed73607:1c1 @ 0xaaaaf5bdf510 <- 110ce4e:83e26d0:2ed73607:3c2 @ 0xaaaaf5be3714) user 1 builtin 3
1777481649.381409 [0]     talker: WRITER 110ce4e:83e26d0:2ed73607:3c2 QOS={user_data=0<>,topic_name="DCPSPublication",type_name="PublicationBuiltinTopicData",topic_data=0<>,group_data=0<>,durability=1,durability_service=0:0:1:-1:-1:-1,deadline=9223372036854775807,latency_budget=0,liveliness=0:9223372036854775807,reliability=1:100000000,lifespan=9223372036854775807,destination_order=0,history=0:1,resource_limits=-1:-1:-1,ownership=0,ownership_strength=0,presentation=0:0:0,partition={},transport_priority=0,data_representation=1(0),adlink_writer_data_lifecycle=1}
1777481649.381446 [0]     talker: match_writer_with_proxy_readers(wr 110ce4e:83e26d0:2ed73607:3c2) scanning proxy participants tgt=3c7
1777481649.381478 [0]     talker: new_writer(guid 110ce4e:83e26d0:2ed73607:200c2, (null).DCPSParticipantMessage/ParticipantMessageData)
1777481649.381554 [0]     talker: ref_participant(110ce4e:83e26d0:2ed73607:1c1 @ 0xaaaaf5bdf510 <- 110ce4e:83e26d0:2ed73607:200c2 @ 0xaaaaf5be3fc4) user 1 builtin 4
1777481649.381623 [0]     talker: WRITER 110ce4e:83e26d0:2ed73607:200c2 QOS={user_data=0<>,topic_name="DCPSParticipantMessage",type_name="ParticipantMessageData",topic_data=0<>,group_data=0<>,durability=1,durability_service=0:0:1:-1:-1:-1,deadline=9223372036854775807,latency_budget=0,liveliness=0:9223372036854775807,reliability=1:100000000,lifespan=9223372036854775807,destination_order=0,history=0:1,resource_limits=-1:-1:-1,ownership=0,ownership_strength=0,presentation=0:0:0,partition={},transport_priority=0,data_representation=1(0),adlink_writer_data_lifecycle=1}
1777481649.381657 [0]     talker: match_writer_with_proxy_readers(wr 110ce4e:83e26d0:2ed73607:200c2) scanning proxy participants tgt=200c7
1777481649.381688 [0]     talker: new_reader(guid 110ce4e:83e26d0:2ed73607:100c7, (null).DCPSParticipant/ParticipantBuiltinTopicData)
1777481649.381720 [0]     talker: ref_participant(110ce4e:83e26d0:2ed73607:1c1 @ 0xaaaaf5bdf510 <- 110ce4e:83e26d0:2ed73607:100c7 @ 0xaaaaf5be4574) user 1 builtin 5
1777481649.381799 [0]     talker: READER 110ce4e:83e26d0:2ed73607:100c7 QOS={user_data=0<>,topic_name="DCPSParticipant",type_name="ParticipantBuiltinTopicData",topic_data=0<>,group_data=0<>,durability=1,durability_service=0:0:1:-1:-1:-1,deadline=9223372036854775807,latency_budget=0,liveliness=0:9223372036854775807,reliability=0:0,lifespan=9223372036854775807,destination_order=0,history=0:1,resource_limits=-1:-1:-1,ownership=0,ownership_strength=0,presentation=0:0:0,partition={},time_based_filter=0,transport_priority=0,type_consistency_enforcement=1:11000,data_representation=1(0),adlink_reader_lifespan=0:9223372036854775807,adlink_writer_data_lifecycle=1,adlink_reader_data_lifecycle=9223372036854775807:9223372036854775807,adlink_subscription_keys=0:{}}
1777481649.381841 [0]     talker: match_reader_with_proxy_writers(rd 110ce4e:83e26d0:2ed73607:100c7) scanning proxy participants tgt=0
1777481649.381873 [0]     talker: new_reader(guid 110ce4e:83e26d0:2ed73607:4c7, (null).DCPSSubscription/SubscriptionBuiltinTopicData)
1777481649.381910 [0]     talker: ref_participant(110ce4e:83e26d0:2ed73607:1c1 @ 0xaaaaf5bdf510 <- 110ce4e:83e26d0:2ed73607:4c7 @ 0xaaaaf5be48f4) user 1 builtin 6
1777481649.382013 [0]     talker: READER 110ce4e:83e26d0:2ed73607:4c7 QOS={user_data=0<>,topic_name="DCPSSubscription",type_name="SubscriptionBuiltinTopicData",topic_data=0<>,group_data=0<>,durability=1,deadline=9223372036854775807,latency_budget=0,liveliness=0:9223372036854775807,reliability=1:100000000,destination_order=0,history=0:1,resource_limits=-1:-1:-1,ownership=0,presentation=0:0:0,partition={},time_based_filter=0,transport_priority=0,type_consistency_enforcement=1:11000,data_representation=1(0),adlink_reader_lifespan=0:9223372036854775807,adlink_reader_data_lifecycle=9223372036854775807:9223372036854775807,adlink_subscription_keys=0:{}}
1777481649.382050 [0]     talker: match_reader_with_proxy_writers(rd 110ce4e:83e26d0:2ed73607:4c7) scanning proxy participants tgt=4c2
1777481649.382081 [0]     talker: new_reader(guid 110ce4e:83e26d0:2ed73607:3c7, (null).DCPSPublication/PublicationBuiltinTopicData)
1777481649.382116 [0]     talker: ref_participant(110ce4e:83e26d0:2ed73607:1c1 @ 0xaaaaf5bdf510 <- 110ce4e:83e26d0:2ed73607:3c7 @ 0xaaaaf5be4c74) user 1 builtin 7
1777481649.382209 [0]     talker: READER 110ce4e:83e26d0:2ed73607:3c7 QOS={user_data=0<>,topic_name="DCPSPublication",type_name="PublicationBuiltinTopicData",topic_data=0<>,group_data=0<>,durability=1,deadline=9223372036854775807,latency_budget=0,liveliness=0:9223372036854775807,reliability=1:100000000,destination_order=0,history=0:1,resource_limits=-1:-1:-1,ownership=0,presentation=0:0:0,partition={},time_based_filter=0,transport_priority=0,type_consistency_enforcement=1:11000,data_representation=1(0),adlink_reader_lifespan=0:9223372036854775807,adlink_reader_data_lifecycle=9223372036854775807:9223372036854775807,adlink_subscription_keys=0:{}}
1777481649.382318 [0]     talker: match_reader_with_proxy_writers(rd 110ce4e:83e26d0:2ed73607:3c7) scanning proxy participants tgt=3c2
1777481649.382366 [0]     talker: new_reader(guid 110ce4e:83e26d0:2ed73607:200c7, (null).DCPSParticipantMessage/ParticipantMessageData)
1777481649.382413 [0]     talker: ref_participant(110ce4e:83e26d0:2ed73607:1c1 @ 0xaaaaf5bdf510 <- 110ce4e:83e26d0:2ed73607:200c7 @ 0xaaaaf5be4ff4) user 1 builtin 8
1777481649.382487 [0]     talker: READER 110ce4e:83e26d0:2ed73607:200c7 QOS={user_data=0<>,topic_name="DCPSParticipantMessage",type_name="ParticipantMessageData",topic_data=0<>,group_data=0<>,durability=1,deadline=9223372036854775807,latency_budget=0,liveliness=0:9223372036854775807,reliability=1:100000000,destination_order=0,history=0:1,resource_limits=-1:-1:-1,ownership=0,presentation=0:0:0,partition={},time_based_filter=0,transport_priority=0,type_consistency_enforcement=1:11000,data_representation=1(0),adlink_reader_lifespan=0:9223372036854775807,adlink_reader_data_lifecycle=9223372036854775807:9223372036854775807,adlink_subscription_keys=0:{}}
1777481649.382521 [0]     talker: match_reader_with_proxy_writers(rd 110ce4e:83e26d0:2ed73607:200c7) scanning proxy participants tgt=200c2
1777481649.382572 [0]     talker: write_sample 0:0:0:100c2 #1: ST0 DCPSParticipant/org::eclipse::cyclonedds::builtin::DCPSParticipant:(blob)
1777481649.382623 [0]     talker:  => EVERYONE
1777481649.382655 [0]     talker: spdp_write(110ce4e:83e26d0:2ed73607:1c1)
1777481649.382699 [0]     talker: spdp_write(110ce4e:83e26d0:2ed73607:1c1) - internals: ubuntu/0.9.1/Linux/Linux
1777481649.382865 [0]     talker: write_sample 110ce4e:83e26d0:2ed73607:100c2 #1: ST0 DCPSParticipant/ParticipantBuiltinTopicData:{user_data=10<"enclave=/;">,protocol_version=2:1,vendorid=1:16,participant_lease_duration=10000000000,participant_guid={110ce4e:83e26d0:2ed73607:1c1},builtin_endpoint_set=3135,domain_id=0,default_unicast_locator={udp/192.168.50.95:59056},default_multicast_locator={udp/239.255.0.1:7401},metatraffic_unicast_locator={udp/192.168.50.95:59056},metatraffic_multicast_locator={udp/239.255.0.1:7400},adlink_participant_version_info=0:44:0:0:0:"ubuntu/0.9.1/Linux/Linux",cyclone_receive_buffer_size=425984}
1777481649.382944 [0]     talker: non-timed queue now has 1 items
1777481649.383082 [0]     talker: dds_create_topic_generic (pp 0xaaaaf5be5e60 110ce4e:83e26d0:2ed73607:1c1 sertype 0xaaaaf5bdd110 reg?yes refc 2 DCPSParticipant/org::eclipse::cyclonedds::builtin::DCPSParticipant)
1777481649.383093 [0]         gc: gc 0xaaaaf5bdfcf0: deleting
1777481649.383132 [0]     talker: lookup_and_check_ktopic_may_unlock_pp: no such ktopic
1777481649.383242 [0]     talker: create_and_lock_ktopic: ktp 0xaaaaf5bdfcf0
1777481649.383281 [0]     talker: dds_create_topic_generic: reuse sertype 0xaaaaf5bdd110
1777481649.383298 [0]        tev: write_sample 110ce4e:83e26d0:2ed73607:200c2 #1: ST0 DCPSParticipantMessage/ParticipantMessageData:{110ce4e:83e26d0:2ed73607:1}:1<0>
1777481649.383314 [0]     talker: dds_create_topic_generic: new topic 179386760
1777481649.383375 [0]        tev: resched pmd(110ce4e:83e26d0:2ed73607:1c1): 8s
1777481649.383440 [0]     talker: new_reader(guid 110ce4e:83e26d0:2ed73607:107, __BUILT-IN PARTITION__.DCPSParticipant/org::eclipse::cyclonedds::builtin::DCPSParticipant)
1777481649.383489 [0]        tev: xpack_addmsg 0xffffa4001390 0xaaaaf5be5580 0(data(0:0:0:0:#0/1)): niov 0 sz 0 => now niov 3 sz 324
1777481649.383505 [0]     talker: ref_participant(110ce4e:83e26d0:2ed73607:1c1 @ 0xaaaaf5bdf510 <- 110ce4e:83e26d0:2ed73607:107 @ 0xaaaaf5be6834) user 2 builtin 8
1777481649.383627 [0]     talker: READER 110ce4e:83e26d0:2ed73607:107 QOS={user_data=0<>,topic_name="DCPSParticipant",type_name="org::eclipse::cyclonedds::builtin::DCPSParticipant",topic_data=0<>,group_data=0<>,durability=1,durability_service=0:0:1:-1:-1:-1,deadline=9223372036854775807,latency_budget=0,liveliness=0:9223372036854775807,reliability=1:100000000,lifespan=9223372036854775807,destination_order=0,history=0:1,resource_limits=-1:-1:-1,ownership=0,presentation=1:0:0,partition={"__BUILT-IN PARTITION__"},time_based_filter=0,transport_priority=0,type_consistency_enforcement=1:11000,data_representation=1(0),adlink_entity_factory=1,adlink_reader_lifespan=0:9223372036854775807,adlink_reader_data_lifecycle=9223372036854775807:9223372036854775807,adlink_subscription_keys=0:{}}
1777481649.383701 [0]     talker: write_sample 0:0:0:4c2 #1: ST0 DCPSSubscription/org::eclipse::cyclonedds::builtin::DCPSSubscription:(blob)
1777481649.383729 [0]     talker:  => EVERYONE
1777481649.383745 [0]       recv: HDR(110ce4e:83e26d0:2ed73607 vendor 1.16) len 324 from udp/192.168.50.95:60698
1777481649.383765 [0]     talker: match_reader_with_proxy_writers(rd 110ce4e:83e26d0:2ed73607:107) scanning all pwrs of topic DCPSParticipant
1777481649.383851 [0]       recv: INFOTS(1777481649.382771377)
1777481649.383886 [0]     talker: match_reader_with_writers(rd 110ce4e:83e26d0:2ed73607:107) scanning all wrs of topic DCPSParticipant
1777481649.383932 [0]     talker:   reader_add_local_connection(wr 0:0:0:100c2 rd 110ce4e:83e26d0:2ed73607:107)
1777481649.383811 [0]        tev: nn_xpack_send 324: 0xffffa400139c:20 0xaaaaf5be5ca8:36 0xaaaaf5be5864:268 [ udp/239.255.0.1:7400@3 ]
1777481649.384018 [0]        tev: traffic-xmit (1) 324
1777481649.383998 [0]     talker:   writer_add_local_connection(wr 0:0:0:100c2 rd 110ce4e:83e26d0:2ed73607:107)
1777481649.383986 [0]       recv: DATA(110ce4e:83e26d0:2ed73607:100c2 -> 0:0:0:0 #1)
1777481649.384161 [0]     talker: dds_create_topic_generic (pp 0xaaaaf5be5e60 110ce4e:83e26d0:2ed73607:1c1 sertype 0xaaaaf5bdd1b0 reg?yes refc 2 DCPSSubscription/org::eclipse::cyclonedds::builtin::DCPSSubscription)
1777481649.384147 [0] dq.builtin: data(builtin, vendor 1.16): 0:0:0:0 #1: ST0 /ParticipantBuiltinTopicData:{user_data=10<"enclave=/;">,protocol_version=2:1,vendorid=1:16,participant_lease_duration=10000000000,participant_guid={110ce4e:83e26d0:2ed73607:1c1},builtin_endpoint_set=3135,domain_id=0,default_unicast_locator={udp/192.168.50.95:59056},default_multicast_locator={udp/239.255.0.1:7401},metatraffic_unicast_locator={udp/192.168.50.95:59056},metatraffic_multicast_locator={udp/239.255.0.1:7400},adlink_participant_version_info=0:44:0:0:0:"ubuntu/0.9.1/Linux/Linux",cyclone_receive_buffer_size=425984}
1777481649.384205 [0]     talker: lookup_and_check_ktopic_may_unlock_pp: no such ktopic
1777481649.384305 [0]     talker: create_and_lock_ktopic: ktp 0xaaaaf5be7320
1777481649.384339 [0]     talker: dds_create_topic_generic: reuse sertype 0xaaaaf5bdd1b0
1777481649.384270 [0] dq.builtin: SPDP ST0 110ce4e:83e26d0:2ed73607:1c1 (local)
1777481649.384377 [0]     talker: dds_create_topic_generic: new topic 323569182
1777481649.384431 [0]     recvUC: HDR(110cfe5:7645227d:5dd75df7 vendor 1.16) len 340 from udp/192.168.50.95:47636
1777481649.384456 [0]     talker: new_reader(guid 110ce4e:83e26d0:2ed73607:207, __BUILT-IN PARTITION__.DCPSSubscription/org::eclipse::cyclonedds::builtin::DCPSSubscription)
1777481649.384518 [0]     recvUC: INFODST(110ce4e:83e26d0:2ed73607)
1777481649.384579 [0]     talker: ref_participant(110ce4e:83e26d0:2ed73607:1c1 @ 0xaaaaf5bdf510 <- 110ce4e:83e26d0:2ed73607:207 @ 0xaaaaf5be7bb4) user 3 builtin 8
1777481649.384584 [0]     recvUC: INFOTS(1777480921.718474635)
1777481649.384702 [0]     recvUC: DATA(110cfe5:7645227d:5dd75df7:100c2 -> 110ce4e:83e26d0:2ed73607:100c7 #1)
1777481649.384720 [0]     talker: READER 110ce4e:83e26d0:2ed73607:207 QOS={user_data=0<>,topic_name="DCPSSubscription",type_name="org::eclipse::cyclonedds::builtin::DCPSSubscription",topic_data=0<>,group_data=0<>,durability=1,durability_service=0:0:1:-1:-1:-1,deadline=9223372036854775807,latency_budget=0,liveliness=0:9223372036854775807,reliability=1:100000000,lifespan=9223372036854775807,destination_order=0,history=0:1,resource_limits=-1:-1:-1,ownership=0,presentation=1:0:0,partition={"__BUILT-IN PARTITION__"},time_based_filter=0,transport_priority=0,type_consistency_enforcement=1:11000,data_representation=1(0),adlink_entity_factory=1,adlink_reader_lifespan=0:9223372036854775807,adlink_reader_data_lifecycle=9223372036854775807:9223372036854775807,adlink_subscription_keys=0:{}}
1777481649.384760 [0] dq.builtin: data(builtin, vendor 1.16): 0:0:0:0 #1: ST0 /ParticipantBuiltinTopicData:{user_data=10<"enclave=/;">,protocol_version=2:1,vendorid=1:16,participant_lease_duration=10000000000,participant_guid={110cfe5:7645227d:5dd75df7:1c1},builtin_endpoint_set=3135,domain_id=0,default_unicast_locator={udp/192.168.50.95:42984},default_multicast_locator={udp/239.255.0.1:7401},metatraffic_unicast_locator={udp/192.168.50.95:42984},metatraffic_multicast_locator={udp/239.255.0.1:7400},adlink_participant_version_info=0:44:0:0:0:"ubuntu/0.9.1/Linux/Linux",cyclone_receive_buffer_size=425984}
1777481649.384818 [0]     talker: write_sample 0:0:0:4c2 #2: ST0 DCPSSubscription/org::eclipse::cyclonedds::builtin::DCPSSubscription:(blob)
1777481649.384889 [0]     talker:  => EVERYONE
1777481649.384923 [0]     talker: match_reader_with_proxy_writers(rd 110ce4e:83e26d0:2ed73607:207) scanning all pwrs of topic DCPSSubscription
1777481649.384959 [0]     talker: match_reader_with_writers(rd 110ce4e:83e26d0:2ed73607:207) scanning all wrs of topic DCPSSubscription
1777481649.384927 [0] dq.builtin: SPDP ST0 110cfe5:7645227d:5dd75df7:1c1 bes c3f NEW (0x00000000-0x0000002c-0x00000000-0x00000000-0x00000000 ubuntu/0.9.1/Linux/Linux) (data udp/239.255.0.1:7401@3 udp/192.168.50.95:42984@3 meta udp/239.255.0.1:7400@3 udp/192.168.50.95:42984@3) QOS={user_data=10<"enclave=/;">}
1777481649.384997 [0]     talker:   reader_add_local_connection(wr 0:0:0:4c2 rd 110ce4e:83e26d0:2ed73607:207)
1777481649.385057 [0]     talker:   writer_add_local_connection(wr 0:0:0:4c2 rd 110ce4e:83e26d0:2ed73607:207)
1777481649.385064 [0] dq.builtin: lease_new(tdur 10000000000 guid 110cfe5:7645227d:5dd75df7:1c1) @ 0xffffac001b60
1777481649.385145 [0] dq.builtin: lease_new(tdur 10000000000 guid 110cfe5:7645227d:5dd75df7:1c1) @ 0xffffac001be0
1777481649.385112 [0]     talker: dds_create_topic_generic (pp 0xaaaaf5be5e60 110ce4e:83e26d0:2ed73607:1c1 sertype 0xaaaaf5bdd250 reg?yes refc 2 DCPSPublication/org::eclipse::cyclonedds::builtin::DCPSPublication)
1777481649.385221 [0]     talker: lookup_and_check_ktopic_may_unlock_pp: no such ktopic
1777481649.385251 [0]     talker: create_and_lock_ktopic: ktp 0xaaaaf5be8ee0
1777481649.385269 [0]     recvUC: HDR(110cfe5:7645227d:5dd75df7 vendor 1.16) len 132 from udp/192.168.50.95:47636
1777481649.385321 [0]     recvUC: INFODST(110ce4e:83e26d0:2ed73607)
1777481649.385286 [0]     talker: dds_create_topic_generic: reuse sertype 0xaaaaf5bdd250
1777481649.385378 [0]     recvUC: HEARTBEAT(#3:1..3 110cfe5:7645227d:5dd75df7:3c2? -> 110ce4e:83e26d0:2ed73607:0)
1777481649.385411 [0]     talker: dds_create_topic_generic: new topic 756097441
1777481649.385474 [0]     talker: new_reader(guid 110ce4e:83e26d0:2ed73607:307, __BUILT-IN PARTITION__.DCPSPublication/org::eclipse::cyclonedds::builtin::DCPSPublication)
1777481649.385524 [0]     talker: ref_participant(110ce4e:83e26d0:2ed73607:1c1 @ 0xaaaaf5bdf510 <- 110ce4e:83e26d0:2ed73607:307 @ 0xaaaaf5be9774) user 4 builtin 8
1777481649.385418 [0]     recvUC: HEARTBEAT(#3:1..1 110cfe5:7645227d:5dd75df7:4c2? -> 110ce4e:83e26d0:2ed73607:0)
1777481649.385259 [0] dq.builtin: match_proxy_reader_with_writers(prd 110cfe5:7645227d:5dd75df7:100c7) scanning participants tgt=0
1777481649.385658 [0]     recvUC: HEARTBEAT(#3:91..91 110cfe5:7645227d:5dd75df7:200c2? -> 110ce4e:83e26d0:2ed73607:0)
1777481649.385664 [0]     talker: READER 110ce4e:83e26d0:2ed73607:307 QOS={user_data=0<>,topic_name="DCPSPublication",type_name="org::eclipse::cyclonedds::builtin::DCPSPublication",topic_data=0<>,group_data=0<>,durability=1,durability_service=0:0:1:-1:-1:-1,deadline=9223372036854775807,latency_budget=0,liveliness=0:9223372036854775807,reliability=1:100000000,lifespan=9223372036854775807,destination_order=0,history=0:1,resource_limits=-1:-1:-1,ownership=0,presentation=1:0:0,partition={"__BUILT-IN PARTITION__"},time_based_filter=0,transport_priority=0,type_consistency_enforcement=1:11000,data_representation=1(0),adlink_entity_factory=1,adlink_reader_lifespan=0:9223372036854775807,adlink_reader_data_lifecycle=9223372036854775807:9223372036854775807,adlink_subscription_keys=0:{}}
1777481649.385761 [0] dq.builtin: match_proxy_writer_with_readers(pwr 110cfe5:7645227d:5dd75df7:3c2) scanning participants tgt=3c7
1777481649.385820 [0]     talker: write_sample 0:0:0:4c2 #3: ST0 DCPSSubscription/org::eclipse::cyclonedds::builtin::DCPSSubscription:(blob)
1777481649.385960 [0]     talker:  => EVERYONE
1777481649.385908 [0] dq.builtin:   reader 110ce4e:83e26d0:2ed73607:3c7 init_acknack_count = 1
1777481649.386065 [0] dq.builtin:   reader_add_connection(pwr 110cfe5:7645227d:5dd75df7:3c2 rd 110ce4e:83e26d0:2ed73607:3c7)
1777481649.386015 [0]     talker: match_reader_with_proxy_writers(rd 110ce4e:83e26d0:2ed73607:307) scanning all pwrs of topic DCPSPublication
1777481649.386160 [0]     talker: match_reader_with_writers(rd 110ce4e:83e26d0:2ed73607:307) scanning all wrs of topic DCPSPublication
1777481649.386202 [0]     talker:   reader_add_local_connection(wr 0:0:0:3c2 rd 110ce4e:83e26d0:2ed73607:307)
1777481649.386132 [0] dq.builtin:   proxy_writer_add_connection(pwr 110cfe5:7645227d:5dd75df7:3c2 rd 110ce4e:83e26d0:2ed73607:3c7) - out-of-sync
1777481649.386248 [0]     talker:   writer_add_local_connection(wr 0:0:0:3c2 rd 110ce4e:83e26d0:2ed73607:307)
1777481649.386395 [0] dq.builtin: match_proxy_reader_with_writers(prd 110cfe5:7645227d:5dd75df7:3c7) scanning participants tgt=3c2
1777481649.386491 [0] dq.builtin:   proxy_reader_add_connection(wr 110ce4e:83e26d0:2ed73607:3c2 prd 110cfe5:7645227d:5dd75df7:3c7)
1777481649.386531 [0] dq.builtin:   writer_add_connection(wr 110ce4e:83e26d0:2ed73607:3c2 prd 110cfe5:7645227d:5dd75df7:3c7) - ack seq 0
1777481649.386648 [0] dq.builtin: setcover: all_addrs udp/239.255.0.1:7400@3 udp/192.168.50.95:42984@3
1777481649.386687 [0] dq.builtin: reduced nlocs=2
1777481649.386719 [0] dq.builtin: nloopback = 0, nlocs = 2, redundant_networking = 0
1777481649.386755 [0] dq.builtin: rdidx 0 lidx udp/192.168.50.95:42984@3 0 -> 0
1777481649.386787 [0] dq.builtin: rdidx 0 lidx udp/239.255.0.1:7400@3 1 -> 8
1777481649.386816 [0] dq.builtin:                                                                   a
1777481649.386850 [0] dq.builtin:   loc  0 = udp/192.168.50.95:42984@3                         1 { +u  }
1777481649.386881 [0] dq.builtin:   loc  1 = udp/239.255.0.1:7400@3                            2 { +1  }
1777481649.386905 [0] dq.builtin:   best = 0
1777481649.386940 [0] dq.builtin:   simple udp/192.168.50.95:42984@3
1777481649.386976 [0] dq.builtin: rebuild_writer_addrset(110ce4e:83e26d0:2ed73607:3c2): udp/192.168.50.95:42984@3 (burst size 4294901760 rexmit 283990)
1777481649.387030 [0] dq.builtin: match_proxy_writer_with_readers(pwr 110cfe5:7645227d:5dd75df7:4c2) scanning participants tgt=4c7
1777481649.387061 [0] dq.builtin:   reader 110ce4e:83e26d0:2ed73607:4c7 init_acknack_count = 1
1777481649.387088 [0] dq.builtin:   reader_add_connection(pwr 110cfe5:7645227d:5dd75df7:4c2 rd 110ce4e:83e26d0:2ed73607:4c7)
1777481649.387119 [0] dq.builtin:   proxy_writer_add_connection(pwr 110cfe5:7645227d:5dd75df7:4c2 rd 110ce4e:83e26d0:2ed73607:4c7) - out-of-sync
1777481649.387161 [0] dq.builtin: match_proxy_reader_with_writers(prd 110cfe5:7645227d:5dd75df7:4c7) scanning participants tgt=4c2
1777481649.387193 [0] dq.builtin:   proxy_reader_add_connection(wr 110ce4e:83e26d0:2ed73607:4c2 prd 110cfe5:7645227d:5dd75df7:4c7)
1777481649.387253 [0] dq.builtin:   writer_add_connection(wr 110ce4e:83e26d0:2ed73607:4c2 prd 110cfe5:7645227d:5dd75df7:4c7) - ack seq 0
1777481649.387295 [0] dq.builtin: setcover: all_addrs udp/239.255.0.1:7400@3 udp/192.168.50.95:42984@3
1777481649.387322 [0] dq.builtin: reduced nlocs=2
1777481649.387352 [0] dq.builtin: nloopback = 0, nlocs = 2, redundant_networking = 0
1777481649.387382 [0] dq.builtin: rdidx 0 lidx udp/192.168.50.95:42984@3 0 -> 0
1777481649.387411 [0] dq.builtin: rdidx 0 lidx udp/239.255.0.1:7400@3 1 -> 8
1777481649.387476 [0] dq.builtin:                                                                   a
1777481649.387510 [0] dq.builtin:   loc  0 = udp/192.168.50.95:42984@3                         1 { +u  }
1777481649.387542 [0] dq.builtin:   loc  1 = udp/239.255.0.1:7400@3                            2 { +1  }
1777481649.387567 [0] dq.builtin:   best = 0
1777481649.387595 [0] dq.builtin:   simple udp/192.168.50.95:42984@3
1777481649.387634 [0] dq.builtin: rebuild_writer_addrset(110ce4e:83e26d0:2ed73607:4c2): udp/192.168.50.95:42984@3 (burst size 4294901760 rexmit 283990)
1777481649.387676 [0] dq.builtin: match_proxy_writer_with_readers(pwr 110cfe5:7645227d:5dd75df7:200c2) scanning participants tgt=200c7
1777481649.387724 [0] dq.builtin:   reader 110ce4e:83e26d0:2ed73607:200c7 init_acknack_count = 1
1777481649.387767 [0] dq.builtin:   reader_add_connection(pwr 110cfe5:7645227d:5dd75df7:200c2 rd 110ce4e:83e26d0:2ed73607:200c7)
1777481649.387799 [0] dq.builtin:   proxy_writer_add_connection(pwr 110cfe5:7645227d:5dd75df7:200c2 rd 110ce4e:83e26d0:2ed73607:200c7) - out-of-sync
1777481649.387838 [0] dq.builtin: match_proxy_reader_with_writers(prd 110cfe5:7645227d:5dd75df7:200c7) scanning participants tgt=200c2
1777481649.387868 [0] dq.builtin:   proxy_reader_add_connection(wr 110ce4e:83e26d0:2ed73607:200c2 prd 110cfe5:7645227d:5dd75df7:200c7)
1777481649.387896 [0] dq.builtin:   writer_add_connection(wr 110ce4e:83e26d0:2ed73607:200c2 prd 110cfe5:7645227d:5dd75df7:200c7) - ack seq 1
1777481649.387933 [0] dq.builtin: setcover: all_addrs udp/239.255.0.1:7400@3 udp/192.168.50.95:42984@3
1777481649.387961 [0] dq.builtin: reduced nlocs=2
1777481649.387990 [0] dq.builtin: nloopback = 0, nlocs = 2, redundant_networking = 0
1777481649.388019 [0] dq.builtin: rdidx 0 lidx udp/192.168.50.95:42984@3 0 -> 0
1777481649.388048 [0] dq.builtin: rdidx 0 lidx udp/239.255.0.1:7400@3 1 -> 8
1777481649.388084 [0] dq.builtin:                                                                   a
1777481649.388047 [0]     talker: dds_create_topic_generic (pp 0xaaaaf5be5e60 110ce4e:83e26d0:2ed73607:1c1 sertype 0xaaaaf5bec1a0 reg?no refc 1 ros_discovery_info/rmw_dds_common::msg::dds_::ParticipantEntitiesInfo_)
1777481649.388121 [0]        tev: writer_hbcontrol: wr 110ce4e:83e26d0:2ed73607:3c2 unicasting to prd 110cfe5:7645227d:5dd75df7:3c7 (rel-prd 1 seq-eq-max 0 seq 0 maxseq 0)
1777481649.388200 [0]     talker: lookup_and_check_ktopic_may_unlock_pp: no such ktopic
1777481649.388143 [0] dq.builtin:   loc  0 = udp/192.168.50.95:42984@3                         1 { +u  }
1777481649.388269 [0]     talker: create_and_lock_ktopic: ktp 0xaaaaf5bee7f0
1777481649.388311 [0]     talker: dds_create_topic_generic: register new sertype 0xaaaaf5bec1a0
1777481649.388332 [0] dq.builtin:   loc  1 = udp/239.255.0.1:7400@3                            2 { +1  }
1777481649.388352 [0]     talker: dds_create_topic_generic: new topic 247976970
1777481649.388207 [0]        tev: heartbeat(wr 110ce4e:83e26d0:2ed73607:3c2) sent, resched in 0.1 s (min-ack 0!, avail-seq 0, xmit 0)
1777481649.388366 [0] dq.builtin:   best = 0
1777481649.388468 [0]        tev: xpack_addmsg 0xffffa4001390 0xaaaaf5be5580 0(control): niov 0 sz 0 => now niov 2 sz 68
1777481649.388504 [0] dq.builtin:   simple udp/192.168.50.95:42984@3
1777481649.388502 [0]     talker: new_writer(guid 110ce4e:83e26d0:2ed73607:403, (default).ros_discovery_info/rmw_dds_common::msg::dds_::ParticipantEntitiesInfo_)
1777481649.388560 [0] dq.builtin: rebuild_writer_addrset(110ce4e:83e26d0:2ed73607:200c2): udp/192.168.50.95:42984@3 (burst size 4294901760 rexmit 283990)
1777481649.388619 [0]     talker: ref_participant(110ce4e:83e26d0:2ed73607:1c1 @ 0xaaaaf5bdf510 <- 110ce4e:83e26d0:2ed73607:403 @ 0xaaaaf5bef3c4) user 5 builtin 8
1777481649.388647 [0] dq.builtin: write_sample 0:0:0:100c2 #2: ST0 DCPSParticipant/org::eclipse::cyclonedds::builtin::DCPSParticipant:(blob)
1777481649.388678 [0] dq.builtin:  => EVERYONE
1777481649.388717 [0] dq.builtin: lease_register(l 0xffffac001be0 guid 110cfe5:7645227d:5dd75df7:1c1)
1777481649.388798 [0] dq.builtin: directed SPDP packet -> not responding
1777481649.388826 [0]         gc: gc 0xffffac004cf0: not yet, shortsleep
1777481649.388729 [0]     talker: WRITER 110ce4e:83e26d0:2ed73607:403 QOS={user_data=0<>,topic_name="ros_discovery_info",type_name="rmw_dds_common::msg::dds_::ParticipantEntitiesInfo_",topic_data=0<>,group_data=0<>,durability=1,durability_service=0:0:1:-1:-1:-1,deadline=9223372036854775807,latency_budget=0,liveliness=0:9223372036854775807,reliability=1:9223372036854775807,lifespan=9223372036854775807,destination_order=0,history=0:1,resource_limits=-1:-1:-1,ownership=0,ownership_strength=0,presentation=0:0:0,partition={},transport_priority=0,data_representation=1(0),adlink_entity_factory=1,adlink_writer_data_lifecycle=0}
1777481649.388890 [0]        tev: nn_xpack_send 68: 0xffffa400139c:20 0xaaaaf5be5c98:48 [ udp/192.168.50.95:42984@3 ]
1777481649.388984 [0]        tev: traffic-xmit (1) 68
1777481649.389004 [0]     recvUC: HDR(110cfe5:7645227d:5dd75df7 vendor 1.16) len 64 from udp/192.168.50.95:47636
1777481649.388939 [0]     talker: write_sample 0:0:0:3c2 #1: ST0 DCPSPublication/org::eclipse::cyclonedds::builtin::DCPSPublication:(blob)
1777481649.389094 [0]     recvUC: INFODST(110ce4e:83e26d0:2ed73607)
1777481649.389154 [0]     talker:  => EVERYONE
1777481649.389035 [0]        tev: writer_hbcontrol: wr 110ce4e:83e26d0:2ed73607:4c2 unicasting to prd 110cfe5:7645227d:5dd75df7:4c7 (rel-prd 1 seq-eq-max 0 seq 0 maxseq 0)
1777481649.389221 [0]     recvUC: ACKNACK(F#5:1/0: L(:1c1 2769.970826) 110cfe5:7645227d:5dd75df7:3c7 -> 110ce4e:83e26d0:2ed73607:3c2 setting-has-replied-to-hb happy-now)
1777481649.389245 [0]        tev: heartbeat(wr 110ce4e:83e26d0:2ed73607:4c2) sent, resched in 0.1 s (min-ack 0!, avail-seq 0, xmit 0)
1777481649.389198 [0]     talker: match_writer_with_proxy_readers(wr 110ce4e:83e26d0:2ed73607:403) scanning all prds of topic ros_discovery_info
1777481649.389297 [0]        tev: xpack_addmsg 0xffffa4001390 0xaaaaf5be5580 0(control): niov 0 sz 0 => now niov 2 sz 68
1777481649.389349 [0]     talker: match_writer_with_readers(wr 110ce4e:83e26d0:2ed73607:403) scanning all rds of topic ros_discovery_info
1777481649.389498 [0]     talker: write_sample 110ce4e:83e26d0:2ed73607:3c2 #1: ST0 DCPSPublication/PublicationBuiltinTopicData:{topic_name="ros_discovery_info",type_name="rmw_dds_common::msg::dds_::ParticipantEntitiesInfo_",durability=1,reliability=1:9223372036854775807,protocol_version=2:1,vendorid=1:16,endpoint_guid={110ce4e:83e26d0:2ed73607:403},adlink_entity_factory=1,adlink_writer_data_lifecycle=0}
1777481649.389546 [0]     talker: non-timed queue now has 1 items
1777481649.389622 [0]        tev: nn_xpack_send 68: 0xffffa400139c:20 0xaaaaf5be5c98:48 [ udp/192.168.50.95:42984@3 ]
1777481649.389668 [0]        tev: traffic-xmit (1) 68
1777481649.389637 [0]     recvUC: HDR(110cfe5:7645227d:5dd75df7 vendor 1.16) len 64 from udp/192.168.50.95:47636
1777481649.389718 [0]        tev: writer_hbcontrol: wr 110ce4e:83e26d0:2ed73607:200c2 unicasting to prd 110cfe5:7645227d:5dd75df7:200c7 (rel-prd 1 seq-eq-max 0 seq 1 maxseq 1)
1777481649.389762 [0]     recvUC: INFODST(110ce4e:83e26d0:2ed73607)
1777481649.389819 [0]     recvUC: ACKNACK(F#3:1/0: L(:1c1 2769.971494) 110cfe5:7645227d:5dd75df7:4c7 -> 110ce4e:83e26d0:2ed73607:4c2 setting-has-replied-to-hb happy-now)
1777481649.389843 [0]     talker: dds_create_topic_generic (pp 0xaaaaf5be5e60 110ce4e:83e26d0:2ed73607:1c1 sertype 0xaaaaf5bf0f50 reg?no refc 1 ros_discovery_info/rmw_dds_common::msg::dds_::ParticipantEntitiesInfo_)
1777481649.389902 [0]     talker: lookup_and_check_ktopic_may_unlock_pp: ktp 0xaaaaf5bee7f0 reuse
1777481649.389936 [0]     talker: dds_create_topic_generic: reuse sertype 0xaaaaf5bec1a0
1777481649.389956 [0]         gc: gc 0xffffac004cf0: deleting
1777481649.389987 [0]     talker: dds_create_topic_generic: new topic 1087895722
1777481649.390047 [0]        tev: heartbeat(wr 110ce4e:83e26d0:2ed73607:200c2) sent, resched in 0.1 s (min-ack 1!, avail-seq 1, xmit 1)
1777481649.390092 [0]        tev: xpack_addmsg 0xffffa4001390 0xaaaaf5be5580 0(control): niov 0 sz 0 => now niov 2 sz 68
1777481649.390052 [0]     talker: new_reader(guid 110ce4e:83e26d0:2ed73607:504, (default).ros_discovery_info/rmw_dds_common::msg::dds_::ParticipantEntitiesInfo_)
1777481649.390205 [0]     talker: ref_participant(110ce4e:83e26d0:2ed73607:1c1 @ 0xaaaaf5bdf510 <- 110ce4e:83e26d0:2ed73607:504 @ 0xaaaaf5bf2e44) user 6 builtin 8
1777481649.390384 [0]     talker: READER 110ce4e:83e26d0:2ed73607:504 QOS={user_data=0<>,topic_name="ros_discovery_info",type_name="rmw_dds_common::msg::dds_::ParticipantEntitiesInfo_",topic_data=0<>,group_data=0<>,durability=1,deadline=9223372036854775807,latency_budget=0,liveliness=0:9223372036854775807,reliability=1:9223372036854775807,destination_order=0,history=1:-1,resource_limits=-1:-1:-1,ownership=0,presentation=0:0:0,partition={},time_based_filter=0,transport_priority=0,type_consistency_enforcement=1:11000,data_representation=1(0),adlink_entity_factory=1,adlink_reader_lifespan=0:9223372036854775807,adlink_reader_data_lifecycle=9223372036854775807:9223372036854775807,adlink_subscription_keys=0:{}}
1777481649.390409 [0]        tev: nn_xpack_send 68: 0xffffa400139c:20 0xaaaaf5be5c98:48 [ udp/192.168.50.95:42984@3 ]
1777481649.390508 [0]        tev: traffic-xmit (1) 68
1777481649.390555 [0]        tev: xpack_addmsg 0xffffa4001390 0xaaaaf5befde0 0(data(110ce4e:83e26d0:2ed73607:3c2:#1/1)): niov 0 sz 0 => now niov 3 sz 228
1777481649.390465 [0]     talker: write_sample 0:0:0:4c2 #4: ST0 DCPSSubscription/org::eclipse::cyclonedds::builtin::DCPSSubscription:(blob)
1777481649.390659 [0]     talker:  => EVERYONE
1777481649.390712 [0]     talker: match_reader_with_proxy_writers(rd 110ce4e:83e26d0:2ed73607:504) scanning all pwrs of topic ros_discovery_info
1777481649.390726 [0]        tev: nn_xpack_send 228: 0xffffa400139c:20 0xaaaaf5bf0338:36 0xaaaaf5bf0044:172 [ udp/192.168.50.95:42984@3 ]
1777481649.390804 [0]        tev: traffic-xmit (1) 228
1777481649.390757 [0]     talker: match_reader_with_writers(rd 110ce4e:83e26d0:2ed73607:504) scanning all wrs of topic ros_discovery_info
1777481649.390412 [0]     recvUC: HDR(110cfe5:7645227d:5dd75df7 vendor 1.16) len 68 from udp/192.168.50.95:47636
1777481649.390963 [0]     recvUC: INFODST(110ce4e:83e26d0:2ed73607)
1777481649.391004 [0]     talker: write_sample 110ce4e:83e26d0:2ed73607:4c2 #1: ST0 DCPSSubscription/SubscriptionBuiltinTopicData:{topic_name="ros_discovery_info",type_name="rmw_dds_common::msg::dds_::ParticipantEntitiesInfo_",durability=1,reliability=1:9223372036854775807,history=1:-1,protocol_version=2:1,vendorid=1:16,endpoint_guid={110ce4e:83e26d0:2ed73607:504},adlink_entity_factory=1}
1777481649.391052 [0]     recvUC: ACKNACK(F#3:1/1:1 L(:1c1 2769.972692) 110cfe5:7645227d:5dd75df7:200c7 -> 110ce4e:83e26d0:2ed73607:200c2 complying RX1non-timed queue now has 1 items
1777481649.391119 [0]     recvUC:  rexmit#1 maxseq:1<1<=1defer_heartbeat_to_peer: 110ce4e:83e26d0:2ed73607:200c2 -> 110cfe5:7645227d:5dd75df7:200c7 - queue for transmit
1777481649.391120 [0]     talker: non-timed queue now has 2 items
1777481649.391159 [0]     recvUC: )
1777481649.391193 [0]     recvUC: send_deferred_heartbeat: 42542c62e6cb121b -> 9868057913602090 - queue for transmit
1777481649.391312 [0]        tev: xpack_addmsg 0xffffa4001390 0xffff94001390 0(rexmit(110ce4e:83e26d0:2ed73607:200c2:#1/1)): niov 0 sz 0 => now niov 3 sz 100
1777481649.391342 [0]     recvUC: non-timed queue now has 2 items
1777481649.391531 [0]        tev: nn_xpack_send 100: 0xffffa400139c:20 0xffff94001478:52 0xffffa40014dc:28 [ udp/192.168.50.95:42984@3 ]
1777481649.391574 [0]        tev: traffic-xmit (1) 100
1777481649.391608 [0]        tev: xpack_addmsg 0xffffa4001390 0xaaaaf5bf0840 0(data(110ce4e:83e26d0:2ed73607:4c2:#1/1)): niov 0 sz 0 => now niov 3 sz 232
1777481649.391763 [0]        tev: nn_xpack_send 232: 0xffffa400139c:20 0xaaaaf5bf0f78:36 0xaaaaf5bf3954:176 [ udp/192.168.50.95:42984@3 ]
1777481649.391806 [0]        tev: traffic-xmit (1) 232
1777481649.391841 [0]        tev: xpack_addmsg 0xffffa4001390 0xffff94001560 0(control): niov 0 sz 0 => now niov 2 sz 68
1777481649.391940 [0]     talker: write_sample 110ce4e:83e26d0:2ed73607:403 #1: ST0 ros_discovery_info/rmw_dds_common::msg::dds_::ParticipantEntitiesInfo_:{{{{1,16,206,78,8,62,38,208,46,215,54,7,0,0,1,193,0,0,0,0,0,0,0,0}}},{{"/","talker",{},{}}}}
1777481649.392037 [0]     talker:  => EVERYONE
1777481649.392093 [0]        tev: nn_xpack_send 68: 0xffffa400139c:20 0xffff94001648:48 [ udp/192.168.50.95:42984@3 ]
1777481649.392136 [0]        tev: traffic-xmit (1) 68
1777481649.392115 [0]     recvUC: HDR(110cfe5:7645227d:5dd75df7 vendor 1.16) len 64 from udp/192.168.50.95:47636
1777481649.392234 [0]     recvUC: INFODST(110ce4e:83e26d0:2ed73607)
1777481649.392307 [0]     recvUC: ACKNACK(F#4:2/0: L(:1c1 2769.973966) 110cfe5:7645227d:5dd75df7:200c7 -> 110ce4e:83e26d0:2ed73607:200c2 setting-has-replied-to-hb happy-now)
1777481649.393156 [0]     recvUC: HDR(110cfe5:7645227d:5dd75df7 vendor 1.16) len 68 from udp/192.168.50.95:47636
1777481649.393204 [0]     recvUC: INFODST(110ce4e:83e26d0:2ed73607)
1777481649.393240 [0]     recvUC: HEARTBEAT(#3:3..3 110cfe5:7645227d:5dd75df7:403? -> 110ce4e:83e26d0:2ed73607:0)
1777481649.394246 [0]     talker: dds_create_topic_generic (pp 0xaaaaf5be5e60 110ce4e:83e26d0:2ed73607:1c1 sertype 0xaaaaf5bf2200 reg?no refc 1 rt/rosout/rcl_interfaces::msg::dds_::Log_)
1777481649.394405 [0]     talker: lookup_and_check_ktopic_may_unlock_pp: no such ktopic
1777481649.394460 [0]     talker: create_and_lock_ktopic: ktp 0xaaaaf5bf5300
1777481649.394491 [0]     talker: dds_create_topic_generic: register new sertype 0xaaaaf5bf2200
1777481649.394528 [0]     talker: dds_create_topic_generic: new topic 1598619980
1777481649.394608 [0]     talker: new_writer(guid 110ce4e:83e26d0:2ed73607:603, (default).rt/rosout/rcl_interfaces::msg::dds_::Log_)
1777481649.394665 [0]     talker: ref_participant(110ce4e:83e26d0:2ed73607:1c1 @ 0xaaaaf5bdf510 <- 110ce4e:83e26d0:2ed73607:603 @ 0xaaaaf5bf5d74) user 7 builtin 8
1777481649.394744 [0]     talker: WRITER 110ce4e:83e26d0:2ed73607:603 QOS={user_data=0<>,topic_name="rt/rosout",type_name="rcl_interfaces::msg::dds_::Log_",topic_data=0<>,group_data=0<>,durability=1,durability_service=0:0:1000:-1:-1:-1,deadline=9223372036854775807,latency_budget=0,liveliness=0:9223372036854775807,reliability=1:9223372036854775807,lifespan=10000000000,destination_order=0,history=0:1000,resource_limits=-1:-1:-1,ownership=0,ownership_strength=0,presentation=0:0:0,partition={},transport_priority=0,data_representation=1(0),adlink_entity_factory=1,adlink_writer_data_lifecycle=0}
1777481649.394792 [0]     talker: write_sample 0:0:0:3c2 #2: ST0 DCPSPublication/org::eclipse::cyclonedds::builtin::DCPSPublication:(blob)
1777481649.394820 [0]     talker:  => EVERYONE
1777481649.394894 [0]     talker: match_writer_with_proxy_readers(wr 110ce4e:83e26d0:2ed73607:603) scanning all prds of topic rt/rosout
1777481649.394926 [0]     talker: match_writer_with_readers(wr 110ce4e:83e26d0:2ed73607:603) scanning all rds of topic rt/rosout
1777481649.395029 [0]     talker: write_sample 110ce4e:83e26d0:2ed73607:3c2 #2: ST0 DCPSPublication/PublicationBuiltinTopicData:{topic_name="rt/rosout",type_name="rcl_interfaces::msg::dds_::Log_",durability=1,durability_service=0:0:1000:-1:-1:-1,reliability=1:9223372036854775807,lifespan=10000000000,history=0:1000,protocol_version=2:1,vendorid=1:16,endpoint_guid={110ce4e:83e26d0:2ed73607:603},adlink_entity_factory=1,adlink_writer_data_lifecycle=0}
1777481649.395099 [0]     talker: non-timed queue now has 1 items
1777481649.395203 [0]        tev: xpack_addmsg 0xffffa4001390 0xaaaaf5bf6740 0(data(110ce4e:83e26d0:2ed73607:3c2:#2/1)): niov 0 sz 0 => now niov 3 sz 256
1777481649.395243 [0]     talker: write_sample 110ce4e:83e26d0:2ed73607:403 #2: ST0 ros_discovery_info/rmw_dds_common::msg::dds_::ParticipantEntitiesInfo_:{{{{1,16,206,78,8,62,38,208,46,215,54,7,0,0,1,193,0,0,0,0,0,0,0,0}}},{{"/","talker",{},{{{{1,16,206,78,8,62,38,208,46,215,54,7,0,0,6,3,0,0,0,0,0,0,0,0}}}}}}}
1777481649.395290 [0]     talker:  => EVERYONE
1777481649.395317 [0]        tev: nn_xpack_send 256: 0xffffa400139c:20 0xaaaaf5bf6f18:36 0xaaaaf5bf69a4:200 [ udp/192.168.50.95:42984@3 ]
1777481649.395390 [0]        tev: traffic-xmit (1) 256
1777481649.395845 [0]        tev: xpack_addmsg 0xffffa4001390 0xaaaaf5bf6740 0(control): niov 0 sz 0 => now niov 2 sz 64
1777481649.395939 [0]        tev: nn_xpack_send 64: 0xffffa400139c:20 0xaaaaf5bf6f08:44 [ udp/192.168.50.95:42984@3 ]
1777481649.395970 [0]        tev: traffic-xmit (1) 64
1777481649.396264 [0]     recvUC: HDR(110cfe5:7645227d:5dd75df7 vendor 1.16) len 68 from udp/192.168.50.95:47636
1777481649.396308 [0]     recvUC: INFODST(110ce4e:83e26d0:2ed73607)
1777481649.396416 [0]     recvUC: HEARTBEAT(#4:1..3  L(:1c1 2769.978041)110cfe5:7645227d:5dd75df7:3c2 -> 110ce4e:83e26d0:2ed73607:3c7: end-of-tl-seq(rd 110ce4e:83e26d0:2ed73607:3c7 #3) 110ce4e:83e26d0:2ed73607:3c7@0)
1777481649.396577 [0]        tev: acknack 110ce4e:83e26d0:2ed73607:3c7 -> 110cfe5:7645227d:5dd75df7:3c2: F#1:1/3:111
1777481649.396616 [0]        tev: send acknack(rd 110ce4e:83e26d0:2ed73607:3c7 -> pwr 110cfe5:7645227d:5dd75df7:3c2)
1777481649.396648 [0]        tev: xpack_addmsg 0xffffa4001390 0xaaaaf5bf6740 0(control): niov 0 sz 0 => now niov 2 sz 68
1777481649.396721 [0]        tev: nn_xpack_send 68: 0xffffa400139c:20 0xaaaaf5bf6f08:48 [ udp/192.168.50.95:42984@3 ]
1777481649.396750 [0]        tev: traffic-xmit (1) 68
1777481649.396992 [0]     recvUC: HDR(110cfe5:7645227d:5dd75df7 vendor 1.16) len 480 from udp/192.168.50.95:47636
1777481649.397033 [0]     recvUC: INFODST(110ce4e:83e26d0:2ed73607)
1777481649.397065 [0]     recvUC: INFOTS(1777480921.719747643)
1777481649.397122 [0]     recvUC: DATA(110cfe5:7645227d:5dd75df7:3c2 -> 110ce4e:83e26d0:2ed73607:3c7 #1 L(:1c1 2769.978766))
1777481649.397151 [0]     recvUC: INFOTS(1777480921.721231666)
1777481649.397184 [0]     recvUC: DATA(110cfe5:7645227d:5dd75df7:3c2 -> 110ce4e:83e26d0:2ed73607:3c7 #2)
1777481649.397226 [0] dq.builtin: data(builtin, vendor 1.16): 110cfe5:7645227d:5dd75df7:3c2 #1: ST0 DCPSPublication/PublicationBuiltinTopicData:{topic_name="ros_discovery_info",type_name="rmw_dds_common::msg::dds_::ParticipantEntitiesInfo_",durability=1,reliability=1:9223372036854775807,protocol_version=2:1,vendorid=1:16,endpoint_guid={110cfe5:7645227d:5dd75df7:403},adlink_entity_factory=1,adlink_writer_data_lifecycle=0}
1777481649.397236 [0]     recvUC: HDR(110cfe5:7645227d:5dd75df7 vendor 1.16) len 272 from udp/192.168.50.95:47636
1777481649.397347 [0]     recvUC: INFODST(110ce4e:83e26d0:2ed73607)
1777481649.397377 [0]     recvUC: INFOTS(1777480921.788812882)
1777481649.397426 [0]     recvUC: DATA(110cfe5:7645227d:5dd75df7:3c2 -> 110ce4e:83e26d0:2ed73607:3c7 #3 L(:1c1 2769.979080) msr_in_sync(110ce4e:83e26d0:2ed73607:3c7 out-of-sync to tlcatchup))
1777481649.397388 [0] dq.builtin: SEDP ST0 110cfe5:7645227d:5dd75df7:403 reliable transient-local writer: (default).ros_discovery_info/rmw_dds_common::msg::dds_::ParticipantEntitiesInfo_ p(open) NEW (as udp/239.255.0.1:7401@3 udp/192.168.50.95:42984@3 ssm=0) QOS={user_data=0<>,topic_name="ros_discovery_info",type_name="rmw_dds_common::msg::dds_::ParticipantEntitiesInfo_",topic_data=0<>,group_data=0<>,durability=1,durability_service=0:0:1:-1:-1:-1,deadline=9223372036854775807,latency_budget=0,liveliness=0:9223372036854775807,reliability=1:9223372036854775807,lifespan=9223372036854775807,destination_order=0,history=0:1,resource_limits=-1:-1:-1,ownership=0,ownership_strength=0,presentation=0:0:0,partition={},transport_priority=0,data_representation=1(0),adlink_entity_factory=1,adlink_writer_data_lifecycle=0}
1777481649.397464 [0]     recvUC: HEARTBEAT(#5:1..3 110cfe5:7645227d:5dd75df7:3c2 -> 110ce4e:83e26d0:2ed73607:3c7: 110ce4e:83e26d0:2ed73607:3c7@3(sync))
1777481649.397553 [0] dq.builtin: write_sample 0:0:0:3c2 #3: ST0 DCPSPublication/org::eclipse::cyclonedds::builtin::DCPSPublication:(blob)
1777481649.397593 [0] dq.builtin:  => EVERYONE
1777481649.397652 [0] dq.builtin: match_proxy_writer_with_readers(pwr 110cfe5:7645227d:5dd75df7:403) scanning all rds of topic ros_discovery_info
1777481649.397694 [0] dq.builtin:   reader 110ce4e:83e26d0:2ed73607:504 init_acknack_count = 1
1777481649.397768 [0] dq.builtin:   reader_add_connection(pwr 110cfe5:7645227d:5dd75df7:403 rd 110ce4e:83e26d0:2ed73607:504)
1777481649.397807 [0] dq.builtin:   proxy_writer_add_connection(pwr 110cfe5:7645227d:5dd75df7:403 rd 110ce4e:83e26d0:2ed73607:504) - out-of-sync
1777481649.397871 [0] dq.builtin: data(builtin, vendor 1.16): 110cfe5:7645227d:5dd75df7:3c2 #2: ST0 DCPSPublication/PublicationBuiltinTopicData:{topic_name="rt/rosout",type_name="rcl_interfaces::msg::dds_::Log_",durability=1,durability_service=0:0:1000:-1:-1:-1,reliability=1:9223372036854775807,lifespan=10000000000,history=0:1000,protocol_version=2:1,vendorid=1:16,endpoint_guid={110cfe5:7645227d:5dd75df7:603},adlink_entity_factory=1,adlink_writer_data_lifecycle=0}
1777481649.397969 [0] dq.builtin: SEDP ST0 110cfe5:7645227d:5dd75df7:603 reliable transient-local writer: (default).rt/rosout/rcl_interfaces::msg::dds_::Log_ p(open) NEW (as udp/239.255.0.1:7401@3 udp/192.168.50.95:42984@3 ssm=0) QOS={user_data=0<>,topic_name="rt/rosout",type_name="rcl_interfaces::msg::dds_::Log_",topic_data=0<>,group_data=0<>,durability=1,durability_service=0:0:1000:-1:-1:-1,deadline=9223372036854775807,latency_budget=0,liveliness=0:9223372036854775807,reliability=1:9223372036854775807,lifespan=10000000000,destination_order=0,history=0:1000,resource_limits=-1:-1:-1,ownership=0,ownership_strength=0,presentation=0:0:0,partition={},transport_priority=0,data_representation=1(0),adlink_entity_factory=1,adlink_writer_data_lifecycle=0}
1777481649.397985 [0]     talker: dds_create_topic_generic (pp 0xaaaaf5be5e60 110ce4e:83e26d0:2ed73607:1c1 sertype 0xaaaaf5bfa1e0 reg?no refc 1 rr/talker/get_parametersReply/rcl_interfaces::srv::dds_::GetParameters_Response_)
1777481649.398103 [0]     talker: lookup_and_check_ktopic_may_unlock_pp: no such ktopic
1777481649.398144 [0]     talker: create_and_lock_ktopic: ktp 0xaaaaf5bfc970
1777481649.398059 [0] dq.builtin: write_sample 0:0:0:3c2 #4: ST0 DCPSPublication/org::eclipse::cyclonedds::builtin::DCPSPublication:(blob)
1777481649.398191 [0]     talker: dds_create_topic_generic: register new sertype 0xaaaaf5bfa1e0
1777481649.398245 [0] dq.builtin:  => EVERYONE
1777481649.398408 [0]     talker: dds_create_topic_generic: new topic 30646827
1777481649.398467 [0] dq.builtin: match_proxy_writer_with_readers(pwr 110cfe5:7645227d:5dd75df7:603) scanning all rds of topic rt/rosout
1777481649.398108 [0]        tev: xpack_addmsg 0xffffa4001390 0xaaaaf5bf6740 0(control): niov 0 sz 0 => now niov 2 sz 64
1777481649.398542 [0]     talker: dds_create_topic_generic (pp 0xaaaaf5be5e60 110ce4e:83e26d0:2ed73607:1c1 sertype 0xaaaaf5bfcc90 reg?no refc 1 rq/talker/get_parametersRequest/rcl_interfaces::srv::dds_::GetParameters_Request_)
1777481649.398580 [0]     talker: lookup_and_check_ktopic_may_unlock_pp: no such ktopic
1777481649.398607 [0] dq.builtin: data(builtin, vendor 1.16): 110cfe5:7645227d:5dd75df7:3c2 #3: ST0 DCPSPublication/PublicationBuiltinTopicData:{topic_name="rt/parameter_events",type_name="rcl_interfaces::msg::dds_::ParameterEvent_",reliability=1:9223372036854775807,history=0:1000,protocol_version=2:1,vendorid=1:16,endpoint_guid={110cfe5:7645227d:5dd75df7:703},adlink_entity_factory=1,adlink_writer_data_lifecycle=0}
1777481649.398614 [0]     talker: create_and_lock_ktopic: ktp 0xaaaaf5bfd430
1777481649.398691 [0]     talker: dds_create_topic_generic: register new sertype 0xaaaaf5bfcc90
1777481649.398748 [0]        tev: acknack 110ce4e:83e26d0:2ed73607:3c7 -> 110cfe5:7645227d:5dd75df7:3c2: F#2:4/0:
1777481649.398792 [0]        tev: send acknack(rd 110ce4e:83e26d0:2ed73607:3c7 -> pwr 110cfe5:7645227d:5dd75df7:3c2)
1777481649.398762 [0]     talker: dds_create_topic_generic: new topic 1201443369
1777481649.398834 [0]        tev: xpack_addmsg 0xffffa4001390 0xffff94001560 0(control): niov 2 sz 64 => now niov 3 sz 92
1777481649.398875 [0]        tev: xpack_addmsg 0xffffa4001390 0xaaaaf5bf0840 0(control): niov 3 sz 92 => now niov 4 sz 120
1777481649.398711 [0] dq.builtin: SEDP ST0 110cfe5:7645227d:5dd75df7:703 reliable volatile writer: (default).rt/parameter_events/rcl_interfaces::msg::dds_::ParameterEvent_ p(open) NEW (as udp/239.255.0.1:7401@3 udp/192.168.50.95:42984@3 ssm=0) QOS={user_data=0<>,topic_name="rt/parameter_events",type_name="rcl_interfaces::msg::dds_::ParameterEvent_",topic_data=0<>,group_data=0<>,durability=0,durability_service=0:0:1:-1:-1:-1,deadline=9223372036854775807,latency_budget=0,liveliness=0:9223372036854775807,reliability=1:9223372036854775807,lifespan=9223372036854775807,destination_order=0,history=0:1000,resource_limits=-1:-1:-1,ownership=0,ownership_strength=0,presentation=0:0:0,partition={},transport_priority=0,data_representation=1(0),adlink_entity_factory=1,adlink_writer_data_lifecycle=0}
1777481649.398985 [0]        tev: nn_xpack_send 120: 0xffffa400139c:20 0xaaaaf5bf6f08:44 0xffff94001658:28 0xaaaaf5bf0f78:28 [ udp/192.168.50.95:42984@3 ]
1777481649.399016 [0] dq.builtin: write_sample 0:0:0:3c2 #5: ST0 DCPSPublication/org::eclipse::cyclonedds::builtin::DCPSPublication:(blob)
1777481649.399020 [0]        tev: traffic-xmit (1) 120
1777481649.399053 [0] dq.builtin:  => EVERYONE
1777481649.398946 [0]     talker: new_writer(guid 110ce4e:83e26d0:2ed73607:703, (default).rr/talker/get_parametersReply/rcl_interfaces::srv::dds_::GetParameters_Response_)
1777481649.399112 [0] dq.builtin: match_proxy_writer_with_readers(pwr 110cfe5:7645227d:5dd75df7:703) scanning all rds of topic rt/parameter_events
1777481649.399236 [0]     talker: ref_participant(110ce4e:83e26d0:2ed73607:1c1 @ 0xaaaaf5bdf510 <- 110ce4e:83e26d0:2ed73607:703 @ 0xaaaaf5bfdfc4) user 8 builtin 8
1777481649.399276 [0]     recvUC: HDR(110cfe5:7645227d:5dd75df7 vendor 1.16) len 100 from udp/192.168.50.95:47636
1777481649.399347 [0]     talker: WRITER 110ce4e:83e26d0:2ed73607:703 QOS={user_data=52<"serviceid= 1.10.ce.4e.8.3e.26.d0.2e.d7.36.7.0.0.0.1;">,topic_name="rr/talker/get_parametersReply",type_name="rcl_interfaces::srv::dds_::GetParameters_Response_",topic_data=0<>,group_data=0<>,durability=0,durability_service=0:0:1:-1:-1:-1,deadline=9223372036854775807,latency_budget=0,liveliness=0:9223372036854775807,reliability=1:9223372036854775807,lifespan=9223372036854775807,destination_order=0,history=0:1000,resource_limits=-1:-1:-1,ownership=0,ownership_strength=0,presentation=0:0:0,partition={},transport_priority=0,data_representation=1(0),adlink_entity_factory=1,adlink_writer_data_lifecycle=0}
1777481649.399379 [0]     recvUC: INFODST(110ce4e:83e26d0:2ed73607)
1777481649.399446 [0]     talker: write_sample 0:0:0:3c2 #6: ST0 DCPSPublication/org::eclipse::cyclonedds::builtin::DCPSPublication:(blob)
1777481649.399472 [0]     recvUC: HEARTBEAT(#4:1..1  L(:1c1 2769.981110)110cfe5:7645227d:5dd75df7:4c2 -> 110ce4e:83e26d0:2ed73607:4c7: end-of-tl-seq(rd 110ce4e:83e26d0:2ed73607:4c7 #1) 110ce4e:83e26d0:2ed73607:4c7@0)
1777481649.399477 [0]     talker:  => EVERYONE
1777481649.399554 [0]     recvUC: HEARTBEAT(#4:91..91 110cfe5:7645227d:5dd75df7:200c2 -> 110ce4e:83e26d0:2ed73607:200c7: end-of-tl-seq(rd 110ce4e:83e26d0:2ed73607:200c7 #91) 110ce4e:83e26d0:2ed73607:200c7@90)
1777481649.399585 [0]     talker: match_writer_with_proxy_readers(wr 110ce4e:83e26d0:2ed73607:703) scanning all prds of topic rr/talker/get_parametersReply
1777481649.399662 [0]     talker: match_writer_with_readers(wr 110ce4e:83e26d0:2ed73607:703) scanning all rds of topic rr/talker/get_parametersReply
1777481649.399638 [0]        tev: acknack 110ce4e:83e26d0:2ed73607:4c7 -> 110cfe5:7645227d:5dd75df7:4c2: F#1:1/1:1
1777481649.399740 [0]        tev: send acknack(rd 110ce4e:83e26d0:2ed73607:4c7 -> pwr 110cfe5:7645227d:5dd75df7:4c2)
1777481649.399766 [0]     talker: write_sample 110ce4e:83e26d0:2ed73607:3c2 #3: ST0 DCPSPublication/PublicationBuiltinTopicData:{user_data=52<"serviceid= 1.10.ce.4e.8.3e.26.d0.2e.d7.36.7.0.0.0.1;">,topic_name="rr/talker/get_parametersReply",type_name="rcl_interfaces::srv::dds_::GetParameters_Response_",reliability=1:9223372036854775807,history=0:1000,protocol_version=2:1,vendorid=1:16,endpoint_guid={110ce4e:83e26d0:2ed73607:703},adlink_entity_factory=1,adlink_writer_data_lifecycle=0}
1777481649.399788 [0]        tev: xpack_addmsg 0xffffa4001390 0xaaaaf5bf6740 0(control): niov 0 sz 0 => now niov 2 sz 68
1777481649.399866 [0]        tev: acknack 110ce4e:83e26d0:2ed73607:200c7 -> 110cfe5:7645227d:5dd75df7:200c2: F#1:91/1:1
1777481649.399895 [0]     talker: non-timed queue now has 1 items
1777481649.399996 [0]     talker: new_reader(guid 110ce4e:83e26d0:2ed73607:804, (default).rq/talker/get_parametersRequest/rcl_interfaces::srv::dds_::GetParameters_Request_)
1777481649.400005 [0]        tev: send acknack(rd 110ce4e:83e26d0:2ed73607:200c7 -> pwr 110cfe5:7645227d:5dd75df7:200c2)
1777481649.400043 [0]     talker: ref_participant(110ce4e:83e26d0:2ed73607:1c1 @ 0xaaaaf5bdf510 <- 110ce4e:83e26d0:2ed73607:804 @ 0xaaaaf5bff584) user 9 builtin 8
1777481649.400106 [0]        tev: xpack_addmsg 0xffffa4001390 0xffff94001560 0(control): niov 2 sz 68 => now niov 3 sz 100
1777481649.400126 [0]     talker: READER 110ce4e:83e26d0:2ed73607:804 QOS={user_data=52<"serviceid= 1.10.ce.4e.8.3e.26.d0.2e.d7.36.7.0.0.0.1;">,topic_name="rq/talker/get_parametersRequest",type_name="rcl_interfaces::srv::dds_::GetParameters_Request_",topic_data=0<>,group_data=0<>,durability=0,deadline=9223372036854775807,latency_budget=0,liveliness=0:9223372036854775807,reliability=1:9223372036854775807,destination_order=0,history=0:1000,resource_limits=-1:-1:-1,ownership=0,presentation=0:0:0,partition={},time_based_filter=0,transport_priority=0,type_consistency_enforcement=1:11000,data_representation=1(0),adlink_entity_factory=1,adlink_reader_lifespan=0:9223372036854775807,adlink_reader_data_lifecycle=9223372036854775807:9223372036854775807,adlink_subscription_keys=0:{}}
1777481649.400208 [0]     talker: write_sample 0:0:0:4c2 #5: ST0 DCPSSubscription/org::eclipse::cyclonedds::builtin::DCPSSubscription:(blob)
1777481649.400236 [0]     talker:  => EVERYONE
1777481649.400237 [0]        tev: nn_xpack_send 100: 0xffffa400139c:20 0xaaaaf5bf6f08:48 0xffff94001658:32 [ udp/192.168.50.95:42984@3 ]
1777481649.400285 [0]     talker: match_reader_with_proxy_writers(rd 110ce4e:83e26d0:2ed73607:804) scanning all pwrs of topic rq/talker/get_parametersRequest
1777481649.400354 [0]     talker: match_reader_with_writers(rd 110ce4e:83e26d0:2ed73607:804) scanning all wrs of topic rq/talker/get_parametersRequest
1777481649.400423 [0]     recvUC: HDR(110cfe5:7645227d:5dd75df7 vendor 1.16) len 376 from udp/192.168.50.95:47636
1777481649.400451 [0]     talker: write_sample 110ce4e:83e26d0:2ed73607:4c2 #2: ST0 DCPSSubscription/SubscriptionBuiltinTopicData:{user_data=52<"serviceid= 1.10.ce.4e.8.3e.26.d0.2e.d7.36.7.0.0.0.1;">,topic_name="rq/talker/get_parametersRequest",type_name="rcl_interfaces::srv::dds_::GetParameters_Request_",reliability=1:9223372036854775807,history=0:1000,protocol_version=2:1,vendorid=1:16,endpoint_guid={110ce4e:83e26d0:2ed73607:804},adlink_entity_factory=1}
1777481649.400313 [0]        tev: traffic-xmit (1) 100
1777481649.400501 [0]     talker: non-timed queue now has 1 items
1777481649.400457 [0]     recvUC: INFODST(110ce4e:83e26d0:2ed73607)
1777481649.400578 [0]     recvUC: INFOTS(1777480921.720083367)
1777481649.400629 [0]     recvUC: DATA(110cfe5:7645227d:5dd75df7:4c2 -> 110ce4e:83e26d0:2ed73607:4c7 #1 L(:1c1 2769.982191) msr_in_sync(110ce4e:83e26d0:2ed73607:4c7 out-of-sync to tlcatchup))
1777481649.400685 [0]     recvUC: INFOTS(1777481641.730505888)
1777481649.400686 [0] dq.builtin: data(builtin, vendor 1.16): 110cfe5:7645227d:5dd75df7:4c2 #1: ST0 DCPSSubscription/SubscriptionBuiltinTopicData:{topic_name="ros_discovery_info",type_name="rmw_dds_common::msg::dds_::ParticipantEntitiesInfo_",durability=1,reliability=1:9223372036854775807,history=1:-1,protocol_version=2:1,vendorid=1:16,endpoint_guid={110cfe5:7645227d:5dd75df7:504},adlink_entity_factory=1}
1777481649.400661 [0]     talker: write_sample 110ce4e:83e26d0:2ed73607:403 #3: ST0 ros_discovery_info/rmw_dds_common::msg::dds_::ParticipantEntitiesInfo_:{{{{1,16,206,78,8,62,38,208,46,215,54,7,0,0,1,193,0,0,0,0,0,0,0,0}}},{{"/","talker",{{{{1,16,206,78,8,62,38,208,46,215,54,7,0,0,8,4,0,0,0,0,0,0,0,0}}}},{{{{1,16,206,78,8,62,38,208,46,215,54,7,0,0,6,3,0,0,0,0,0,0,0,0}}}{{{1,16,206,78,8,62,38,208,46,215,54,7,0,0,7,3,0,0,0,0,0,0,0,0}}}}}}}
1777481649.400806 [0]     talker:  => EVERYONE
1777481649.400732 [0]     recvUC: DATA(110cfe5:7645227d:5dd75df7:200c2 -> 110ce4e:83e26d0:2ed73607:200c7 #91 msr_in_sync(110ce4e:83e26d0:2ed73607:200c7 out-of-sync to tlcatchup))
1777481649.401141 [0]     recvUC: HEARTBEAT(#5:1..1 110cfe5:7645227d:5dd75df7:4c2 -> 110ce4e:83e26d0:2ed73607:4c7: 110ce4e:83e26d0:2ed73607:4c7@1(sync))
1777481649.401186 [0]     recvUC: HEARTBEAT(#5:91..91 110cfe5:7645227d:5dd75df7:200c2 -> 110ce4e:83e26d0:2ed73607:200c7: 110ce4e:83e26d0:2ed73607:200c7@91(sync))
1777481649.401246 [0]     recvUC: HDR(110cfe5:7645227d:5dd75df7 vendor 1.16) len 64 from udp/192.168.50.95:47636
1777481649.401281 [0]     recvUC: INFODST(110ce4e:83e26d0:2ed73607)
1777481649.401313 [0] dq.builtin: SEDP ST0 110cfe5:7645227d:5dd75df7:504 reliable transient-local reader: (default).ros_discovery_info/rmw_dds_common::msg::dds_::ParticipantEntitiesInfo_ p(open) NEW (as udp/239.255.0.1:7401@3 udp/192.168.50.95:42984@3 ssm=0) QOS={user_data=0<>,topic_name="ros_discovery_info",type_name="rmw_dds_common::msg::dds_::ParticipantEntitiesInfo_",topic_data=0<>,group_data=0<>,durability=1,deadline=9223372036854775807,latency_budget=0,liveliness=0:9223372036854775807,reliability=1:9223372036854775807,destination_order=0,history=1:-1,resource_limits=-1:-1:-1,ownership=0,presentation=0:0:0,partition={},time_based_filter=0,transport_priority=0,type_consistency_enforcement=1:11000,data_representation=1(0),adlink_entity_factory=1,adlink_reader_lifespan=0:9223372036854775807,adlink_reader_data_lifecycle=9223372036854775807:9223372036854775807,adlink_subscription_keys=0:{}}
1777481649.401418 [0] dq.builtin: write_sample 0:0:0:4c2 #6: ST0 DCPSSubscription/org::eclipse::cyclonedds::builtin::DCPSSubscription:(blob)
1777481649.401481 [0] dq.builtin:  => EVERYONE
1777481649.401551 [0] dq.builtin: match_proxy_reader_with_writers(prd 110cfe5:7645227d:5dd75df7:504) scanning all wrs of topic ros_discovery_info
1777481649.401589 [0] dq.builtin:   proxy_reader_add_connection(wr 110ce4e:83e26d0:2ed73607:403 prd 110cfe5:7645227d:5dd75df7:504)
1777481649.401620 [0] dq.builtin:   writer_add_connection(wr 110ce4e:83e26d0:2ed73607:403 prd 110cfe5:7645227d:5dd75df7:504) - ack seq 3
1777481649.401661 [0] dq.builtin: setcover: all_addrs udp/239.255.0.1:7401@3 udp/192.168.50.95:42984@3
1777481649.401697 [0] dq.builtin: reduced nlocs=2
1777481649.401742 [0] dq.builtin: nloopback = 0, nlocs = 2, redundant_networking = 0
1777481649.401778 [0] dq.builtin: rdidx 0 lidx udp/192.168.50.95:42984@3 0 -> 0
1777481649.401324 [0]     recvUC: ACKNACK(#0:1/0: 110cfe5:7645227d:5dd75df7:504? -> 110ce4e:83e26d0:2ed73607:403)
1777481649.400512 [0]        tev: xpack_addmsg 0xffffa4001390 0xaaaaf5bfe840 0(data(110ce4e:83e26d0:2ed73607:3c2:#3/1)): niov 0 sz 0 => now niov 3 sz 304
1777481649.401420 [0]     talker: dds_create_topic_generic (pp 0xaaaaf5be5e60 110ce4e:83e26d0:2ed73607:1c1 sertype 0xaaaaf5c01d50 reg?no refc 1 rr/talker/get_parameter_typesReply/rcl_interfaces::srv::dds_::GetParameterTypes_Response_)
1777481649.401988 [0]        tev: acknack 110ce4e:83e26d0:2ed73607:4c7 -> 110cfe5:7645227d:5dd75df7:4c2: F#2:2/0:
1777481649.402074 [0]     talker: lookup_and_check_ktopic_may_unlock_pp: no such ktopic
1777481649.401817 [0] dq.builtin: rdidx 0 lidx udp/239.255.0.1:7401@3 1 -> 8
1777481649.402158 [0] dq.builtin:                                                                   a
1777481649.402177 [0]        tev: send acknack(rd 110ce4e:83e26d0:2ed73607:4c7 -> pwr 110cfe5:7645227d:5dd75df7:4c2)
1777481649.402115 [0]     talker: create_and_lock_ktopic: ktp 0xaaaaf5c022e0
1777481649.402354 [0] dq.builtin:   loc  0 = udp/192.168.50.95:42984@3                         1 { +u  }
1777481649.402441 [0]     talker: dds_create_topic_generic: register new sertype 0xaaaaf5c01d50
1777481649.402489 [0] dq.builtin:   loc  1 = udp/239.255.0.1:7401@3                            2 { +1  }
1777481649.402639 [0] dq.builtin:   best = 0
1777481649.402581 [0]     talker: dds_create_topic_generic: new topic 1316601727
1777481649.402454 [0]        tev: nn_xpack_send 304: 0xffffa400139c:20 0xaaaaf5bfef48:36 0xaaaaf5bfeca4:248 [ udp/192.168.50.95:42984@3 ]
1777481649.402751 [0]     talker: dds_create_topic_generic (pp 0xaaaaf5be5e60 110ce4e:83e26d0:2ed73607:1c1 sertype 0xaaaaf5c02600 reg?no refc 1 rq/talker/get_parameter_typesRequest/rcl_interfaces::srv::dds_::GetParameterTypes_Request_)
1777481649.402764 [0]        tev: traffic-xmit (1) 304
1777481649.402693 [0] dq.builtin:   simple udp/192.168.50.95:42984@3
1777481649.402865 [0]        tev: xpack_addmsg 0xffffa4001390 0xaaaaf5bf6740 0(control): niov 0 sz 0 => now niov 2 sz 64
1777481649.402913 [0]        tev: acknack 110ce4e:83e26d0:2ed73607:200c7 -> 110cfe5:7645227d:5dd75df7:200c2: F#2:92/0:
1777481649.402938 [0] dq.builtin: rebuild_writer_addrset(110ce4e:83e26d0:2ed73607:403): udp/192.168.50.95:42984@3 (burst size 4294901760 rexmit 283990)
1777481649.402942 [0]        tev: send acknack(rd 110ce4e:83e26d0:2ed73607:200c7 -> pwr 110cfe5:7645227d:5dd75df7:200c2)
1777481649.403003 [0] dq.builtin: data(builtin, vendor 1.16): 110cfe5:7645227d:5dd75df7:200c2 #91: ST0 DCPSParticipantMessage/ParticipantMessageData:{110cfe5:7645227d:5dd75df7:1}:1<0>
1777481649.403054 [0]        tev: xpack_addmsg 0xffffa4001390 0xaaaaf5bfe840 0(control): niov 2 sz 64 => now niov 3 sz 92
1777481649.402829 [0]     talker: lookup_and_check_ktopic_may_unlock_pp: no such ktopic
1777481649.403147 [0]        tev: nn_xpack_send 92: 0xffffa400139c:20 0xaaaaf5bf6f08:44 0xaaaaf5bfef48:28 [ udp/192.168.50.95:42984@3 ]
1777481649.403169 [0] dq.builtin:  PMD ST0 pp 110cfe5:7645227d:5dd75df7 kind 1 data 1
1777481649.403187 [0]        tev: traffic-xmit (1) 92
1777481649.403151 [0]     talker: create_and_lock_ktopic: ktp 0xaaaaf5c02e90
1777481649.403269 [0]        tev: xpack_addmsg 0xffffa4001390 0xaaaaf5bffc10 0(data(110ce4e:83e26d0:2ed73607:4c2:#2/1)): niov 0 sz 0 => now niov 3 sz 296
1777481649.403351 [0]     talker: dds_create_topic_generic: register new sertype 0xaaaaf5c02600
1777481649.403469 [0]        tev: nn_xpack_send 296: 0xffffa400139c:20 0xaaaaf5c005a8:36 0xaaaaf5c00074:240 [ udp/192.168.50.95:42984@3 ]
1777481649.403508 [0]        tev: traffic-xmit (1) 296
1777481649.403453 [0]     talker: dds_create_topic_generic: new topic 66715530
1777481649.403665 [0]     talker: new_writer(guid 110ce4e:83e26d0:2ed73607:903, (default).rr/talker/get_parameter_typesReply/rcl_interfaces::srv::dds_::GetParameterTypes_Response_)
1777481649.403757 [0]     talker: ref_participant(110ce4e:83e26d0:2ed73607:1c1 @ 0xaaaaf5bdf510 <- 110ce4e:83e26d0:2ed73607:903 @ 0xaaaaf5c039d4) user 10 builtin 8
1777481649.403901 [0]     talker: WRITER 110ce4e:83e26d0:2ed73607:903 QOS={user_data=52<"serviceid= 1.10.ce.4e.8.3e.26.d0.2e.d7.36.7.0.0.0.2;">,topic_name="rr/talker/get_parameter_typesReply",type_name="rcl_interfaces::srv::dds_::GetParameterTypes_Response_",topic_data=0<>,group_data=0<>,durability=0,durability_service=0:0:1:-1:-1:-1,deadline=9223372036854775807,latency_budget=0,liveliness=0:9223372036854775807,reliability=1:9223372036854775807,lifespan=9223372036854775807,destination_order=0,history=0:1000,resource_limits=-1:-1:-1,ownership=0,ownership_strength=0,presentation=0:0:0,partition={},transport_priority=0,data_representation=1(0),adlink_entity_factory=1,adlink_writer_data_lifecycle=0}
1777481649.404021 [0]     talker: write_sample 0:0:0:3c2 #7: ST0 DCPSPublication/org::eclipse::cyclonedds::builtin::DCPSPublication:(blob)
1777481649.404054 [0]     talker:  => EVERYONE
1777481649.404078 [0]         gc: gc 0xaaaaf5c041a0: not yet, shortsleep
1777481649.404142 [0]     talker: match_writer_with_proxy_readers(wr 110ce4e:83e26d0:2ed73607:903) scanning all prds of topic rr/talker/get_parameter_typesReply
1777481649.404071 [0]        tev: writer_hbcontrol: wr 110ce4e:83e26d0:2ed73607:403 unicasting to prd 110cfe5:7645227d:5dd75df7:504 (rel-prd 1 seq-eq-max 0 seq 3 maxseq 3)
1777481649.404176 [0]     talker: match_writer_with_readers(wr 110ce4e:83e26d0:2ed73607:903) scanning all rds of topic rr/talker/get_parameter_typesReply
1777481649.404232 [0]        tev: heartbeat(wr 110ce4e:83e26d0:2ed73607:403) sent, resched in 0.1 s (min-ack 3!, avail-seq 3, xmit 3)
1777481649.404301 [0]        tev: xpack_addmsg 0xffffa4001390 0xaaaaf5bffc10 0(control): niov 0 sz 0 => now niov 2 sz 68
1777481649.404381 [0]        tev: nn_xpack_send 68: 0xffffa400139c:20 0xaaaaf5c00598:48 [ udp/192.168.50.95:42984@3 ]
1777481649.404412 [0]        tev: traffic-xmit (1) 68
1777481649.404421 [0]     talker: write_sample 110ce4e:83e26d0:2ed73607:3c2 #4: ST0 DCPSPublication/PublicationBuiltinTopicData:{user_data=52<"serviceid= 1.10.ce.4e.8.3e.26.d0.2e.d7.36.7.0.0.0.2;">,topic_name="rr/talker/get_parameter_typesReply",type_name="rcl_interfaces::srv::dds_::GetParameterTypes_Response_",reliability=1:9223372036854775807,history=0:1000,protocol_version=2:1,vendorid=1:16,endpoint_guid={110ce4e:83e26d0:2ed73607:903},adlink_entity_factory=1,adlink_writer_data_lifecycle=0}
1777481649.404538 [0]     talker: non-timed queue now has 1 items
1777481649.404573 [0]     recvUC: HDR(110cfe5:7645227d:5dd75df7 vendor 1.16) len 68 from udp/192.168.50.95:47636
1777481649.404609 [0]     recvUC: INFODST(110ce4e:83e26d0:2ed73607)
1777481649.404661 [0]     recvUC: ACKNACK(F#6:3/1:1 L(:1c1 2769.986342) 110cfe5:7645227d:5dd75df7:504 -> 110ce4e:83e26d0:2ed73607:403 complying RX3non-timed queue now has 2 items
1777481649.404678 [0]     talker: new_reader(guid 110ce4e:83e26d0:2ed73607:a04, (default).rq/talker/get_parameter_typesRequest/rcl_interfaces::srv::dds_::GetParameterTypes_Request_)
1777481649.404702 [0]     recvUC:  rexmit#1 maxseq:3<3<=3defer_heartbeat_to_peer: 110ce4e:83e26d0:2ed73607:403 -> 110cfe5:7645227d:5dd75df7:504 - queue for transmit
1777481649.404787 [0]     recvUC: )
1777481649.404824 [0]        tev: xpack_addmsg 0xffffa4001390 0xaaaaf5c04680 0(data(110ce4e:83e26d0:2ed73607:3c2:#4/1)): niov 0 sz 0 => now niov 3 sz 312
1777481649.404741 [0]     talker: ref_participant(110ce4e:83e26d0:2ed73607:1c1 @ 0xaaaaf5bdf510 <- 110ce4e:83e26d0:2ed73607:a04 @ 0xaaaaf5c053a4) user 11 builtin 8
1777481649.404829 [0]     recvUC: send_deferred_heartbeat: b071a3853d4b25aa -> 181b8b049504d52f - queue for transmit
1777481649.404941 [0]     recvUC: non-timed queue now has 1 items
1777481649.404978 [0]        tev: nn_xpack_send 312: 0xffffa400139c:20 0xaaaaf5c04d88:36 0xaaaaf5c04ae4:256 [ udp/192.168.50.95:42984@3 ]
1777481649.405016 [0]        tev: traffic-xmit (1) 312
1777481649.404995 [0]     talker: READER 110ce4e:83e26d0:2ed73607:a04 QOS={user_data=52<"serviceid= 1.10.ce.4e.8.3e.26.d0.2e.d7.36.7.0.0.0.2;">,topic_name="rq/talker/get_parameter_typesRequest",type_name="rcl_interfaces::srv::dds_::GetParameterTypes_Request_",topic_data=0<>,group_data=0<>,durability=0,deadline=9223372036854775807,latency_budget=0,liveliness=0:9223372036854775807,reliability=1:9223372036854775807,destination_order=0,history=0:1000,resource_limits=-1:-1:-1,ownership=0,presentation=0:0:0,partition={},time_based_filter=0,transport_priority=0,type_consistency_enforcement=1:11000,data_representation=1(0),adlink_entity_factory=1,adlink_reader_lifespan=0:9223372036854775807,adlink_reader_data_lifecycle=9223372036854775807:9223372036854775807,adlink_subscription_keys=0:{}}
1777481649.405108 [0]        tev: xpack_addmsg 0xffffa4001390 0xffff94001870 0(rexmit(110ce4e:83e26d0:2ed73607:403:#3/1)): niov 0 sz 0 => now niov 3 sz 204
1777481649.405147 [0]        tev: xpack_addmsg 0xffffa4001390 0xffff94001a40 0(control): niov 3 sz 204 => now niov 4 sz 236
1777481649.405177 [0]     talker: write_sample 0:0:0:4c2 #7: ST0 DCPSSubscription/org::eclipse::cyclonedds::builtin::DCPSSubscription:(blob)
1777481649.405296 [0]     talker:  => EVERYONE
1777481649.405331 [0]        tev: nn_xpack_send 236: 0xffffa400139c:20 0xffff94001958:52 0xaaaaf5c009c0:132 0xffff94001b38:32 [ udp/192.168.50.95:42984@3 ]
1777481649.405354 [0]     talker: match_reader_with_proxy_writers(rd 110ce4e:83e26d0:2ed73607:a04) scanning all pwrs of topic rq/talker/get_parameter_typesRequest
1777481649.405425 [0]     talker: match_reader_with_writers(rd 110ce4e:83e26d0:2ed73607:a04) scanning all wrs of topic rq/talker/get_parameter_typesRequest
1777481649.405367 [0]        tev: traffic-xmit (1) 236
1777481649.405253 [0]         gc: gc 0xaaaaf5c041a0: deleting
1777481649.405598 [0]     recvUC: HDR(110cfe5:7645227d:5dd75df7 vendor 1.16) len 64 from udp/192.168.50.95:47636
1777481649.405571 [0]     talker: write_sample 110ce4e:83e26d0:2ed73607:4c2 #3: ST0 DCPSSubscription/SubscriptionBuiltinTopicData:{user_data=52<"serviceid= 1.10.ce.4e.8.3e.26.d0.2e.d7.36.7.0.0.0.2;">,topic_name="rq/talker/get_parameter_typesRequest",type_name="rcl_interfaces::srv::dds_::GetParameterTypes_Request_",reliability=1:9223372036854775807,history=0:1000,protocol_version=2:1,vendorid=1:16,endpoint_guid={110ce4e:83e26d0:2ed73607:a04},adlink_entity_factory=1}
1777481649.405850 [0]     recvUC: INFODST(110ce4e:83e26d0:2ed73607)
1777481649.405924 [0]     talker: non-timed queue now has 1 items
1777481649.405974 [0]     recvUC: ACKNACK(F#7:4/0: L(:1c1 2769.987580) 110cfe5:7645227d:5dd75df7:504 -> 110ce4e:83e26d0:2ed73607:403 setting-has-replied-to-hb happy-now)
1777481649.406033 [0]        tev: xpack_addmsg 0xffffa4001390 0xaaaaf5c05a30 0(data(110ce4e:83e26d0:2ed73607:4c2:#3/1)): niov 0 sz 0 => now niov 3 sz 308
1777481649.406172 [0]        tev: nn_xpack_send 308: 0xffffa400139c:20 0xaaaaf5c04268:36 0xaaaaf5c05e94:252 [ udp/192.168.50.95:42984@3 ]
1777481649.406214 [0]        tev: traffic-xmit (1) 308
1777481649.406177 [0]     talker: write_sample 110ce4e:83e26d0:2ed73607:403 #4: ST0 ros_discovery_info/rmw_dds_common::msg::dds_::ParticipantEntitiesInfo_:{{{{1,16,206,78,8,62,38,208,46,215,54,7,0,0,1,193,0,0,0,0,0,0,0,0}}},{{"/","talker",{{{{1,16,206,78,8,62,38,208,46,215,54,7,0,0,8,4,0,0,0,0,0,0,0,0}}}{{{1,16,206,78,8,62,38,208,46,215,54,7,0,0,10,4,0,0,0,0,0,0,0,0}}}},{{{{1,16,206,78,8,62,38,208,46,215,54,7,0,0,6,3,0,0,0,0,0,0,0,0}}}{{{1,16,206,78,8,62,38,208,46,215,54,7,0,0,7,3,0,0,0,0,0,0,0,0}}}{{{1,16,206,78,8,62,38,208,46,215,54,7,0,0,9,3,0,0,0,0,0,0,0,0}}}}}}}
1777481649.406371 [0]     talker: xpack_addmsg 0xaaaaf5beb720 0xaaaaf5c062f0 0(data(110ce4e:83e26d0:2ed73607:403:#4/1)): niov 0 sz 0 => now niov 3 sz 236
1777481649.406418 [0]     talker: writer_hbcontrol: wr 110ce4e:83e26d0:2ed73607:403 multicasting (rel-prd 1 seq-eq-max 1 seq 4 maxseq 3)
1777481649.406454 [0]     talker: heartbeat(wr 110ce4e:83e26d0:2ed73607:403) piggybacked, resched in 0.0979647 s (min-ack 3, avail-seq 4, xmit 3)
1777481649.406489 [0]     talker: xpack_addmsg 0xaaaaf5beb720 0xaaaaf5c07480 0(control): niov 3 sz 236 => now niov 4 sz 268
1777481649.406585 [0]     talker: nn_xpack_send 268: 0xaaaaf5beb72c:20 0xaaaaf5c063e8:36 0xaaaaf5c06190:180 0xaaaaf5c07578:32 [ udp/192.168.50.95:42984@3 ]
1777481649.406615 [0]     talker: traffic-xmit (1) 268
1777481649.406645 [0]     talker:  => EVERYONE
1777481649.406909 [0]     recvUC: HDR(110cfe5:7645227d:5dd75df7 vendor 1.16) len 64 from udp/192.168.50.95:47636
1777481649.406979 [0]     recvUC: INFODST(110ce4e:83e26d0:2ed73607)
1777481649.407018 [0]     talker: dds_create_topic_generic (pp 0xaaaaf5be5e60 110ce4e:83e26d0:2ed73607:1c1 sertype 0xaaaaf5c08ae0 reg?no refc 1 rr/talker/set_parametersReply/rcl_interfaces::srv::dds_::SetParameters_Response_)
1777481649.407110 [0]     talker: lookup_and_check_ktopic_may_unlock_pp: no such ktopic
1777481649.407141 [0]     talker: create_and_lock_ktopic: ktp 0xaaaaf5c09460
1777481649.407178 [0]     talker: dds_create_topic_generic: register new sertype 0xaaaaf5c08ae0
1777481649.407068 [0]     recvUC: ACKNACK(F#8:5/0: L(:1c1 2769.988711) 110cfe5:7645227d:5dd75df7:504 -> 110ce4e:83e26d0:2ed73607:403 ACK1 RM0)
1777481649.407219 [0]     talker: dds_create_topic_generic: new topic 327098426
1777481649.407530 [0]     talker: dds_create_topic_generic (pp 0xaaaaf5be5e60 110ce4e:83e26d0:2ed73607:1c1 sertype 0xaaaaf5c09780 reg?no refc 1 rq/talker/set_parametersRequest/rcl_interfaces::srv::dds_::SetParameters_Request_)
1777481649.407566 [0]     talker: lookup_and_check_ktopic_may_unlock_pp: no such ktopic
1777481649.407619 [0]     talker: create_and_lock_ktopic: ktp 0xaaaaf5c0c110
1777481649.407648 [0]     talker: dds_create_topic_generic: register new sertype 0xaaaaf5c09780
1777481649.407692 [0]     talker: dds_create_topic_generic: new topic 988606147
1777481649.407781 [0]     talker: new_writer(guid 110ce4e:83e26d0:2ed73607:b03, (default).rr/talker/set_parametersReply/rcl_interfaces::srv::dds_::SetParameters_Response_)
1777481649.407835 [0]     talker: ref_participant(110ce4e:83e26d0:2ed73607:1c1 @ 0xaaaaf5bdf510 <- 110ce4e:83e26d0:2ed73607:b03 @ 0xaaaaf5c0ccc4) user 12 builtin 8
1777481649.407911 [0]     talker: WRITER 110ce4e:83e26d0:2ed73607:b03 QOS={user_data=52<"serviceid= 1.10.ce.4e.8.3e.26.d0.2e.d7.36.7.0.0.0.3;">,topic_name="rr/talker/set_parametersReply",type_name="rcl_interfaces::srv::dds_::SetParameters_Response_",topic_data=0<>,group_data=0<>,durability=0,durability_service=0:0:1:-1:-1:-1,deadline=9223372036854775807,latency_budget=0,liveliness=0:9223372036854775807,reliability=1:9223372036854775807,lifespan=9223372036854775807,destination_order=0,history=0:1000,resource_limits=-1:-1:-1,ownership=0,ownership_strength=0,presentation=0:0:0,partition={},transport_priority=0,data_representation=1(0),adlink_entity_factory=1,adlink_writer_data_lifecycle=0}
1777481649.407959 [0]     talker: write_sample 0:0:0:3c2 #8: ST0 DCPSPublication/org::eclipse::cyclonedds::builtin::DCPSPublication:(blob)
1777481649.407987 [0]     talker:  => EVERYONE
1777481649.408035 [0]     talker: match_writer_with_proxy_readers(wr 110ce4e:83e26d0:2ed73607:b03) scanning all prds of topic rr/talker/set_parametersReply
1777481649.408071 [0]     talker: match_writer_with_readers(wr 110ce4e:83e26d0:2ed73607:b03) scanning all rds of topic rr/talker/set_parametersReply
1777481649.408150 [0]     talker: write_sample 110ce4e:83e26d0:2ed73607:3c2 #5: ST0 DCPSPublication/PublicationBuiltinTopicData:{user_data=52<"serviceid= 1.10.ce.4e.8.3e.26.d0.2e.d7.36.7.0.0.0.3;">,topic_name="rr/talker/set_parametersReply",type_name="rcl_interfaces::srv::dds_::SetParameters_Response_",reliability=1:9223372036854775807,history=0:1000,protocol_version=2:1,vendorid=1:16,endpoint_guid={110ce4e:83e26d0:2ed73607:b03},adlink_entity_factory=1,adlink_writer_data_lifecycle=0}
1777481649.408195 [0]     talker: non-timed queue now has 1 items
1777481649.408261 [0]     talker: new_reader(guid 110ce4e:83e26d0:2ed73607:c04, (default).rq/talker/set_parametersRequest/rcl_interfaces::srv::dds_::SetParameters_Request_)
1777481649.408314 [0]     talker: ref_participant(110ce4e:83e26d0:2ed73607:1c1 @ 0xaaaaf5bdf510 <- 110ce4e:83e26d0:2ed73607:c04 @ 0xaaaaf5c0e004) user 13 builtin 8
1777481649.408392 [0]     talker: READER 110ce4e:83e26d0:2ed73607:c04 QOS={user_data=52<"serviceid= 1.10.ce.4e.8.3e.26.d0.2e.d7.36.7.0.0.0.3;">,topic_name="rq/talker/set_parametersRequest",type_name="rcl_interfaces::srv::dds_::SetParameters_Request_",topic_data=0<>,group_data=0<>,durability=0,deadline=9223372036854775807,latency_budget=0,liveliness=0:9223372036854775807,reliability=1:9223372036854775807,destination_order=0,history=0:1000,resource_limits=-1:-1:-1,ownership=0,presentation=0:0:0,partition={},time_based_filter=0,transport_priority=0,type_consistency_enforcement=1:11000,data_representation=1(0),adlink_entity_factory=1,adlink_reader_lifespan=0:9223372036854775807,adlink_reader_data_lifecycle=9223372036854775807:9223372036854775807,adlink_subscription_keys=0:{}}
1777481649.408437 [0]     talker: write_sample 0:0:0:4c2 #8: ST0 DCPSSubscription/org::eclipse::cyclonedds::builtin::DCPSSubscription:(blob)
1777481649.408465 [0]     talker:  => EVERYONE
1777481649.408507 [0]     talker: match_reader_with_proxy_writers(rd 110ce4e:83e26d0:2ed73607:c04) scanning all pwrs of topic rq/talker/set_parametersRequest
1777481649.408540 [0]     talker: match_reader_with_writers(rd 110ce4e:83e26d0:2ed73607:c04) scanning all wrs of topic rq/talker/set_parametersRequest
1777481649.408612 [0]     talker: write_sample 110ce4e:83e26d0:2ed73607:4c2 #4: ST0 DCPSSubscription/SubscriptionBuiltinTopicData:{user_data=52<"serviceid= 1.10.ce.4e.8.3e.26.d0.2e.d7.36.7.0.0.0.3;">,topic_name="rq/talker/set_parametersRequest",type_name="rcl_interfaces::srv::dds_::SetParameters_Request_",reliability=1:9223372036854775807,history=0:1000,protocol_version=2:1,vendorid=1:16,endpoint_guid={110ce4e:83e26d0:2ed73607:c04},adlink_entity_factory=1}
1777481649.408674 [0]     talker: non-timed queue now has 2 items
1777481649.408877 [0]     talker: write_sample 110ce4e:83e26d0:2ed73607:403 #5: ST0 ros_discovery_info/rmw_dds_common::msg::dds_::ParticipantEntitiesInfo_:{{{{1,16,206,78,8,62,38,208,46,215,54,7,0,0,1,193,0,0,0,0,0,0,0,0}}},{{"/","talker",{{{{1,16,206,78,8,62,38,208,46,215,54,7,0,0,8,4,0,0,0,0,0,0,0,0}}}{{{1,16,206,78,8,62,38,208,46,215,54,7,0,0,10,4,0,0,0,0,0,0,0,0}}}{{{1,16,206,78,8,62,38,208,46,215,54,7,0,0,12,4,0,0,0,0,0,0,0,0}}}},{{{{1,16,206,78,8,62,38,208,46,215,54,7,0,0,6,3,0,0,0,0,0,0,0,0}}}{{{1,16,206,78,8,62,38,208,46,215,54,7,0,0,7,3,0,0,0,0,0,0,0,0}}}{{{1,16,206,78,8,62,38,208,46,215,54,7,0,0,9,3,0,0,0,0,0,0,0,0}}}{{{1,16,206,78,8,62,38,208,46,215,54,7,0,0,11,3,0,0,0,0,0,0,0,0}}}}}}}
1777481649.408924 [0]     talker: xpack_addmsg 0xaaaaf5beb720 0xaaaaf5c0f240 0(data(110ce4e:83e26d0:2ed73607:403:#5/1)): niov 0 sz 0 => now niov 3 sz 284
1777481649.408964 [0]     talker: writer_hbcontrol: wr 110ce4e:83e26d0:2ed73607:403 multicasting (rel-prd 1 seq-eq-max 1 seq 5 maxseq 4)
1777481649.408999 [0]     talker: heartbeat(wr 110ce4e:83e26d0:2ed73607:403 final) piggybacked, resched in 0.0952881 s (min-ack 4, avail-seq 5, xmit 4)
1777481649.409030 [0]     talker: xpack_addmsg 0xaaaaf5beb720 0xaaaaf5c0f3c0 0(control): niov 3 sz 284 => now niov 4 sz 316
1777481649.409144 [0]     talker: nn_xpack_send 316: 0xaaaaf5beb72c:20 0xaaaaf5c0f338:36 0xaaaaf5c0f0b0:228 0xaaaaf5c0f4b8:32 [ udp/192.168.50.95:42984@3 ]
1777481649.409183 [0]     talker: traffic-xmit (1) 316
1777481649.409241 [0]     talker:  => EVERYONE
1777481649.409209 [0]        tev: xpack_addmsg 0xffffa4001390 0xaaaaf5c05a30 0(control): niov 0 sz 0 => now niov 2 sz 64
1777481649.409419 [0]        tev: nn_xpack_send 64: 0xffffa400139c:20 0xaaaaf5c04258:44 [ udp/192.168.50.95:42984@3 ]
1777481649.409471 [0]        tev: traffic-xmit (1) 64
1777481649.409510 [0]        tev: xpack_addmsg 0xffffa4001390 0xaaaaf5c07480 0(data(110ce4e:83e26d0:2ed73607:3c2:#5/1)): niov 0 sz 0 => now niov 3 sz 304
1777481649.409558 [0]     talker: dds_create_topic_generic (pp 0xaaaaf5be5e60 110ce4e:83e26d0:2ed73607:1c1 sertype 0xaaaaf5c10b70 reg?no refc 1 rr/talker/set_parameters_atomicallyReply/rcl_interfaces::srv::dds_::SetParametersAtomically_Response_)
1777481649.409600 [0]     talker: lookup_and_check_ktopic_may_unlock_pp: no such ktopic
1777481649.409561 [0]        tev: xpack_addmsg 0xffffa4001390 0xaaaaf5c062f0 0(data(110ce4e:83e26d0:2ed73607:4c2:#4/1)): niov 3 sz 304 => now niov 5 sz 580
1777481649.409635 [0]     talker: create_and_lock_ktopic: ktp 0xaaaaf5c10c20
1777481649.409651 [0]     recvUC: HDR(110cfe5:7645227d:5dd75df7 vendor 1.16) len 68 from udp/192.168.50.95:47636
1777481649.409733 [0]     recvUC: INFODST(110ce4e:83e26d0:2ed73607)
1777481649.409670 [0]     talker: dds_create_topic_generic: register new sertype 0xaaaaf5c10b70
1777481649.409801 [0]        tev: nn_xpack_send 580: 0xffffa400139c:20 0xaaaaf5c07578:36 0xaaaaf5c0d4f4:248 0xaaaaf5c063e8:36 0xaaaaf5c0e984:240 [ udp/192.168.50.95:42984@3 ]
1777481649.409866 [0]        tev: traffic-xmit (1) 580
1777481649.409830 [0]     talker: dds_create_topic_generic: new topic 480997070
1777481649.410110 [0]     talker: dds_create_topic_generic (pp 0xaaaaf5be5e60 110ce4e:83e26d0:2ed73607:1c1 sertype 0xaaaaf5c11600 reg?no refc 1 rq/talker/set_parameters_atomicallyRequest/rcl_interfaces::srv::dds_::SetParametersAtomically_Request_)
1777481649.410140 [0]        tev: acknack 110ce4e:83e26d0:2ed73607:504 -> 110cfe5:7645227d:5dd75df7:403: F#1:3/1:1
1777481649.410113 [0]     recvUC: HEARTBEAT(#4:3..3  L(:1c1 2769.991466)110cfe5:7645227d:5dd75df7:403 -> 110ce4e:83e26d0:2ed73607:504: end-of-tl-seq(rd 110ce4e:83e26d0:2ed73607:504 #3) 110ce4e:83e26d0:2ed73607:504@2)
1777481649.410180 [0]        tev: send acknack(rd 110ce4e:83e26d0:2ed73607:504 -> pwr 110cfe5:7645227d:5dd75df7:403)
1777481649.410157 [0]     talker: lookup_and_check_ktopic_may_unlock_pp: no such ktopic
1777481649.410376 [0]        tev: xpack_addmsg 0xffffa4001390 0xaaaaf5c07480 0(control): niov 0 sz 0 => now niov 2 sz 68
1777481649.410435 [0]     talker: create_and_lock_ktopic: ktp 0xaaaaf5c0ec80
1777481649.410456 [0]        tev: nn_xpack_send 68: 0xffffa400139c:20 0xaaaaf5c07568:48 [ udp/192.168.50.95:42984@3 ]
1777481649.410537 [0]        tev: traffic-xmit (1) 68
1777481649.410499 [0]     talker: dds_create_topic_generic: register new sertype 0xaaaaf5c11600
1777481649.410643 [0]     talker: dds_create_topic_generic: new topic 1330067594
1777481649.410755 [0]     talker: new_writer(guid 110ce4e:83e26d0:2ed73607:d03, (default).rr/talker/set_parameters_atomicallyReply/rcl_interfaces::srv::dds_::SetParametersAtomically_Response_)
1777481649.410798 [0]     talker: ref_participant(110ce4e:83e26d0:2ed73607:1c1 @ 0xaaaaf5bdf510 <- 110ce4e:83e26d0:2ed73607:d03 @ 0xaaaaf5c14ae4) user 14 builtin 8
1777481649.410887 [0]     talker: WRITER 110ce4e:83e26d0:2ed73607:d03 QOS={user_data=52<"serviceid= 1.10.ce.4e.8.3e.26.d0.2e.d7.36.7.0.0.0.4;">,topic_name="rr/talker/set_parameters_atomicallyReply",type_name="rcl_interfaces::srv::dds_::SetParametersAtomically_Response_",topic_data=0<>,group_data=0<>,durability=0,durability_service=0:0:1:-1:-1:-1,deadline=9223372036854775807,latency_budget=0,liveliness=0:9223372036854775807,reliability=1:9223372036854775807,lifespan=9223372036854775807,destination_order=0,history=0:1000,resource_limits=-1:-1:-1,ownership=0,ownership_strength=0,presentation=0:0:0,partition={},transport_priority=0,data_representation=1(0),adlink_entity_factory=1,adlink_writer_data_lifecycle=0}
1777481649.410937 [0]     talker: write_sample 0:0:0:3c2 #9: ST0 DCPSPublication/org::eclipse::cyclonedds::builtin::DCPSPublication:(blob)
1777481649.410965 [0]     talker:  => EVERYONE
1777481649.411013 [0]     talker: match_writer_with_proxy_readers(wr 110ce4e:83e26d0:2ed73607:d03) scanning all prds of topic rr/talker/set_parameters_atomicallyReply
1777481649.411045 [0]     talker: match_writer_with_readers(wr 110ce4e:83e26d0:2ed73607:d03) scanning all rds of topic rr/talker/set_parameters_atomicallyReply
1777481649.411129 [0]     talker: write_sample 110ce4e:83e26d0:2ed73607:3c2 #6: ST0 DCPSPublication/PublicationBuiltinTopicData:{user_data=52<"serviceid= 1.10.ce.4e.8.3e.26.d0.2e.d7.36.7.0.0.0.4;">,topic_name="rr/talker/set_parameters_atomicallyReply",type_name="rcl_interfaces::srv::dds_::SetParametersAtomically_Response_",reliability=1:9223372036854775807,history=0:1000,protocol_version=2:1,vendorid=1:16,endpoint_guid={110ce4e:83e26d0:2ed73607:d03},adlink_entity_factory=1,adlink_writer_data_lifecycle=0}
1777481649.411174 [0]     talker: non-timed queue now has 1 items
1777481649.411230 [0]     talker: new_reader(guid 110ce4e:83e26d0:2ed73607:e04, (default).rq/talker/set_parameters_atomicallyRequest/rcl_interfaces::srv::dds_::SetParametersAtomically_Request_)
1777481649.411273 [0]        tev: xpack_addmsg 0xffffa4001390 0xaaaaf5c0f3c0 0(data(110ce4e:83e26d0:2ed73607:3c2:#6/1)): niov 0 sz 0 => now niov 3 sz 328
1777481649.411295 [0]     talker: ref_participant(110ce4e:83e26d0:2ed73607:1c1 @ 0xaaaaf5bdf510 <- 110ce4e:83e26d0:2ed73607:e04 @ 0xaaaaf5c15ef4) user 15 builtin 8
1777481649.411351 [0]         gc: gc 0xaaaaf5c16280: not yet, shortsleep
1777481649.410644 [0]     recvUC: HDR(110cfe5:7645227d:5dd75df7 vendor 1.16) len 256 from udp/192.168.50.95:47636
1777481649.411544 [0]     talker: READER 110ce4e:83e26d0:2ed73607:e04 QOS={user_data=52<"serviceid= 1.10.ce.4e.8.3e.26.d0.2e.d7.36.7.0.0.0.4;">,topic_name="rq/talker/set_parameters_atomicallyRequest",type_name="rcl_interfaces::srv::dds_::SetParametersAtomically_Request_",topic_data=0<>,group_data=0<>,durability=0,deadline=9223372036854775807,latency_budget=0,liveliness=0:9223372036854775807,reliability=1:9223372036854775807,destination_order=0,history=0:1000,resource_limits=-1:-1:-1,ownership=0,presentation=0:0:0,partition={},time_based_filter=0,transport_priority=0,type_consistency_enforcement=1:11000,data_representation=1(0),adlink_entity_factory=1,adlink_reader_lifespan=0:9223372036854775807,adlink_reader_data_lifecycle=9223372036854775807:9223372036854775807,adlink_subscription_keys=0:{}}
1777481649.411628 [0]     talker: write_sample 0:0:0:4c2 #9: ST0 DCPSSubscription/org::eclipse::cyclonedds::builtin::DCPSSubscription:(blob)
1777481649.411664 [0]     talker:  => EVERYONE
1777481649.411561 [0]     recvUC: INFODST(110ce4e:83e26d0:2ed73607)
1777481649.411718 [0]     talker: match_reader_with_proxy_writers(rd 110ce4e:83e26d0:2ed73607:e04) scanning all pwrs of topic rq/talker/set_parameters_atomicallyRequest
1777481649.411553 [0]        tev: nn_xpack_send 328: 0xffffa400139c:20 0xaaaaf5c0f4b8:36 0xaaaaf5c15864:272 [ udp/192.168.50.95:42984@3 ]
1777481649.411775 [0]     talker: match_reader_with_writers(rd 110ce4e:83e26d0:2ed73607:e04) scanning all wrs of topic rq/talker/set_parameters_atomicallyRequest
1777481649.411798 [0]     recvUC: INFOTS(1777480921.788891573)
1777481649.411850 [0]        tev: traffic-xmit (1) 328
1777481649.411867 [0]     talker: write_sample 110ce4e:83e26d0:2ed73607:4c2 #5: ST0 DCPSSubscription/SubscriptionBuiltinTopicData:{user_data=52<"serviceid= 1.10.ce.4e.8.3e.26.d0.2e.d7.36.7.0.0.0.4;">,topic_name="rq/talker/set_parameters_atomicallyRequest",type_name="rcl_interfaces::srv::dds_::SetParametersAtomically_Request_",reliability=1:9223372036854775807,history=0:1000,protocol_version=2:1,vendorid=1:16,endpoint_guid={110ce4e:83e26d0:2ed73607:e04},adlink_entity_factory=1}
1777481649.411985 [0]     recvUC: DATA(110cfe5:7645227d:5dd75df7:403 -> 110ce4e:83e26d0:2ed73607:504 #3 L(:1c1 2769.993232) msr_in_sync(110ce4e:83e26d0:2ed73607:504 out-of-sync to tlcatchup)data(application, vendor 1.16): 110cfe5:7645227d:5dd75df7:403 #3: ST0 ros_discovery_info/rmw_dds_common::msg::dds_::ParticipantEntitiesInfo_:{{{{1,16,207,229,118,69,34,125,93,215,93,247,0,0,1,193,0,0,0,0,0,0,0,0}}},{{"/","_ros2cli_daemon_0_19e5974747324480bd941bd7bd1aeb8d",{},{{{{1,16,207,229,118,69,34,125,93,215,93,247,0,0,6,3,0,0,0,0,0,0,0,0}}}{{{1,16,207,229,118,69,34,125,93,215,93,247,0,0,7,3,0,0,0,0,0,0,0,0}}}}}}} =>110ce4e:83e26d0:2ed73607:504
1777481649.412092 [0]     recvUC: )
1777481649.412092 [0]     talker: non-timed queue now has 1 items
1777481649.412186 [0]        tev: xpack_addmsg 0xffffa4001390 0xaaaaf5c0f240 0(data(110ce4e:83e26d0:2ed73607:4c2:#5/1)): niov 0 sz 0 => now niov 3 sz 316
1777481649.412235 [0]     recvUC: HEARTBEAT(#5:3..3 110cfe5:7645227d:5dd75df7:403 -> 110ce4e:83e26d0:2ed73607:504: 110ce4e:83e26d0:2ed73607:504@3(sync))
1777481649.412262 [0]        tev: acknack 110ce4e:83e26d0:2ed73607:504 -> 110cfe5:7645227d:5dd75df7:403: F#2:4/0:
1777481649.412298 [0]        tev: send acknack(rd 110ce4e:83e26d0:2ed73607:504 -> pwr 110cfe5:7645227d:5dd75df7:403)
1777481649.412406 [0]        tev: nn_xpack_send 316: 0xffffa400139c:20 0xaaaaf5c0f338:36 0xaaaaf5c16e44:260 [ udp/192.168.50.95:42984@3 ]
1777481649.412439 [0]        tev: traffic-xmit (1) 316
1777481649.412451 [0]     talker: write_sample 110ce4e:83e26d0:2ed73607:403 #6: ST0 ros_discovery_info/rmw_dds_common::msg::dds_::ParticipantEntitiesInfo_:{{{{1,16,206,78,8,62,38,208,46,215,54,7,0,0,1,193,0,0,0,0,0,0,0,0}}},{{"/","talker",{{{{1,16,206,78,8,62,38,208,46,215,54,7,0,0,8,4,0,0,0,0,0,0,0,0}}}{{{1,16,206,78,8,62,38,208,46,215,54,7,0,0,10,4,0,0,0,0,0,0,0,0}}}{{{1,16,206,78,8,62,38,208,46,215,54,7,0,0,12,4,0,0,0,0,0,0,0,0}}}{{{1,16,206,78,8,62,38,208,46,215,54,7,0,0,14,4,0,0,0,0,0,0,0,0}}}},{{{{1,16,206,78,8,62,38,208,46,215,54,7,0,0,6,3,0,0,0,0,0,0,0,0}}}{{{1,16,206,78,8,62,38,208,46,215,54,7,0,0,7,3,0,0,0,0,0,0,0,0}}}{{{1,16,206,78,8,62,38,208,46,215,54,7,0,0,9,3,0,0,0,0,0,0,0,0}}}{{{1,16,206,78,8,62,38,208,46,215,54,7,0,0,11,3,0,0,0,0,0,0,0,0}}}{{{1,16,206,78,8,62,38,208,46,215,54,7,0,0,13,3,0,0,0,0,0,0,0,0}}}}}}}
1777481649.412477 [0]        tev: xpack_addmsg 0xffffa4001390 0xaaaaf5c0f3c0 0(control): niov 0 sz 0 => now niov 2 sz 64
1777481649.412565 [0]     talker: xpack_addmsg 0xaaaaf5beb720 0xaaaaf5c177b0 0(data(110ce4e:83e26d0:2ed73607:403:#6/1)): niov 0 sz 0 => now niov 3 sz 332
1777481649.412607 [0]        tev: nn_xpack_send 64: 0xffffa400139c:20 0xaaaaf5c0f4a8:44 [ udp/192.168.50.95:42984@3 ]
1777481649.412674 [0]     talker: writer_hbcontrol: wr 110ce4e:83e26d0:2ed73607:403 multicasting (rel-prd 1 seq-eq-max 1 seq 6 maxseq 4)
1777481649.412618 [0]         gc: gc 0xaaaaf5c16280: deleting
1777481649.412782 [0]        tev: traffic-xmit (1) 64
1777481649.412723 [0]     talker: heartbeat(wr 110ce4e:83e26d0:2ed73607:403 final) piggybacked, resched in 0.0918199 s (min-ack 4, avail-seq 6, xmit 5)
1777481649.412864 [0]     talker: xpack_addmsg 0xaaaaf5beb720 0xaaaaf5c17930 0(control): niov 3 sz 332 => now niov 4 sz 364
1777481649.413013 [0]     talker: nn_xpack_send 364: 0xaaaaf5beb72c:20 0xaaaaf5c178a8:36 0xaaaaf5c175f0:276 0xaaaaf5c17a28:32 [ udp/192.168.50.95:42984@3 ]
1777481649.413049 [0]     talker: traffic-xmit (1) 364
1777481649.413080 [0]     talker:  => EVERYONE
1777481649.413694 [0]     talker: dds_create_topic_generic (pp 0xaaaaf5be5e60 110ce4e:83e26d0:2ed73607:1c1 sertype 0xaaaaf5c188e0 reg?no refc 1 rr/talker/describe_parametersReply/rcl_interfaces::srv::dds_::DescribeParameters_Response_)
1777481649.413766 [0]     talker: lookup_and_check_ktopic_may_unlock_pp: no such ktopic
1777481649.413800 [0]     talker: create_and_lock_ktopic: ktp 0xaaaaf5c1aee0
1777481649.413831 [0]     talker: dds_create_topic_generic: register new sertype 0xaaaaf5c188e0
1777481649.413880 [0]     talker: dds_create_topic_generic: new topic 591716820
1777481649.413927 [0]     talker: dds_create_topic_generic (pp 0xaaaaf5be5e60 110ce4e:83e26d0:2ed73607:1c1 sertype 0xaaaaf5c1b200 reg?no refc 1 rq/talker/describe_parametersRequest/rcl_interfaces::srv::dds_::DescribeParameters_Request_)
1777481649.413955 [0]     talker: lookup_and_check_ktopic_may_unlock_pp: no such ktopic
1777481649.413982 [0]     talker: create_and_lock_ktopic: ktp 0xaaaaf5c1b9a0
1777481649.414015 [0]     talker: dds_create_topic_generic: register new sertype 0xaaaaf5c1b200
1777481649.414050 [0]     talker: dds_create_topic_generic: new topic 63892132
1777481649.414129 [0]     talker: new_writer(guid 110ce4e:83e26d0:2ed73607:f03, (default).rr/talker/describe_parametersReply/rcl_interfaces::srv::dds_::DescribeParameters_Response_)
1777481649.414169 [0]     talker: ref_participant(110ce4e:83e26d0:2ed73607:1c1 @ 0xaaaaf5bdf510 <- 110ce4e:83e26d0:2ed73607:f03 @ 0xaaaaf5c1c534) user 16 builtin 8
1777481649.414331 [0]     talker: WRITER 110ce4e:83e26d0:2ed73607:f03 QOS={user_data=52<"serviceid= 1.10.ce.4e.8.3e.26.d0.2e.d7.36.7.0.0.0.5;">,topic_name="rr/talker/describe_parametersReply",type_name="rcl_interfaces::srv::dds_::DescribeParameters_Response_",topic_data=0<>,group_data=0<>,durability=0,durability_service=0:0:1:-1:-1:-1,deadline=9223372036854775807,latency_budget=0,liveliness=0:9223372036854775807,reliability=1:9223372036854775807,lifespan=9223372036854775807,destination_order=0,history=0:1000,resource_limits=-1:-1:-1,ownership=0,ownership_strength=0,presentation=0:0:0,partition={},transport_priority=0,data_representation=1(0),adlink_entity_factory=1,adlink_writer_data_lifecycle=0}
1777481649.414387 [0]     talker: write_sample 0:0:0:3c2 #10: ST0 DCPSPublication/org::eclipse::cyclonedds::builtin::DCPSPublication:(blob)
1777481649.414416 [0]     talker:  => EVERYONE
1777481649.414477 [0]     talker: match_writer_with_proxy_readers(wr 110ce4e:83e26d0:2ed73607:f03) scanning all prds of topic rr/talker/describe_parametersReply
1777481649.414532 [0]     talker: match_writer_with_readers(wr 110ce4e:83e26d0:2ed73607:f03) scanning all rds of topic rr/talker/describe_parametersReply
1777481649.414607 [0]     talker: write_sample 110ce4e:83e26d0:2ed73607:3c2 #7: ST0 DCPSPublication/PublicationBuiltinTopicData:{user_data=52<"serviceid= 1.10.ce.4e.8.3e.26.d0.2e.d7.36.7.0.0.0.5;">,topic_name="rr/talker/describe_parametersReply",type_name="rcl_interfaces::srv::dds_::DescribeParameters_Response_",reliability=1:9223372036854775807,history=0:1000,protocol_version=2:1,vendorid=1:16,endpoint_guid={110ce4e:83e26d0:2ed73607:f03},adlink_entity_factory=1,adlink_writer_data_lifecycle=0}
1777481649.414678 [0]     talker: non-timed queue now has 1 items
1777481649.414740 [0]     talker: new_reader(guid 110ce4e:83e26d0:2ed73607:1004, (default).rq/talker/describe_parametersRequest/rcl_interfaces::srv::dds_::DescribeParameters_Request_)
1777481649.414812 [0]     talker: ref_participant(110ce4e:83e26d0:2ed73607:1c1 @ 0xaaaaf5bdf510 <- 110ce4e:83e26d0:2ed73607:1004 @ 0xaaaaf5c1da14) user 17 builtin 8
1777481649.414884 [0]     talker: READER 110ce4e:83e26d0:2ed73607:1004 QOS={user_data=52<"serviceid= 1.10.ce.4e.8.3e.26.d0.2e.d7.36.7.0.0.0.5;">,topic_name="rq/talker/describe_parametersRequest",type_name="rcl_interfaces::srv::dds_::DescribeParameters_Request_",topic_data=0<>,group_data=0<>,durability=0,deadline=9223372036854775807,latency_budget=0,liveliness=0:9223372036854775807,reliability=1:9223372036854775807,destination_order=0,history=0:1000,resource_limits=-1:-1:-1,ownership=0,presentation=0:0:0,partition={},time_based_filter=0,transport_priority=0,type_consistency_enforcement=1:11000,data_representation=1(0),adlink_entity_factory=1,adlink_reader_lifespan=0:9223372036854775807,adlink_reader_data_lifecycle=9223372036854775807:9223372036854775807,adlink_subscription_keys=0:{}}
1777481649.414974 [0]     talker: write_sample 0:0:0:4c2 #10: ST0 DCPSSubscription/org::eclipse::cyclonedds::builtin::DCPSSubscription:(blob)
1777481649.415003 [0]     talker:  => EVERYONE
1777481649.415049 [0]     talker: match_reader_with_proxy_writers(rd 110ce4e:83e26d0:2ed73607:1004) scanning all pwrs of topic rq/talker/describe_parametersRequest
1777481649.415080 [0]     talker: match_reader_with_writers(rd 110ce4e:83e26d0:2ed73607:1004) scanning all wrs of topic rq/talker/describe_parametersRequest
1777481649.415150 [0]     talker: write_sample 110ce4e:83e26d0:2ed73607:4c2 #6: ST0 DCPSSubscription/SubscriptionBuiltinTopicData:{user_data=52<"serviceid= 1.10.ce.4e.8.3e.26.d0.2e.d7.36.7.0.0.0.5;">,topic_name="rq/talker/describe_parametersRequest",type_name="rcl_interfaces::srv::dds_::DescribeParameters_Request_",reliability=1:9223372036854775807,history=0:1000,protocol_version=2:1,vendorid=1:16,endpoint_guid={110ce4e:83e26d0:2ed73607:1004},adlink_entity_factory=1}
1777481649.415187 [0]     talker: non-timed queue now has 1 items
1777481649.415476 [0]     talker: write_sample 110ce4e:83e26d0:2ed73607:403 #7: ST0 ros_discovery_info/rmw_dds_common::msg::dds_::ParticipantEntitiesInfo_:{{{{1,16,206,78,8,62,38,208,46,215,54,7,0,0,1,193,0,0,0,0,0,0,0,0}}},{{"/","talker",{{{{1,16,206,78,8,62,38,208,46,215,54,7,0,0,8,4,0,0,0,0,0,0,0,0}}}{{{1,16,206,78,8,62,38,208,46,215,54,7,0,0,10,4,0,0,0,0,0,0,0,0}}}{{{1,16,206,78,8,62,38,208,46,215,54,7,0,0,12,4,0,0,0,0,0,0,0,0}}}{{{1,16,206,78,8,62,38,208,46,215,54,7,0,0,14,4,0,0,0,0,0,0,0,0}}}{{{1,16,206,78,8,62,38,208,46,215,54,7,0,0,16,4,0,0,0,0,0,0,0,0}}}},{{{{1,16,206,78,8,62,38,208,46,215,54,7,0,0,6,3,0,0,0,0,0,0,0,0}}}{{{1,16,206,78,8,62,38,208,46,215,54,7,0,0,7,3,0,0,0,0,0,0,0,0}}}{{{1,16,206,78,8,62,38,208,46,215,54,7,0,0,9,3,0,0,0,0,0,0,0,0}}}{{{1,16,206,78,8,62,38,208,46,215,54,7,0,0,11,3,0,0,0,0,0,0,0,0}}}{{{1,16,206,78,8,62,38,208,46,215,54,7,0,0,13,3,0,0,0,0,0,0,0,0}}}{{{1,16,206,78,8,62,38,208,46,215,54,7,0,0,15,3,0,0,0,0,0,0,0,0}}}}}}}
1777481649.415528 [0]     talker: xpack_addmsg 0xaaaaf5beb720 0xaaaaf5c1ed90 0(data(110ce4e:83e26d0:2ed73607:403:#7/1)): niov 0 sz 0 => now niov 3 sz 380
1777481649.415574 [0]     talker: writer_hbcontrol: wr 110ce4e:83e26d0:2ed73607:403 multicasting (rel-prd 1 seq-eq-max 1 seq 7 maxseq 4)
1777481649.415611 [0]     talker: heartbeat(wr 110ce4e:83e26d0:2ed73607:403 final) piggybacked, resched in 0.0887424 s (min-ack 4, avail-seq 7, xmit 6)
1777481649.415640 [0]     talker: xpack_addmsg 0xaaaaf5beb720 0xaaaaf5c1ef10 0(control): niov 3 sz 380 => now niov 4 sz 412
1777481649.415739 [0]     talker: nn_xpack_send 412: 0xaaaaf5beb72c:20 0xaaaaf5c1ee88:36 0xaaaaf5c1df30:324 0xaaaaf5c1f008:32 [ udp/192.168.50.95:42984@3 ]
1777481649.415789 [0]     talker: traffic-xmit (1) 412
1777481649.415836 [0]     talker:  => EVERYONE
1777481649.416128 [0]     talker: dds_create_topic_generic (pp 0xaaaaf5be5e60 110ce4e:83e26d0:2ed73607:1c1 sertype 0xaaaaf5c1fed0 reg?no refc 1 rr/talker/list_parametersReply/rcl_interfaces::srv::dds_::ListParameters_Response_)
1777481649.416162 [0]     talker: lookup_and_check_ktopic_may_unlock_pp: no such ktopic
1777481649.416196 [0]     talker: create_and_lock_ktopic: ktp 0xaaaaf5c209d0
1777481649.416224 [0]     talker: dds_create_topic_generic: register new sertype 0xaaaaf5c1fed0
1777481649.416258 [0]     talker: dds_create_topic_generic: new topic 308336608
1777481649.416326 [0]     talker: dds_create_topic_generic (pp 0xaaaaf5be5e60 110ce4e:83e26d0:2ed73607:1c1 sertype 0xaaaaf5c20cf0 reg?no refc 1 rq/talker/list_parametersRequest/rcl_interfaces::srv::dds_::ListParameters_Request_)
1777481649.416356 [0]     talker: lookup_and_check_ktopic_may_unlock_pp: no such ktopic
1777481649.416384 [0]     talker: create_and_lock_ktopic: ktp 0xaaaaf5c217f0
1777481649.416411 [0]     talker: dds_create_topic_generic: register new sertype 0xaaaaf5c20cf0
1777481649.416442 [0]     talker: dds_create_topic_generic: new topic 74872712
1777481649.416518 [0]     talker: new_writer(guid 110ce4e:83e26d0:2ed73607:1103, (default).rr/talker/list_parametersReply/rcl_interfaces::srv::dds_::ListParameters_Response_)
1777481649.416556 [0]     talker: ref_participant(110ce4e:83e26d0:2ed73607:1c1 @ 0xaaaaf5bdf510 <- 110ce4e:83e26d0:2ed73607:1103 @ 0xaaaaf5c22284) user 18 builtin 8
1777481649.416631 [0]     talker: WRITER 110ce4e:83e26d0:2ed73607:1103 QOS={user_data=52<"serviceid= 1.10.ce.4e.8.3e.26.d0.2e.d7.36.7.0.0.0.6;">,topic_name="rr/talker/list_parametersReply",type_name="rcl_interfaces::srv::dds_::ListParameters_Response_",topic_data=0<>,group_data=0<>,durability=0,durability_service=0:0:1:-1:-1:-1,deadline=9223372036854775807,latency_budget=0,liveliness=0:9223372036854775807,reliability=1:9223372036854775807,lifespan=9223372036854775807,destination_order=0,history=0:1000,resource_limits=-1:-1:-1,ownership=0,ownership_strength=0,presentation=0:0:0,partition={},transport_priority=0,data_representation=1(0),adlink_entity_factory=1,adlink_writer_data_lifecycle=0}
1777481649.416680 [0]     talker: write_sample 0:0:0:3c2 #11: ST0 DCPSPublication/org::eclipse::cyclonedds::builtin::DCPSPublication:(blob)
1777481649.416707 [0]     talker:  => EVERYONE
1777481649.416754 [0]     talker: match_writer_with_proxy_readers(wr 110ce4e:83e26d0:2ed73607:1103) scanning all prds of topic rr/talker/list_parametersReply
1777481649.416787 [0]     talker: match_writer_with_readers(wr 110ce4e:83e26d0:2ed73607:1103) scanning all rds of topic rr/talker/list_parametersReply
1777481649.416875 [0]     talker: write_sample 110ce4e:83e26d0:2ed73607:3c2 #8: ST0 DCPSPublication/PublicationBuiltinTopicData:{user_data=52<"serviceid= 1.10.ce.4e.8.3e.26.d0.2e.d7.36.7.0.0.0.6;">,topic_name="rr/talker/list_parametersReply",type_name="rcl_interfaces::srv::dds_::ListParameters_Response_",reliability=1:9223372036854775807,history=0:1000,protocol_version=2:1,vendorid=1:16,endpoint_guid={110ce4e:83e26d0:2ed73607:1103},adlink_entity_factory=1,adlink_writer_data_lifecycle=0}
1777481649.416921 [0]     talker: non-timed queue now has 2 items
1777481649.416974 [0]     talker: new_reader(guid 110ce4e:83e26d0:2ed73607:1204, (default).rq/talker/list_parametersRequest/rcl_interfaces::srv::dds_::ListParameters_Request_)
1777481649.417009 [0]     talker: ref_participant(110ce4e:83e26d0:2ed73607:1c1 @ 0xaaaaf5bdf510 <- 110ce4e:83e26d0:2ed73607:1204 @ 0xaaaaf5c23574) user 19 builtin 8
1777481649.417079 [0]     talker: READER 110ce4e:83e26d0:2ed73607:1204 QOS={user_data=52<"serviceid= 1.10.ce.4e.8.3e.26.d0.2e.d7.36.7.0.0.0.6;">,topic_name="rq/talker/list_parametersRequest",type_name="rcl_interfaces::srv::dds_::ListParameters_Request_",topic_data=0<>,group_data=0<>,durability=0,deadline=9223372036854775807,latency_budget=0,liveliness=0:9223372036854775807,reliability=1:9223372036854775807,destination_order=0,history=0:1000,resource_limits=-1:-1:-1,ownership=0,presentation=0:0:0,partition={},time_based_filter=0,transport_priority=0,type_consistency_enforcement=1:11000,data_representation=1(0),adlink_entity_factory=1,adlink_reader_lifespan=0:9223372036854775807,adlink_reader_data_lifecycle=9223372036854775807:9223372036854775807,adlink_subscription_keys=0:{}}
1777481649.417159 [0]     talker: write_sample 0:0:0:4c2 #11: ST0 DCPSSubscription/org::eclipse::cyclonedds::builtin::DCPSSubscription:(blob)
1777481649.417186 [0]     talker:  => EVERYONE
1777481649.417236 [0]     talker: match_reader_with_proxy_writers(rd 110ce4e:83e26d0:2ed73607:1204) scanning all pwrs of topic rq/talker/list_parametersRequest
1777481649.417266 [0]     talker: match_reader_with_writers(rd 110ce4e:83e26d0:2ed73607:1204) scanning all wrs of topic rq/talker/list_parametersRequest
1777481649.417377 [0]     talker: write_sample 110ce4e:83e26d0:2ed73607:4c2 #7: ST0 DCPSSubscription/SubscriptionBuiltinTopicData:{user_data=52<"serviceid= 1.10.ce.4e.8.3e.26.d0.2e.d7.36.7.0.0.0.6;">,topic_name="rq/talker/list_parametersRequest",type_name="rcl_interfaces::srv::dds_::ListParameters_Request_",reliability=1:9223372036854775807,history=0:1000,protocol_version=2:1,vendorid=1:16,endpoint_guid={110ce4e:83e26d0:2ed73607:1204},adlink_entity_factory=1}
1777481649.417415 [0]     talker: non-timed queue now has 3 items
1777481649.417663 [0]     talker: write_sample 110ce4e:83e26d0:2ed73607:403 #8: ST0 ros_discovery_info/rmw_dds_common::msg::dds_::ParticipantEntitiesInfo_:{{{{1,16,206,78,8,62,38,208,46,215,54,7,0,0,1,193,0,0,0,0,0,0,0,0}}},{{"/","talker",{{{{1,16,206,78,8,62,38,208,46,215,54,7,0,0,8,4,0,0,0,0,0,0,0,0}}}{{{1,16,206,78,8,62,38,208,46,215,54,7,0,0,10,4,0,0,0,0,0,0,0,0}}}{{{1,16,206,78,8,62,38,208,46,215,54,7,0,0,12,4,0,0,0,0,0,0,0,0}}}{{{1,16,206,78,8,62,38,208,46,215,54,7,0,0,14,4,0,0,0,0,0,0,0,0}}}{{{1,16,206,78,8,62,38,208,46,215,54,7,0,0,16,4,0,0,0,0,0,0,0,0}}}{{{1,16,206,78,8,62,38,208,46,215,54,7,0,0,18,4,0,0,0,0,0,0,0,0}}}},{{{{1,16,206,78,8,62,38,208,46,215,54,7,0,0,6,3,0,0,0,0,0,0,0,0}}}{{{1,16,206,78,8,62,38,208,46,215,54,7,0,0,7,3,0,0,0,0,0,0,0,0}}}{{{1,16,206,78,8,62,38,208,46,215,54,7,0,0,9,3,0,0,0,0,0,0,0,0}}}{{{1,16,206,78,8,62,38,208,46,215,54,7,0,0,11,3,0,0,0,0,0,0,0,0}}}{{{1,16,206,78,8,62,38,208,46,215,54,7,0,0,13,3,0,0,0,0,0,0,0,0}}}{{{1,16,206,78,8,62,38,208,46,215,54,7,0,0,15,3,0,0,0,0,0,0,0,0}}}{{{1,16,206,78,8,62,38,208,46,215,54,7,0,0,17,3,0,0,0,0,0,0,0,0}}}}}}}
1777481649.417708 [0]     talker: xpack_addmsg 0xaaaaf5beb720 0xaaaaf5c24850 0(data(110ce4e:83e26d0:2ed73607:403:#8/1)): niov 0 sz 0 => now niov 3 sz 428
1777481649.417740 [0]     talker: writer_hbcontrol: wr 110ce4e:83e26d0:2ed73607:403 multicasting (rel-prd 1 seq-eq-max 1 seq 8 maxseq 4)
1777481649.417774 [0]     talker: heartbeat(wr 110ce4e:83e26d0:2ed73607:403 final) piggybacked, resched in 0.0865667 s (min-ack 4, avail-seq 8, xmit 7)
1777481649.417803 [0]     talker: xpack_addmsg 0xaaaaf5beb720 0xaaaaf5c249d0 0(control): niov 3 sz 428 => now niov 4 sz 460
1777481649.417900 [0]     talker: nn_xpack_send 460: 0xaaaaf5beb72c:20 0xaaaaf5c24948:36 0xaaaaf5c24630:372 0xaaaaf5c24ac8:32 [ udp/192.168.50.95:42984@3 ]
1777481649.417945 [0]     talker: traffic-xmit (1) 460
1777481649.417982 [0]     talker:  => EVERYONE
1777481649.414747 [0]        tev: xpack_addmsg 0xffffa4001390 0xaaaaf5c17930 0(data(110ce4e:83e26d0:2ed73607:3c2:#7/1)): niov 0 sz 0 => now niov 3 sz 312
1777481649.418429 [0]        tev: xpack_addmsg 0xffffa4001390 0xaaaaf5c177b0 0(data(110ce4e:83e26d0:2ed73607:4c2:#6/1)): niov 3 sz 312 => now niov 5 sz 600
1777481649.418497 [0]        tev: xpack_addmsg 0xffffa4001390 0xaaaaf5c1ef10 0(data(110ce4e:83e26d0:2ed73607:3c2:#8/1)): niov 5 sz 600 => now niov 7 sz 884
1777481649.418537 [0]        tev: xpack_addmsg 0xffffa4001390 0xaaaaf5c1ed90 0(data(110ce4e:83e26d0:2ed73607:4c2:#7/1)): niov 7 sz 884 => now niov 9 sz 1164
1777481649.418663 [0]        tev: nn_xpack_send 1164: 0xffffa400139c:20 0xaaaaf5c17a28:36 0xaaaaf5c1d2c4:256 0xaaaaf5c178a8:36 0xaaaaf5c1e4f4:252 0xaaaaf5c1f008:36 0xaaaaf5c22d44:248 0xaaaaf5c1ee88:36 0xaaaaf5c23f34:244 [ udp/192.168.50.95:42984@3 ]
1777481649.418717 [0]        tev: traffic-xmit (1) 1164
1777481649.418778 [0]     talker: dds_create_topic_generic (pp 0xaaaaf5be5e60 110ce4e:83e26d0:2ed73607:1c1 sertype 0xaaaaf5c24480 reg?no refc 1 rt/parameter_events/rcl_interfaces::msg::dds_::ParameterEvent_)
1777481649.418812 [0]     talker: lookup_and_check_ktopic_may_unlock_pp: no such ktopic
1777481649.418840 [0]     talker: create_and_lock_ktopic: ktp 0xaaaaf5c26350
1777481649.418869 [0]     talker: dds_create_topic_generic: register new sertype 0xaaaaf5c24480
1777481649.418904 [0]     talker: dds_create_topic_generic: new topic 298798377
1777481649.419129 [0]     talker: new_writer(guid 110ce4e:83e26d0:2ed73607:1303, (default).rt/parameter_events/rcl_interfaces::msg::dds_::ParameterEvent_)
1777481649.419227 [0]     talker: ref_participant(110ce4e:83e26d0:2ed73607:1c1 @ 0xaaaaf5bdf510 <- 110ce4e:83e26d0:2ed73607:1303 @ 0xaaaaf5c2e174) user 20 builtin 8
1777481649.419320 [0]     talker: WRITER 110ce4e:83e26d0:2ed73607:1303 QOS={user_data=0<>,topic_name="rt/parameter_events",type_name="rcl_interfaces::msg::dds_::ParameterEvent_",topic_data=0<>,group_data=0<>,durability=0,durability_service=0:0:1:-1:-1:-1,deadline=9223372036854775807,latency_budget=0,liveliness=0:9223372036854775807,reliability=1:9223372036854775807,lifespan=9223372036854775807,destination_order=0,history=0:1000,resource_limits=-1:-1:-1,ownership=0,ownership_strength=0,presentation=0:0:0,partition={},transport_priority=0,data_representation=1(0),adlink_entity_factory=1,adlink_writer_data_lifecycle=0}
1777481649.419371 [0]     talker: write_sample 0:0:0:3c2 #12: ST0 DCPSPublication/org::eclipse::cyclonedds::builtin::DCPSPublication:(blob)
1777481649.419399 [0]     talker:  => EVERYONE
1777481649.419443 [0]     talker: match_writer_with_proxy_readers(wr 110ce4e:83e26d0:2ed73607:1303) scanning all prds of topic rt/parameter_events
1777481649.419474 [0]     talker: match_writer_with_readers(wr 110ce4e:83e26d0:2ed73607:1303) scanning all rds of topic rt/parameter_events
1777481649.419568 [0]     talker: write_sample 110ce4e:83e26d0:2ed73607:3c2 #9: ST0 DCPSPublication/PublicationBuiltinTopicData:{topic_name="rt/parameter_events",type_name="rcl_interfaces::msg::dds_::ParameterEvent_",reliability=1:9223372036854775807,history=0:1000,protocol_version=2:1,vendorid=1:16,endpoint_guid={110ce4e:83e26d0:2ed73607:1303},adlink_entity_factory=1,adlink_writer_data_lifecycle=0}
1777481649.419619 [0]     talker: non-timed queue now has 1 items
1777481649.419675 [0]        tev: xpack_addmsg 0xffffa4001390 0xaaaaf5c249d0 0(data(110ce4e:83e26d0:2ed73607:3c2:#9/1)): niov 0 sz 0 => now niov 3 sz 224
1777481649.419796 [0]        tev: nn_xpack_send 224: 0xffffa400139c:20 0xaaaaf5c24ac8:36 0xaaaaf5c2eb94:168 [ udp/192.168.50.95:42984@3 ]
1777481649.419827 [0]        tev: traffic-xmit (1) 224
1777481649.419893 [0]     talker: write_sample 110ce4e:83e26d0:2ed73607:403 #9: ST0 ros_discovery_info/rmw_dds_common::msg::dds_::ParticipantEntitiesInfo_:{{{{1,16,206,78,8,62,38,208,46,215,54,7,0,0,1,193,0,0,0,0,0,0,0,0}}},{{"/","talker",{{{{1,16,206,78,8,62,38,208,46,215,54,7,0,0,8,4,0,0,0,0,0,0,0,0}}}{{{1,16,206,78,8,62,38,208,46,215,54,7,0,0,10,4,0,0,0,0,0,0,0,0}}}{{{1,16,206,78,8,62,38,208,46,215,54,7,0,0,12,4,0,0,0,0,0,0,0,0}}}{{{1,16,206,78,8,62,38,208,46,215,54,7,0,0,14,4,0,0,0,0,0,0,0,0}}}{{{1,16,206,78,8,62,38,208,46,215,54,7,0,0,16,4,0,0,0,0,0,0,0,0}}}{{{1,16,206,78,8,62,38,208,46,215,54,7,0,0,18,4,0,0,0,0,0,0,0,0}}}},{{{{1,16,206,78,8,62,38,208,46,215,54,7,0,0,6,3,0,0,0,0,0,0,0,0}}}{{{1,16,206,78,8,62,38,208,46,215,54,7,0,0,7,3,0,0,0,0,0,0,0,0}}}{{{1,16,206,78,8,62,38,208,46,215,54,7,0,0,9,3,0,0,0,0,0,0,0,0}}}{{{1,16,206,78,8,62,38,208,46,215,54,7,0,0,11,3,0,0,0,0,0,0,0,0}}}{{{1,16,206,78,8,62,38,208,46,215,54,7,0,0,13,3,0,0,0,0,0,0,0,0}}}{{{1,16,206,78,8,62,38,208,46,215,54,7,0,0,15,3,0,0,0,0,0,0,0,0}}}{{{1,16,206,78,8,62,38,208,46,215,54,7,0,0,17,3,0,0,0,0,0,0,0,0}}}{{{1,16,206,78,8,62,38,208,46,215,54,7,0,0,19,3,0,0,0,0,0,0,0,0}}}}}}}
1777481649.419980 [0]     talker: xpack_addmsg 0xaaaaf5beb720 0xaaaaf5c2ef40 0(data(110ce4e:83e26d0:2ed73607:403:#9/1)): niov 0 sz 0 => now niov 3 sz 452
1777481649.420012 [0]     talker: writer_hbcontrol: wr 110ce4e:83e26d0:2ed73607:403 multicasting (rel-prd 1 seq-eq-max 1 seq 9 maxseq 4)
1777481649.420051 [0]     talker: heartbeat(wr 110ce4e:83e26d0:2ed73607:403 final) piggybacked, resched in 0.0843571 s (min-ack 4, avail-seq 9, xmit 8)
1777481649.420081 [0]     talker: xpack_addmsg 0xaaaaf5beb720 0xaaaaf5c2f010 0(control): niov 3 sz 452 => now niov 4 sz 484
1777481649.420168 [0]     talker: nn_xpack_send 484: 0xaaaaf5beb72c:20 0xaaaaf5c24948:36 0xaaaaf5c2ed00:396 0xaaaaf5c2f108:32 [ udp/192.168.50.95:42984@3 ]
1777481649.420201 [0]     talker: traffic-xmit (1) 484
1777481649.420230 [0]     talker:  => EVERYONE
1777481649.420699 [0]     talker: write_sample 110ce4e:83e26d0:2ed73607:1303 #1: ST0 rt/parameter_events/rcl_interfaces::msg::dds_::ParameterEvent_:{{1777481649,420608087},"/talker",{{"use_sim_time",{1,0,0,0.000000,"",{{}},{{}},{{}},{{}},{{}}}}},{},{}}
1777481649.420773 [0]     talker:  => EVERYONE
1777481649.421444 [0]     talker: dds_create_topic_generic (pp 0xaaaaf5be5e60 110ce4e:83e26d0:2ed73607:1c1 sertype 0xaaaaf5c31bf0 reg?no refc 1 rt/parameter_events/rcl_interfaces::msg::dds_::ParameterEvent_)
1777481649.421487 [0]     talker: lookup_and_check_ktopic_may_unlock_pp: ktp 0xaaaaf5c26350 reuse
1777481649.421518 [0]     talker: dds_create_topic_generic: reuse sertype 0xaaaaf5c24480
1777481649.421601 [0]     talker: dds_create_topic_generic: new topic 1746554875
1777481649.421665 [0]     talker: new_reader(guid 110ce4e:83e26d0:2ed73607:1404, (default).rt/parameter_events/rcl_interfaces::msg::dds_::ParameterEvent_)
1777481649.421702 [0]     talker: ref_participant(110ce4e:83e26d0:2ed73607:1c1 @ 0xaaaaf5bdf510 <- 110ce4e:83e26d0:2ed73607:1404 @ 0xaaaaf5c358b4) user 21 builtin 8
1777481649.421774 [0]     talker: READER 110ce4e:83e26d0:2ed73607:1404 QOS={user_data=0<>,topic_name="rt/parameter_events",type_name="rcl_interfaces::msg::dds_::ParameterEvent_",topic_data=0<>,group_data=0<>,durability=0,deadline=9223372036854775807,latency_budget=0,liveliness=0:9223372036854775807,reliability=1:9223372036854775807,destination_order=0,history=0:1000,resource_limits=-1:-1:-1,ownership=0,presentation=0:0:0,partition={},time_based_filter=0,transport_priority=0,type_consistency_enforcement=1:11000,data_representation=1(0),adlink_entity_factory=1,adlink_reader_lifespan=0:9223372036854775807,adlink_reader_data_lifecycle=9223372036854775807:9223372036854775807,adlink_subscription_keys=0:{}}
1777481649.421822 [0]     talker: write_sample 0:0:0:4c2 #12: ST0 DCPSSubscription/org::eclipse::cyclonedds::builtin::DCPSSubscription:(blob)
1777481649.421854 [0]     talker:  => EVERYONE
1777481649.421902 [0]     talker: match_reader_with_proxy_writers(rd 110ce4e:83e26d0:2ed73607:1404) scanning all pwrs of topic rt/parameter_events
1777481649.421948 [0]     talker:   reader 110ce4e:83e26d0:2ed73607:1404 init_acknack_count = 1
1777481649.421974 [0]     talker:   reader_add_connection(pwr 110cfe5:7645227d:5dd75df7:703 rd 110ce4e:83e26d0:2ed73607:1404)
1777481649.422019 [0]     talker:   proxy_writer_add_connection(pwr 110cfe5:7645227d:5dd75df7:703 rd 110ce4e:83e26d0:2ed73607:1404) - out-of-sync
1777481649.422048 [0]     talker: match_reader_with_writers(rd 110ce4e:83e26d0:2ed73607:1404) scanning all wrs of topic rt/parameter_events
1777481649.422079 [0]     talker:   reader_add_local_connection(wr 110ce4e:83e26d0:2ed73607:1303 rd 110ce4e:83e26d0:2ed73607:1404)
1777481649.422109 [0]     talker:   writer_add_local_connection(wr 110ce4e:83e26d0:2ed73607:1303 rd 110ce4e:83e26d0:2ed73607:1404)
1777481649.422192 [0]     talker: write_sample 110ce4e:83e26d0:2ed73607:4c2 #8: ST0 DCPSSubscription/SubscriptionBuiltinTopicData:{topic_name="rt/parameter_events",type_name="rcl_interfaces::msg::dds_::ParameterEvent_",reliability=1:9223372036854775807,history=0:1000,protocol_version=2:1,vendorid=1:16,endpoint_guid={110ce4e:83e26d0:2ed73607:1404},adlink_entity_factory=1}
1777481649.422258 [0]     talker: non-timed queue now has 1 items
1777481649.422360 [0]        tev: xpack_addmsg 0xffffa4001390 0xaaaaf5c2f010 0(data(110ce4e:83e26d0:2ed73607:4c2:#8/1)): niov 0 sz 0 => now niov 3 sz 216
1777481649.422481 [0]        tev: nn_xpack_send 216: 0xffffa400139c:20 0xaaaaf5c2f108:36 0xaaaaf5c35d94:160 [ udp/192.168.50.95:42984@3 ]
1777481649.422514 [0]        tev: traffic-xmit (1) 216
1777481649.422578 [0]     talker: write_sample 110ce4e:83e26d0:2ed73607:403 #10: ST0 ros_discovery_info/rmw_dds_common::msg::dds_::ParticipantEntitiesInfo_:{{{{1,16,206,78,8,62,38,208,46,215,54,7,0,0,1,193,0,0,0,0,0,0,0,0}}},{{"/","talker",{{{{1,16,206,78,8,62,38,208,46,215,54,7,0,0,8,4,0,0,0,0,0,0,0,0}}}{{{1,16,206,78,8,62,38,208,46,215,54,7,0,0,10,4,0,0,0,0,0,0,0,0}}}{{{1,16,206,78,8,62,38,208,46,215,54,7,0,0,12,4,0,0,0,0,0,0,0,0}}}{{{1,16,206,78,8,62,38,208,46,215,54,7,0,0,14,4,0,0,0,0,0,0,0,0}}}{{{1,16,206,78,8,62,38,208,46,215,54,7,0,0,16,4,0,0,0,0,0,0,0,0}}}{{{1,16,206,78,8,62,38,208,46,215,54,7,0,0,18,4,0,0,0,0,0,0,0,0}}}{{{1,16,206,78,8,62,38,208,46,215,54,7,0,0,20,4,0,0,0,0,0,0,0,0}}}},{{{{1,16,206,78,8,62,38,208,46,215,54,7,0,0,6,3,0,0,0,0,0,0,0,0}}}{{{1,16,206,78,8,62,38,208,46,215,54,7,0,0,7,3,0,0,0,0,0,0,0,0}}}{{{1,16,206,78,8,62,38,208,46,215,54,7,0,0,9,3,0,0,0,0,0,0,0,0}}}{{{1,16,206,78,8,62,38,208,46,215,54,7,0,0,11,3,0,0,0,0,0,0,0,0}}}{{{1,16,206,78,8,62,38,208,46,215,54,7,0,0,13,3,0,0,0,0,0,0,0,0}}}{{{1,16,206,78,8,62,38,208,46,215,54,7,0,0,15,3,0,0,0,0,0,0,0,0}}}{{{1,16,206,78,8,62,38,208,46,215,54,7,0,0,17,3,0,0,0,0,0,0,0,0}}}{{{1,16,206,78,
1777481649.422620 [0]     talker: xpack_addmsg 0xaaaaf5beb720 0xaaaaf5c24850 0(data(110ce4e:83e26d0:2ed73607:403:#10/1)): niov 0 sz 0 => now niov 3 sz 476
1777481649.422650 [0]     talker: writer_hbcontrol: wr 110ce4e:83e26d0:2ed73607:403 multicasting (rel-prd 1 seq-eq-max 1 seq 10 maxseq 4)
1777481649.422682 [0]     talker: heartbeat(wr 110ce4e:83e26d0:2ed73607:403 final) piggybacked, resched in 0.0816831 s (min-ack 4, avail-seq 10, xmit 9)
1777481649.422710 [0]     talker: xpack_addmsg 0xaaaaf5beb720 0xaaaaf5c36300 0(control): niov 3 sz 476 => now niov 4 sz 508
1777481649.422787 [0]     talker: nn_xpack_send 508: 0xaaaaf5beb72c:20 0xaaaaf5c36278:36 0xaaaaf5c2f380:420 0xaaaaf5c363f8:32 [ udp/192.168.50.95:42984@3 ]
1777481649.422820 [0]     talker: traffic-xmit (1) 508
1777481649.422848 [0]     talker:  => EVERYONE
1777481649.423195 [0]     talker: write_sample 110ce4e:83e26d0:2ed73607:1303 #2: ST0 rt/parameter_events/rcl_interfaces::msg::dds_::ParameterEvent_:{{1777481649,423116153},"/talker",{{"qos_overrides./parameter_events.publisher.durability",{4,0,0,0.000000,"volatile",{{}},{{}},{{}},{{}},{{}}}}},{},{}}
1777481649.423228 [0]     talker:  => EVERYONE
1777481649.423355 [0]     talker: write_sample 110ce4e:83e26d0:2ed73607:1303 #3: ST0 rt/parameter_events/rcl_interfaces::msg::dds_::ParameterEvent_:{{1777481649,423281537},"/talker",{{"qos_overrides./parameter_events.publisher.history",{4,0,0,0.000000,"keep_last",{{}},{{}},{{}},{{}},{{}}}}},{},{}}
1777481649.423385 [0]     talker:  => EVERYONE
1777481649.423496 [0]     talker: write_sample 110ce4e:83e26d0:2ed73607:1303 #4: ST0 rt/parameter_events/rcl_interfaces::msg::dds_::ParameterEvent_:{{1777481649,423438153},"/talker",{{"qos_overrides./parameter_events.publisher.depth",{2,0,1000,0.000000,"",{{}},{{}},{{}},{{}},{{}}}}},{},{}}
1777481649.423527 [0]     talker:  => EVERYONE
1777481649.423629 [0]     talker: write_sample 110ce4e:83e26d0:2ed73607:1303 #5: ST0 rt/parameter_events/rcl_interfaces::msg::dds_::ParameterEvent_:{{1777481649,423573136},"/talker",{{"qos_overrides./parameter_events.publisher.reliability",{4,0,0,0.000000,"reliable",{{}},{{}},{{}},{{}},{{}}}}},{},{}}
1777481649.423670 [0]     talker:  => EVERYONE
1777481649.424919 [0]     recvUC: HDR(110cfe5:7645227d:5dd75df7 vendor 1.16) len 68 from udp/192.168.50.95:47636
1777481649.425009 [0]     recvUC: INFODST(110ce4e:83e26d0:2ed73607)
1777481649.425108 [0]     recvUC: HEARTBEAT(#1:2..1  L(:1c1 2770.006741)110cfe5:7645227d:5dd75df7:703 -> 110ce4e:83e26d0:2ed73607:0: end-of-tl-seq(rd 110ce4e:83e26d0:2ed73607:1404 #1) msr_in_sync(110ce4e:83e26d0:2ed73607:1404 out-of-sync to tlcatchup) 110ce4e:83e26d0:2ed73607:1404@1(sync))
1777481649.425278 [0]        tev: acknack 110ce4e:83e26d0:2ed73607:1404 -> 110cfe5:7645227d:5dd75df7:703: F#1:2/0:
1777481649.425312 [0]     talker: dds_create_topic_generic (pp 0xaaaaf5be5e60 110ce4e:83e26d0:2ed73607:1c1 sertype 0xaaaaf5c24920 reg?no refc 1 rt/chatter/std_msgs::msg::dds_::String_)
1777481649.425312 [0]        tev: send acknack(rd 110ce4e:83e26d0:2ed73607:1404 -> pwr 110cfe5:7645227d:5dd75df7:703)
1777481649.425358 [0]        tev: xpack_addmsg 0xffffa4001390 0xaaaaf5c2f010 0(control): niov 0 sz 0 => now niov 2 sz 64
1777481649.425420 [0]     talker: lookup_and_check_ktopic_may_unlock_pp: no such ktopic
1777481649.425456 [0]     talker: create_and_lock_ktopic: ktp 0xaaaaf5c316c0
1777481649.425488 [0]     talker: dds_create_topic_generic: register new sertype 0xaaaaf5c24920
1777481649.425547 [0]     talker: dds_create_topic_generic: new topic 236412960
1777481649.425608 [0]     talker: new_writer(guid 110ce4e:83e26d0:2ed73607:1503, (default).rt/chatter/std_msgs::msg::dds_::String_)
1777481649.425678 [0]     talker: ref_participant(110ce4e:83e26d0:2ed73607:1c1 @ 0xaaaaf5bdf510 <- 110ce4e:83e26d0:2ed73607:1503 @ 0xaaaaf5c37aa4) user 22 builtin 8
1777481649.425749 [0]     talker: WRITER 110ce4e:83e26d0:2ed73607:1503 QOS={user_data=0<>,topic_name="rt/chatter",type_name="std_msgs::msg::dds_::String_",topic_data=0<>,group_data=0<>,durability=0,durability_service=0:0:1:-1:-1:-1,deadline=9223372036854775807,latency_budget=0,liveliness=0:9223372036854775807,reliability=1:9223372036854775807,lifespan=9223372036854775807,destination_order=0,history=0:7,resource_limits=-1:-1:-1,ownership=0,ownership_strength=0,presentation=0:0:0,partition={},transport_priority=0,data_representation=1(0),adlink_entity_factory=1,adlink_writer_data_lifecycle=0}
1777481649.425804 [0]     talker: write_sample 0:0:0:3c2 #13: ST0 DCPSPublication/org::eclipse::cyclonedds::builtin::DCPSPublication:(blob)
1777481649.425834 [0]     talker:  => EVERYONE
1777481649.425881 [0]     talker: match_writer_with_proxy_readers(wr 110ce4e:83e26d0:2ed73607:1503) scanning all prds of topic rt/chatter
1777481649.425913 [0]     talker: match_writer_with_readers(wr 110ce4e:83e26d0:2ed73607:1503) scanning all rds of topic rt/chatter
1777481649.426010 [0]     talker: write_sample 110ce4e:83e26d0:2ed73607:3c2 #10: ST0 DCPSPublication/PublicationBuiltinTopicData:{topic_name="rt/chatter",type_name="std_msgs::msg::dds_::String_",reliability=1:9223372036854775807,history=0:7,protocol_version=2:1,vendorid=1:16,endpoint_guid={110ce4e:83e26d0:2ed73607:1503},adlink_entity_factory=1,adlink_writer_data_lifecycle=0}
1777481649.426050 [0]     talker: non-timed queue now has 1 items
1777481649.426387 [0]     talker: write_sample 110ce4e:83e26d0:2ed73607:403 #11: ST0 ros_discovery_info/rmw_dds_common::msg::dds_::ParticipantEntitiesInfo_:{{{{1,16,206,78,8,62,38,208,46,215,54,7,0,0,1,193,0,0,0,0,0,0,0,0}}},{{"/","talker",{{{{1,16,206,78,8,62,38,208,46,215,54,7,0,0,8,4,0,0,0,0,0,0,0,0}}}{{{1,16,206,78,8,62,38,208,46,215,54,7,0,0,10,4,0,0,0,0,0,0,0,0}}}{{{1,16,206,78,8,62,38,208,46,215,54,7,0,0,12,4,0,0,0,0,0,0,0,0}}}{{{1,16,206,78,8,62,38,208,46,215,54,7,0,0,14,4,0,0,0,0,0,0,0,0}}}{{{1,16,206,78,8,62,38,208,46,215,54,7,0,0,16,4,0,0,0,0,0,0,0,0}}}{{{1,16,206,78,8,62,38,208,46,215,54,7,0,0,18,4,0,0,0,0,0,0,0,0}}}{{{1,16,206,78,8,62,38,208,46,215,54,7,0,0,20,4,0,0,0,0,0,0,0,0}}}},{{{{1,16,206,78,8,62,38,208,46,215,54,7,0,0,6,3,0,0,0,0,0,0,0,0}}}{{{1,16,206,78,8,62,38,208,46,215,54,7,0,0,7,3,0,0,0,0,0,0,0,0}}}{{{1,16,206,78,8,62,38,208,46,215,54,7,0,0,9,3,0,0,0,0,0,0,0,0}}}{{{1,16,206,78,8,62,38,208,46,215,54,7,0,0,11,3,0,0,0,0,0,0,0,0}}}{{{1,16,206,78,8,62,38,208,46,215,54,7,0,0,13,3,0,0,0,0,0,0,0,0}}}{{{1,16,206,78,8,62,38,208,46,215,54,7,0,0,15,3,0,0,0,0,0,0,0,0}}}{{{1,16,206,78,8,62,38,208,46,215,54,7,0,0,17,3,0,0,0,0,0,0,0,0}}}{{{1,16,206,78,
1777481649.426505 [0]     talker: xpack_addmsg 0xaaaaf5beb720 0xaaaaf5c17440 0(data(110ce4e:83e26d0:2ed73607:403:#11/1)): niov 0 sz 0 => now niov 3 sz 500
1777481649.426537 [0]     talker: writer_hbcontrol: wr 110ce4e:83e26d0:2ed73607:403 multicasting (rel-prd 1 seq-eq-max 1 seq 11 maxseq 4)
1777481649.426585 [0]     talker: heartbeat(wr 110ce4e:83e26d0:2ed73607:403 final) piggybacked, resched in 0.0779014 s (min-ack 4, avail-seq 11, xmit 10)
1777481649.426628 [0]     talker: xpack_addmsg 0xaaaaf5beb720 0xaaaaf5c24850 0(control): niov 3 sz 500 => now niov 4 sz 532
1777481649.426741 [0]     talker: nn_xpack_send 532: 0xaaaaf5beb72c:20 0xaaaaf5c320b8:36 0xaaaaf5c31e20:444 0xaaaaf5c32168:32 [ udp/192.168.50.95:42984@3 ]
1777481649.426773 [0]     talker: traffic-xmit (1) 532
1777481649.426802 [0]     talker:  => EVERYONE
1777481649.425491 [0]        tev: nn_xpack_send 64: 0xffffa400139c:20 0xaaaaf5c2f0f8:44 [ udp/192.168.50.95:42984@3 ]
1777481649.430504 [0]        tev: traffic-xmit (1) 64
1777481649.430552 [0]        tev: xpack_addmsg 0xffffa4001390 0xaaaaf5c36300 0(data(110ce4e:83e26d0:2ed73607:3c2:#10/1)): niov 0 sz 0 => now niov 3 sz 204
1777481649.430670 [0]        tev: nn_xpack_send 204: 0xffffa400139c:20 0xaaaaf5c363f8:36 0xaaaaf5c31d84:148 [ udp/192.168.50.95:42984@3 ]
1777481649.430711 [0]        tev: traffic-xmit (1) 204
1777481649.483128 [0]        tev: non-timed queue now has 1 items
1777481649.483250 [0]        tev: xmit spdp 110ce4e:83e26d0:2ed73607:1c1 to 0:0:0:100c7 (resched 8s)
1777481649.483296 [0]        tev: xpack_addmsg 0xffffa4001390 0xaaaaf5c36300 0(data(0:0:0:0:#0/1)): niov 0 sz 0 => now niov 3 sz 324
1777481649.483467 [0]        tev: nn_xpack_send 324: 0xffffa400139c:20 0xaaaaf5c363f8:36 0xaaaaf5be5864:268 [ udp/239.255.0.1:7400@3 ]
1777481649.483503 [0]        tev: traffic-xmit (1) 324
1777481649.483527 [0]       recv: HDR(110ce4e:83e26d0:2ed73607 vendor 1.16) len 324 from udp/192.168.50.95:60698
1777481649.483601 [0]       recv: INFOTS(1777481649.382771377)
1777481649.483661 [0]       recv: DATA(110ce4e:83e26d0:2ed73607:100c2 -> 0:0:0:0 #1)
1777481649.483753 [0] dq.builtin: data(builtin, vendor 1.16): 0:0:0:0 #1: ST0 /ParticipantBuiltinTopicData:{user_data=10<"enclave=/;">,protocol_version=2:1,vendorid=1:16,participant_lease_duration=10000000000,participant_guid={110ce4e:83e26d0:2ed73607:1c1},builtin_endpoint_set=3135,domain_id=0,default_unicast_locator={udp/192.168.50.95:59056},default_multicast_locator={udp/239.255.0.1:7401},metatraffic_unicast_locator={udp/192.168.50.95:59056},metatraffic_multicast_locator={udp/239.255.0.1:7400},adlink_participant_version_info=0:44:0:0:0:"ubuntu/0.9.1/Linux/Linux",cyclone_receive_buffer_size=425984}
1777481649.483800 [0] dq.builtin: SPDP ST0 110ce4e:83e26d0:2ed73607:1c1 (local)
1777481649.488169 [0]        tev: writer_hbcontrol: wr 110ce4e:83e26d0:2ed73607:3c2 multicasting (rel-prd 1 seq-eq-max 0 seq 10 maxseq 0)
1777481649.488219 [0]        tev: heartbeat(wr 110ce4e:83e26d0:2ed73607:3c2) sent, resched in 0.1 s (min-ack 0, avail-seq 10, xmit 10)
1777481649.488252 [0]        tev: xpack_addmsg 0xffffa4001390 0xaaaaf5c36300 0(control): niov 0 sz 0 => now niov 2 sz 52
1777481649.488343 [0]        tev: nn_xpack_send 52: 0xffffa400139c:20 0xaaaaf5c363f8:32 [ udp/192.168.50.95:42984@3 ]
1777481649.488376 [0]        tev: traffic-xmit (1) 52
1777481649.488583 [0]     recvUC: HDR(110cfe5:7645227d:5dd75df7 vendor 1.16) len 64 from udp/192.168.50.95:47636
1777481649.488624 [0]     recvUC: INFODST(110ce4e:83e26d0:2ed73607)
1777481649.488682 [0]     recvUC: ACKNACK(F#6:11/0: L(:1c1 2770.070357) 110cfe5:7645227d:5dd75df7:3c7 -> 110ce4e:83e26d0:2ed73607:3c2 ACK10 RM0)
1777481649.489108 [0]        tev: writer_hbcontrol: wr 110ce4e:83e26d0:2ed73607:4c2 multicasting (rel-prd 1 seq-eq-max 0 seq 8 maxseq 0)
1777481649.489144 [0]        tev: heartbeat(wr 110ce4e:83e26d0:2ed73607:4c2) sent, resched in 0.1 s (min-ack 0, avail-seq 8, xmit 8)
1777481649.489174 [0]        tev: xpack_addmsg 0xffffa4001390 0xaaaaf5c36300 0(control): niov 0 sz 0 => now niov 2 sz 52
1777481649.489248 [0]        tev: nn_xpack_send 52: 0xffffa400139c:20 0xaaaaf5c363f8:32 [ udp/192.168.50.95:42984@3 ]
1777481649.489320 [0]        tev: traffic-xmit (1) 52
1777481649.489428 [0]     recvUC: HDR(110cfe5:7645227d:5dd75df7 vendor 1.16) len 64 from udp/192.168.50.95:47636
1777481649.489458 [0]     recvUC: INFODST(110ce4e:83e26d0:2ed73607)
1777481649.489497 [0]     recvUC: ACKNACK(F#4:9/0: L(:1c1 2770.071193) 110cfe5:7645227d:5dd75df7:4c7 -> 110ce4e:83e26d0:2ed73607:4c2 ACK8 RM0)
1777481649.489787 [0]        tev: heartbeat(wr 110ce4e:83e26d0:2ed73607:200c2) suppressed, resched in inf s (min-ack 1, avail-seq 1, xmit 1)
1777481649.504155 [0]        tev: heartbeat(wr 110ce4e:83e26d0:2ed73607:403) suppressed, resched in 0.1 s (min-ack 4, avail-seq 11, xmit 11)
1777481649.588351 [0]        tev: heartbeat(wr 110ce4e:83e26d0:2ed73607:3c2) suppressed, resched in inf s (min-ack 10, avail-seq 10, xmit 10)
1777481649.589190 [0]        tev: heartbeat(wr 110ce4e:83e26d0:2ed73607:4c2) suppressed, resched in inf s (min-ack 8, avail-seq 8, xmit 8)
1777481649.604288 [0]        tev: writer_hbcontrol: wr 110ce4e:83e26d0:2ed73607:403 multicasting (rel-prd 1 seq-eq-max 1 seq 11 maxseq 4)
1777481649.604446 [0]        tev: heartbeat(wr 110ce4e:83e26d0:2ed73607:403) sent, resched in 0.1 s (min-ack 4, avail-seq 11, xmit 11)
1777481649.604520 [0]        tev: xpack_addmsg 0xffffa4001390 0xaaaaf5c36300 0(control): niov 0 sz 0 => now niov 2 sz 52
1777481649.604747 [0]        tev: nn_xpack_send 52: 0xffffa400139c:20 0xaaaaf5c363f8:32 [ udp/192.168.50.95:42984@3 ]
1777481649.604811 [0]        tev: traffic-xmit (1) 52
1777481649.605303 [0]     recvUC: HDR(110cfe5:7645227d:5dd75df7 vendor 1.16) len 64 from udp/192.168.50.95:47636
1777481649.605466 [0]     recvUC: INFODST(110ce4e:83e26d0:2ed73607)
1777481649.605606 [0]     recvUC: ACKNACK(F#9:12/0: L(:1c1 2770.187184) 110cfe5:7645227d:5dd75df7:504 -> 110ce4e:83e26d0:2ed73607:403 ACK7 RM0)
1777481649.704581 [0]        tev: heartbeat(wr 110ce4e:83e26d0:2ed73607:403) suppressed, resched in inf s (min-ack 11, avail-seq 11, xmit 11)
1777481649.730845 [0]     recvUC: HDR(110cfe5:7645227d:5dd75df7 vendor 1.16) len 116 from udp/192.168.50.95:47636
1777481649.730954 [0]     recvUC: INFOTS(1777481649.730593344)
1777481649.731019 [0]     recvUC: DATA(110cfe5:7645227d:5dd75df7:200c2 -> 0:0:0:0 #92 L(:1c1 2770.312684))
1777481649.731078 [0]     recvUC: HEARTBEAT(#6:92..92 110cfe5:7645227d:5dd75df7:200c2 -> 0:0:0:0: 110ce4e:83e26d0:2ed73607:200c7@92(sync))
1777481649.731157 [0]        tev: acknack 110ce4e:83e26d0:2ed73607:200c7 -> 110cfe5:7645227d:5dd75df7:200c2: F#3:93/0:
1777481649.731244 [0]        tev: send acknack(rd 110ce4e:83e26d0:2ed73607:200c7 -> pwr 110cfe5:7645227d:5dd75df7:200c2)
1777481649.731192 [0] dq.builtin: data(builtin, vendor 1.16): 110cfe5:7645227d:5dd75df7:200c2 #92: ST0 DCPSParticipantMessage/ParticipantMessageData:{110cfe5:7645227d:5dd75df7:1}:1<0>
1777481649.731290 [0]        tev: xpack_addmsg 0xffffa4001390 0xaaaaf5c36300 0(control): niov 0 sz 0 => now niov 2 sz 64
1777481649.731359 [0] dq.builtin:  PMD ST0 pp 110cfe5:7645227d:5dd75df7 kind 1 data 1
1777481649.731418 [0]        tev: nn_xpack_send 64: 0xffffa400139c:20 0xaaaaf5c363e8:44 [ udp/192.168.50.95:42984@3 ]
1777481649.731453 [0]        tev: traffic-xmit (1) 64
1777481649.829206 [0]       recv: HDR(110cfe5:7645227d:5dd75df7 vendor 1.16) len 324 from udp/192.168.50.95:47636
1777481649.829334 [0]       recv: INFOTS(1777480921.718474635)
1777481649.829393 [0]       recv: DATA(110cfe5:7645227d:5dd75df7:100c2 -> 0:0:0:0 #1)
1777481649.829489 [0] dq.builtin: data(builtin, vendor 1.16): 0:0:0:0 #1: ST0 /ParticipantBuiltinTopicData:{user_data=10<"enclave=/;">,protocol_version=2:1,vendorid=1:16,participant_lease_duration=10000000000,participant_guid={110cfe5:7645227d:5dd75df7:1c1},builtin_endpoint_set=3135,domain_id=0,default_unicast_locator={udp/192.168.50.95:42984},default_multicast_locator={udp/239.255.0.1:7401},metatraffic_unicast_locator={udp/192.168.50.95:42984},metatraffic_multicast_locator={udp/239.255.0.1:7400},adlink_participant_version_info=0:44:0:0:0:"ubuntu/0.9.1/Linux/Linux",cyclone_receive_buffer_size=425984}
1777481649.829590 [0] dq.builtin: SPDP ST0 110cfe5:7645227d:5dd75df7:1c1 (known) L(:1c1 2770.411320)
1777481650.384587 [0]     recvUC: HDR(110cfe5:7645227d:5dd75df7 vendor 1.16) len 340 from udp/192.168.50.95:47636
1777481650.384714 [0]     recvUC: INFODST(110ce4e:83e26d0:2ed73607)
1777481650.384760 [0]     recvUC: INFOTS(1777480921.718474635)
1777481650.384817 [0]     recvUC: DATA(110cfe5:7645227d:5dd75df7:100c2 -> 110ce4e:83e26d0:2ed73607:100c7 #1)
1777481650.384860 [0]     recvUC: thread_cputime 0.007618000
1777481650.384956 [0] dq.builtin: data(builtin, vendor 1.16): 0:0:0:0 #1: ST0 /ParticipantBuiltinTopicData:{user_data=10<"enclave=/;">,protocol_version=2:1,vendorid=1:16,participant_lease_duration=10000000000,participant_guid={110cfe5:7645227d:5dd75df7:1c1},builtin_endpoint_set=3135,domain_id=0,default_unicast_locator={udp/192.168.50.95:42984},default_multicast_locator={udp/239.255.0.1:7401},metatraffic_unicast_locator={udp/192.168.50.95:42984},metatraffic_multicast_locator={udp/239.255.0.1:7400},adlink_participant_version_info=0:44:0:0:0:"ubuntu/0.9.1/Linux/Linux",cyclone_receive_buffer_size=425984}
1777481650.385053 [0] dq.builtin: SPDP ST0 110cfe5:7645227d:5dd75df7:1c1 (known) L(:1c1 2770.966781)
1777481650.385118 [0] dq.builtin: thread_cputime 0.005737000
1777481650.427468 [0]     talker: write_sample 110ce4e:83e26d0:2ed73607:603 #1: ST0 rt/rosout/rcl_interfaces::msg::dds_::Log_:{{1777481650,427189254},20,"talker","Publishing: 'Hello World: 1'","/opt/ros/humble/src/demos/demo_nodes_cpp/src/topics/talker.cpp","operator()",47}
1777481650.427659 [0]     talker:  => EVERYONE
1777481650.427816 [0]     talker: write_sample 110ce4e:83e26d0:2ed73607:1503 #1: ST0 rt/chatter/std_msgs::msg::dds_::String_:{"Hello World: 1"}
1777481650.427857 [0]     talker:  => EVERYONE
1777481651.384685 [0]     recvUC: HDR(110cfe5:7645227d:5dd75df7 vendor 1.16) len 340 from udp/192.168.50.95:47636
1777481651.384833 [0]     recvUC: INFODST(110ce4e:83e26d0:2ed73607)
1777481651.384869 [0]     recvUC: INFOTS(1777480921.718474635)
1777481651.385026 [0] dq.builtin: data(builtin, vendor 1.16): 0:0:0:0 #1: ST0 /ParticipantBuiltinTopicData:{user_data=10<"enclave=/;">,protocol_version=2:1,vendorid=1:16,participant_lease_duration=10000000000,participant_guid={110cfe5:7645227d:5dd75df7:1c1},builtin_endpoint_set=3135,domain_id=0,default_unicast_locator={udp/192.168.50.95:42984},default_multicast_locator={udp/239.255.0.1:7401},metatraffic_unicast_locator={udp/192.168.50.95:42984},metatraffic_multicast_locator={udp/239.255.0.1:7400},adlink_participant_version_info=0:44:0:0:0:"ubuntu/0.9.1/Linux/Linux",cyclone_receive_buffer_size=425984}
1777481651.385069 [0] dq.builtin: SPDP ST0 110cfe5:7645227d:5dd75df7:1c1 (known) L(:1c1 2771.966801)
1777481651.385110 [0]     recvUC: DATA(110cfe5:7645227d:5dd75df7:100c2 -> 110ce4e:83e26d0:2ed73607:100c7 #1)
1777481651.385147 [0]     recvUC: thread_cputime 0.008336000
1777481651.427325 [0]     talker: write_sample 110ce4e:83e26d0:2ed73607:603 #2: ST0 rt/rosout/rcl_interfaces::msg::dds_::Log_:{{1777481651,427170060},20,"talker","Publishing: 'Hello World: 2'","/opt/ros/humble/src/demos/demo_nodes_cpp/src/topics/talker.cpp","operator()",47}
1777481651.427457 [0]     talker:  => EVERYONE
1777481651.427566 [0]     talker: write_sample 110ce4e:83e26d0:2ed73607:1503 #2: ST0 rt/chatter/std_msgs::msg::dds_::String_:{"Hello World: 2"}
1777481651.427598 [0]     talker:  => EVERYONE
1777481652.385022 [0]     recvUC: HDR(110cfe5:7645227d:5dd75df7 vendor 1.16) len 340 from udp/192.168.50.95:47636
1777481652.385216 [0]     recvUC: INFODST(110ce4e:83e26d0:2ed73607)
1777481652.385311 [0]     recvUC: INFOTS(1777480921.718474635)
1777481652.385641 [0] dq.builtin: data(builtin, vendor 1.16): 0:0:0:0 #1: ST0 /ParticipantBuiltinTopicData:{user_data=10<"enclave=/;">,protocol_version=2:1,vendorid=1:16,participant_lease_duration=10000000000,participant_guid={110cfe5:7645227d:5dd75df7:1c1},builtin_endpoint_set=3135,domain_id=0,default_unicast_locator={udp/192.168.50.95:42984},default_multicast_locator={udp/239.255.0.1:7401},metatraffic_unicast_locator={udp/192.168.50.95:42984},metatraffic_multicast_locator={udp/239.255.0.1:7400},adlink_participant_version_info=0:44:0:0:0:"ubuntu/0.9.1/Linux/Linux",cyclone_receive_buffer_size=425984}
1777481652.385817 [0] dq.builtin: SPDP ST0 110cfe5:7645227d:5dd75df7:1c1 (known) L(:1c1 2772.967538)
1777481652.385887 [0] dq.builtin: thread_cputime 0.006142000
1777481652.386014 [0]     recvUC: DATA(110cfe5:7645227d:5dd75df7:100c2 -> 110ce4e:83e26d0:2ed73607:100c7 #1)
1777481652.386080 [0]     recvUC: thread_cputime 0.008967000
1777481652.427467 [0]     talker: write_sample 110ce4e:83e26d0:2ed73607:603 #3: ST0 rt/rosout/rcl_interfaces::msg::dds_::Log_:{{1777481652,427233058},20,"talker","Publishing: 'Hello World: 3'","/opt/ros/humble/src/demos/demo_nodes_cpp/src/topics/talker.cpp","operator()",47}
1777481652.428962 [0]     talker:  => EVERYONE
1777481652.429103 [0]     talker: write_sample 110ce4e:83e26d0:2ed73607:1503 #3: ST0 rt/chatter/std_msgs::msg::dds_::String_:{"Hello World: 3"}
1777481652.429157 [0]     talker:  => EVERYONE
1777481653.427517 [0]     talker: write_sample 110ce4e:83e26d0:2ed73607:603 #4: ST0 rt/rosout/rcl_interfaces::msg::dds_::Log_:{{1777481653,427297636},20,"talker","Publishing: 'Hello World: 4'","/opt/ros/humble/src/demos/demo_nodes_cpp/src/topics/talker.cpp","operator()",47}
1777481653.427689 [0]     talker:  => EVERYONE
1777481653.427797 [0]     talker: write_sample 110ce4e:83e26d0:2ed73607:1503 #4: ST0 rt/chatter/std_msgs::msg::dds_::String_:{"Hello World: 4"}
1777481653.427834 [0]     talker:  => EVERYONE
1777481654.427494 [0]     talker: write_sample 110ce4e:83e26d0:2ed73607:603 #5: ST0 rt/rosout/rcl_interfaces::msg::dds_::Log_:{{1777481654,427305807},20,"talker","Publishing: 'Hello World: 5'","/opt/ros/humble/src/demos/demo_nodes_cpp/src/topics/talker.cpp","operator()",47}
1777481654.427637 [0]     talker:  => EVERYONE
1777481654.427757 [0]     talker: write_sample 110ce4e:83e26d0:2ed73607:1503 #5: ST0 rt/chatter/std_msgs::msg::dds_::String_:{"Hello World: 5"}
1777481654.427793 [0]     talker:  => EVERYONE
1777481655.427545 [0]     talker: write_sample 110ce4e:83e26d0:2ed73607:603 #6: ST0 rt/rosout/rcl_interfaces::msg::dds_::Log_:{{1777481655,427384170},20,"talker","Publishing: 'Hello World: 6'","/opt/ros/humble/src/demos/demo_nodes_cpp/src/topics/talker.cpp","operator()",47}
1777481655.427682 [0]     talker:  => EVERYONE
1777481655.427764 [0]     talker: write_sample 110ce4e:83e26d0:2ed73607:1503 #6: ST0 rt/chatter/std_msgs::msg::dds_::String_:{"Hello World: 6"}
1777481655.427797 [0]     talker:  => EVERYONE
1777481656.427595 [0]     talker: write_sample 110ce4e:83e26d0:2ed73607:603 #7: ST0 rt/rosout/rcl_interfaces::msg::dds_::Log_:{{1777481656,427433808},20,"talker","Publishing: 'Hello World: 7'","/opt/ros/humble/src/demos/demo_nodes_cpp/src/topics/talker.cpp","operator()",47}
1777481656.427706 [0]     talker:  => EVERYONE
1777481656.427811 [0]     talker: write_sample 110ce4e:83e26d0:2ed73607:1503 #7: ST0 rt/chatter/std_msgs::msg::dds_::String_:{"Hello World: 7"}
1777481656.427843 [0]     talker:  => EVERYONE
1777481657.383322 [0]        tev: thread_cputime 0.006689000
1777481657.383616 [0]        tev: write_sample 110ce4e:83e26d0:2ed73607:200c2 #2: ST0 DCPSParticipantMessage/ParticipantMessageData:{110ce4e:83e26d0:2ed73607:1}:1<0>
1777481657.383736 [0]        tev: xpack_addmsg 0xffffa4001390 0xaaaaf5c36300 0(data(110ce4e:83e26d0:2ed73607:200c2:#2/1)): niov 0 sz 0 => now niov 3 sz 84
1777481657.383805 [0]        tev: writer_hbcontrol: wr 110ce4e:83e26d0:2ed73607:200c2 multicasting (rel-prd 1 seq-eq-max 1 seq 2 maxseq 1)
1777481657.383875 [0]        tev: heartbeat(wr 110ce4e:83e26d0:2ed73607:200c2) piggybacked, resched in 0.1 s (min-ack 1, avail-seq 2, xmit 1)
1777481657.383935 [0]        tev: xpack_addmsg 0xffffa4001390 0xaaaaf5c2f010 0(control): niov 3 sz 84 => now niov 4 sz 116
1777481657.384185 [0]        tev: nn_xpack_send 116: 0xffffa400139c:20 0xaaaaf5c363f8:36 0xffffa40027ec:28 0xaaaaf5c2f108:32 [ udp/192.168.50.95:42984@3 ]
1777481657.384352 [0]        tev: traffic-xmit (1) 116
1777481657.384419 [0]        tev: resched pmd(110ce4e:83e26d0:2ed73607:1c1): 8s
1777481657.384608 [0]     recvUC: HDR(110cfe5:7645227d:5dd75df7 vendor 1.16) len 64 from udp/192.168.50.95:47636
1777481657.384753 [0]     recvUC: INFODST(110ce4e:83e26d0:2ed73607)
1777481657.384842 [0]     recvUC: ACKNACK(F#5:3/0: L(:1c1 2777.966477) 110cfe5:7645227d:5dd75df7:200c7 -> 110ce4e:83e26d0:2ed73607:200c2 ACK1 RM0)
1777481657.384937 [0]     recvUC: thread_cputime 0.009135000
1777481657.427711 [0]     talker: write_sample 110ce4e:83e26d0:2ed73607:603 #8: ST0 rt/rosout/rcl_interfaces::msg::dds_::Log_:{{1777481657,427504035},20,"talker","Publishing: 'Hello World: 8'","/opt/ros/humble/src/demos/demo_nodes_cpp/src/topics/talker.cpp","operator()",47}
1777481657.433067 [0]     talker:  => EVERYONE
1777481657.433276 [0]     talker: write_sample 110ce4e:83e26d0:2ed73607:1503 #8: ST0 rt/chatter/std_msgs::msg::dds_::String_:{"Hello World: 8"}
1777481657.433338 [0]     talker:  => EVERYONE
1777481657.483277 [0]        tev: non-timed queue now has 1 items
1777481657.483445 [0]        tev: xmit spdp 110ce4e:83e26d0:2ed73607:1c1 to 0:0:0:100c7 (resched 8s)
1777481657.483492 [0]        tev: xpack_addmsg 0xffffa4001390 0xaaaaf5c36300 0(data(0:0:0:0:#0/1)): niov 0 sz 0 => now niov 3 sz 324
1777481657.483707 [0]        tev: nn_xpack_send 324: 0xffffa400139c:20 0xaaaaf5c363f8:36 0xaaaaf5be5864:268 [ udp/239.255.0.1:7400@3 ]
1777481657.483745 [0]        tev: traffic-xmit (1) 324
1777481657.483785 [0]       recv: HDR(110ce4e:83e26d0:2ed73607 vendor 1.16) len 324 from udp/192.168.50.95:60698
1777481657.483924 [0]       recv: INFOTS(1777481649.382771377)
1777481657.483789 [0]        tev: heartbeat(wr 110ce4e:83e26d0:2ed73607:200c2) suppressed, resched in inf s (min-ack 2, avail-seq 2, xmit 2)
1777481657.484131 [0] dq.builtin: data(builtin, vendor 1.16): 0:0:0:0 #1: ST0 /ParticipantBuiltinTopicData:{user_data=10<"enclave=/;">,protocol_version=2:1,vendorid=1:16,participant_lease_duration=10000000000,participant_guid={110ce4e:83e26d0:2ed73607:1c1},builtin_endpoint_set=3135,domain_id=0,default_unicast_locator={udp/192.168.50.95:59056},default_multicast_locator={udp/239.255.0.1:7401},metatraffic_unicast_locator={udp/192.168.50.95:59056},metatraffic_multicast_locator={udp/239.255.0.1:7400},adlink_participant_version_info=0:44:0:0:0:"ubuntu/0.9.1/Linux/Linux",cyclone_receive_buffer_size=425984}
1777481657.484238 [0] dq.builtin: SPDP ST0 110ce4e:83e26d0:2ed73607:1c1 (local)
1777481657.484311 [0] dq.builtin: thread_cputime 0.006526000
1777481657.483987 [0]       recv: DATA(110ce4e:83e26d0:2ed73607:100c2 -> 0:0:0:0 #1)
1777481657.484661 [0]       recv: thread_cputime 0.000000000
1777481657.730890 [0]     recvUC: HDR(110cfe5:7645227d:5dd75df7 vendor 1.16) len 116 from udp/192.168.50.95:47636
1777481657.731019 [0]     recvUC: INFOTS(1777481657.730694780)
1777481657.731078 [0]     recvUC: DATA(110cfe5:7645227d:5dd75df7:200c2 -> 0:0:0:0 #93 L(:1c1 2778.312747))
1777481657.731140 [0]     recvUC: HEARTBEAT(#7:93..93 110cfe5:7645227d:5dd75df7:200c2 -> 0:0:0:0: 110ce4e:83e26d0:2ed73607:200c7@93(sync))
1777481657.731226 [0]        tev: acknack 110ce4e:83e26d0:2ed73607:200c7 -> 110cfe5:7645227d:5dd75df7:200c2: F#4:94/0:
1777481657.731332 [0]        tev: send acknack(rd 110ce4e:83e26d0:2ed73607:200c7 -> pwr 110cfe5:7645227d:5dd75df7:200c2)
1777481657.731382 [0]        tev: xpack_addmsg 0xffffa4001390 0xaaaaf5c36300 0(control): niov 0 sz 0 => now niov 2 sz 64
1777481657.731261 [0] dq.builtin: data(builtin, vendor 1.16): 110cfe5:7645227d:5dd75df7:200c2 #93: ST0 DCPSParticipantMessage/ParticipantMessageData:{110cfe5:7645227d:5dd75df7:1}:1<0>
1777481657.731509 [0]        tev: nn_xpack_send 64: 0xffffa400139c:20 0xaaaaf5c363e8:44 [ udp/192.168.50.95:42984@3 ]
1777481657.731558 [0]        tev: traffic-xmit (1) 64
1777481657.731517 [0] dq.builtin:  PMD ST0 pp 110cfe5:7645227d:5dd75df7 kind 1 data 1
1777481657.829348 [0]       recv: HDR(110cfe5:7645227d:5dd75df7 vendor 1.16) len 324 from udp/192.168.50.95:47636
1777481657.829568 [0]       recv: INFOTS(1777480921.718474635)
1777481657.829640 [0]       recv: DATA(110cfe5:7645227d:5dd75df7:100c2 -> 0:0:0:0 #1)
1777481657.829780 [0] dq.builtin: data(builtin, vendor 1.16): 0:0:0:0 #1: ST0 /ParticipantBuiltinTopicData:{user_data=10<"enclave=/;">,protocol_version=2:1,vendorid=1:16,participant_lease_duration=10000000000,participant_guid={110cfe5:7645227d:5dd75df7:1c1},builtin_endpoint_set=3135,domain_id=0,default_unicast_locator={udp/192.168.50.95:42984},default_multicast_locator={udp/239.255.0.1:7401},metatraffic_unicast_locator={udp/192.168.50.95:42984},metatraffic_multicast_locator={udp/239.255.0.1:7400},adlink_participant_version_info=0:44:0:0:0:"ubuntu/0.9.1/Linux/Linux",cyclone_receive_buffer_size=425984}
1777481657.829902 [0] dq.builtin: SPDP ST0 110cfe5:7645227d:5dd75df7:1c1 (known) L(:1c1 2778.411629)
1777481658.427773 [0]     talker: write_sample 110ce4e:83e26d0:2ed73607:603 #9: ST0 rt/rosout/rcl_interfaces::msg::dds_::Log_:{{1777481658,427564641},20,"talker","Publishing: 'Hello World: 9'","/opt/ros/humble/src/demos/demo_nodes_cpp/src/topics/talker.cpp","operator()",47}
1777481658.427866 [0]     talker:  => EVERYONE
1777481658.427971 [0]     talker: write_sample 110ce4e:83e26d0:2ed73607:1503 #9: ST0 rt/chatter/std_msgs::msg::dds_::String_:{"Hello World: 9"}
1777481658.428011 [0]     talker:  => EVERYONE
1777481659.385412 [0]         gc: thread_cputime 0.001447000
1777481659.427901 [0]     talker: write_sample 110ce4e:83e26d0:2ed73607:603 #10: ST0 rt/rosout/rcl_interfaces::msg::dds_::Log_:{{1777481659,427641133},20,"talker","Publishing: 'Hello World: 10'","/opt/ros/humble/src/demos/demo_nodes_cpp/src/topics/talker.cpp","operator()",47}
1777481659.428067 [0]     talker:  => EVERYONE
1777481659.428237 [0]     talker: write_sample 110ce4e:83e26d0:2ed73607:1503 #10: ST0 rt/chatter/std_msgs::msg::dds_::String_:{"Hello World: 10"}
1777481659.428296 [0]     talker:  => EVERYONE
1777481660.427660 [0]        tev: thread_cputime 0.007883000
1777481660.428088 [0]     talker: write_sample 110ce4e:83e26d0:2ed73607:603 #11: ST0 rt/rosout/rcl_interfaces::msg::dds_::Log_:{{1777481660,427724069},20,"talker","Publishing: 'Hello World: 11'","/opt/ros/humble/src/demos/demo_nodes_cpp/src/topics/talker.cpp","operator()",47}
1777481660.428213 [0]     talker:  => EVERYONE
1777481660.428423 [0]     talker: write_sample 110ce4e:83e26d0:2ed73607:1503 #11: ST0 rt/chatter/std_msgs::msg::dds_::String_:{"Hello World: 11"}
1777481660.428492 [0]     talker:  => EVERYONE
1777481661.427937 [0]     talker: write_sample 110ce4e:83e26d0:2ed73607:603 #12: ST0 rt/rosout/rcl_interfaces::msg::dds_::Log_:{{1777481661,427683044},20,"talker","Publishing: 'Hello World: 12'","/opt/ros/humble/src/demos/demo_nodes_cpp/src/topics/talker.cpp","operator()",47}
1777481661.428132 [0]     talker:  => EVERYONE
1777481661.428332 [0]     talker: write_sample 110ce4e:83e26d0:2ed73607:1503 #12: ST0 rt/chatter/std_msgs::msg::dds_::String_:{"Hello World: 12"}
1777481661.428409 [0]     talker:  => EVERYONE
1777481662.427586 [0]        tev: thread_cputime 0.008196000
1777481662.427968 [0]     talker: write_sample 110ce4e:83e26d0:2ed73607:603 #13: ST0 rt/rosout/rcl_interfaces::msg::dds_::Log_:{{1777481662,427730035},20,"talker","Publishing: 'Hello World: 13'","/opt/ros/humble/src/demos/demo_nodes_cpp/src/topics/talker.cpp","operator()",47}
1777481662.436551 [0]     talker:  => EVERYONE
1777481662.436812 [0]     talker: write_sample 110ce4e:83e26d0:2ed73607:1503 #13: ST0 rt/chatter/std_msgs::msg::dds_::String_:{"Hello World: 13"}
1777481662.436888 [0]     talker:  => EVERYONE
1777481663.427655 [0]        tev: thread_cputime 0.008331000
1777481663.428025 [0]     talker: write_sample 110ce4e:83e26d0:2ed73607:603 #14: ST0 rt/rosout/rcl_interfaces::msg::dds_::Log_:{{1777481663,427793743},20,"talker","Publishing: 'Hello World: 14'","/opt/ros/humble/src/demos/demo_nodes_cpp/src/topics/talker.cpp","operator()",47}
1777481663.428161 [0]     talker:  => EVERYONE
1777481663.428297 [0]     talker: write_sample 110ce4e:83e26d0:2ed73607:1503 #14: ST0 rt/chatter/std_msgs::msg::dds_::String_:{"Hello World: 14"}
1777481663.428431 [0]     talker:  => EVERYONE
1777481664.428157 [0]     talker: write_sample 110ce4e:83e26d0:2ed73607:603 #15: ST0 rt/rosout/rcl_interfaces::msg::dds_::Log_:{{1777481664,427885401},20,"talker","Publishing: 'Hello World: 15'","/opt/ros/humble/src/demos/demo_nodes_cpp/src/topics/talker.cpp","operator()",47}
1777481664.428336 [0]     talker:  => EVERYONE
1777481664.428417 [0]     talker: write_sample 110ce4e:83e26d0:2ed73607:1503 #15: ST0 rt/chatter/std_msgs::msg::dds_::String_:{"Hello World: 15"}
1777481664.428448 [0]     talker:  => EVERYONE
1777481665.383476 [0]        tev: thread_cputime 0.008582000
1777481665.383874 [0]        tev: write_sample 110ce4e:83e26d0:2ed73607:200c2 #3: ST0 DCPSParticipantMessage/ParticipantMessageData:{110ce4e:83e26d0:2ed73607:1}:1<0>
1777481665.383997 [0]        tev: xpack_addmsg 0xffffa4001390 0xaaaaf5c36300 0(data(110ce4e:83e26d0:2ed73607:200c2:#3/1)): niov 0 sz 0 => now niov 3 sz 84
1777481665.384067 [0]        tev: writer_hbcontrol: wr 110ce4e:83e26d0:2ed73607:200c2 multicasting (rel-prd 1 seq-eq-max 1 seq 3 maxseq 2)
1777481665.384134 [0]        tev: heartbeat(wr 110ce4e:83e26d0:2ed73607:200c2) piggybacked, resched in 0.1 s (min-ack 2, avail-seq 3, xmit 2)
1777481665.384193 [0]        tev: xpack_addmsg 0xffffa4001390 0xaaaaf5c2f010 0(control): niov 3 sz 84 => now niov 4 sz 116
1777481665.384680 [0]        tev: nn_xpack_send 116: 0xffffa400139c:20 0xaaaaf5c363f8:36 0xffffa40014dc:28 0xaaaaf5c2f108:32 [ udp/192.168.50.95:42984@3 ]
1777481665.384805 [0]        tev: traffic-xmit (1) 116
1777481665.384878 [0]        tev: resched pmd(110ce4e:83e26d0:2ed73607:1c1): 8s
1777481665.385063 [0]     recvUC: HDR(110cfe5:7645227d:5dd75df7 vendor 1.16) len 64 from udp/192.168.50.95:47636
1777481665.385258 [0]     recvUC: INFODST(110ce4e:83e26d0:2ed73607)
1777481665.385362 [0]     recvUC: ACKNACK(F#6:4/0: L(:1c1 2785.966978) 110cfe5:7645227d:5dd75df7:200c7 -> 110ce4e:83e26d0:2ed73607:200c2 ACK1 RM0)
1777481665.385448 [0]     recvUC: thread_cputime 0.010020000
1777481665.428045 [0]     talker: write_sample 110ce4e:83e26d0:2ed73607:603 #16: ST0 rt/rosout/rcl_interfaces::msg::dds_::Log_:{{1777481665,427858890},20,"talker","Publishing: 'Hello World: 16'","/opt/ros/humble/src/demos/demo_nodes_cpp/src/topics/talker.cpp","operator()",47}
1777481665.428171 [0]     talker:  => EVERYONE
1777481665.428286 [0]     talker: write_sample 110ce4e:83e26d0:2ed73607:1503 #16: ST0 rt/chatter/std_msgs::msg::dds_::String_:{"Hello World: 16"}
1777481665.428338 [0]     talker:  => EVERYONE
1777481665.483399 [0]        tev: non-timed queue now has 1 items
1777481665.483582 [0]        tev: xmit spdp 110ce4e:83e26d0:2ed73607:1c1 to 0:0:0:100c7 (resched 8s)
1777481665.483634 [0]        tev: xpack_addmsg 0xffffa4001390 0xaaaaf5c36300 0(data(0:0:0:0:#0/1)): niov 0 sz 0 => now niov 3 sz 324
1777481665.483954 [0]       recv: HDR(110ce4e:83e26d0:2ed73607 vendor 1.16) len 324 from udp/192.168.50.95:60698
1777481665.484040 [0]       recv: INFOTS(1777481649.382771377)
1777481665.484092 [0]       recv: DATA(110ce4e:83e26d0:2ed73607:100c2 -> 0:0:0:0 #1)
1777481665.484165 [0]       recv: thread_cputime 0.000000000
1777481665.484264 [0]        tev: nn_xpack_send 324: 0xffffa400139c:20 0xaaaaf5c363f8:36 0xaaaaf5be5864:268 [ udp/239.255.0.1:7400@3 ]
1777481665.484313 [0]        tev: traffic-xmit (1) 324
1777481665.484343 [0] dq.builtin: data(builtin, vendor 1.16): 0:0:0:0 #1: ST0 /ParticipantBuiltinTopicData:{user_data=10<"enclave=/;">,protocol_version=2:1,vendorid=1:16,participant_lease_duration=10000000000,participant_guid={110ce4e:83e26d0:2ed73607:1c1},builtin_endpoint_set=3135,domain_id=0,default_unicast_locator={udp/192.168.50.95:59056},default_multicast_locator={udp/239.255.0.1:7401},metatraffic_unicast_locator={udp/192.168.50.95:59056},metatraffic_multicast_locator={udp/239.255.0.1:7400},adlink_participant_version_info=0:44:0:0:0:"ubuntu/0.9.1/Linux/Linux",cyclone_receive_buffer_size=425984}
1777481665.484355 [0]        tev: heartbeat(wr 110ce4e:83e26d0:2ed73607:200c2) suppressed, resched in inf s (min-ack 3, avail-seq 3, xmit 3)
1777481665.484481 [0] dq.builtin: SPDP ST0 110ce4e:83e26d0:2ed73607:1c1 (local)
1777481665.484794 [0] dq.builtin: thread_cputime 0.007493000
1777481665.731132 [0]     recvUC: HDR(110cfe5:7645227d:5dd75df7 vendor 1.16) len 116 from udp/192.168.50.95:47636
1777481665.731300 [0]     recvUC: INFOTS(1777481665.730839400)
1777481665.731384 [0]     recvUC: DATA(110cfe5:7645227d:5dd75df7:200c2 -> 0:0:0:0 #94 L(:1c1 2786.313023))
1777481665.731500 [0]     recvUC: HEARTBEAT(#8:94..94 110cfe5:7645227d:5dd75df7:200c2 -> 0:0:0:0: 110ce4e:83e26d0:2ed73607:200c7@94(sync))
1777481665.731575 [0]        tev: acknack 110ce4e:83e26d0:2ed73607:200c7 -> 110cfe5:7645227d:5dd75df7:200c2: F#5:95/0:
1777481665.731667 [0] dq.builtin: data(builtin, vendor 1.16): 110cfe5:7645227d:5dd75df7:200c2 #94: ST0 DCPSParticipantMessage/ParticipantMessageData:{110cfe5:7645227d:5dd75df7:1}:1<0>
1777481665.731740 [0] dq.builtin:  PMD ST0 pp 110cfe5:7645227d:5dd75df7 kind 1 data 1
1777481665.731687 [0]        tev: send acknack(rd 110ce4e:83e26d0:2ed73607:200c7 -> pwr 110cfe5:7645227d:5dd75df7:200c2)
1777481665.731887 [0]        tev: xpack_addmsg 0xffffa4001390 0xaaaaf5c36300 0(control): niov 0 sz 0 => now niov 2 sz 64
1777481665.732186 [0]        tev: nn_xpack_send 64: 0xffffa400139c:20 0xaaaaf5c363e8:44 [ udp/192.168.50.95:42984@3 ]
1777481665.732257 [0]        tev: traffic-xmit (1) 64
1777481665.829638 [0]       recv: HDR(110cfe5:7645227d:5dd75df7 vendor 1.16) len 324 from udp/192.168.50.95:47636
1777481665.829922 [0]       recv: INFOTS(1777480921.718474635)
1777481665.830034 [0]       recv: DATA(110cfe5:7645227d:5dd75df7:100c2 -> 0:0:0:0 #1)
1777481665.830335 [0] dq.builtin: data(builtin, vendor 1.16): 0:0:0:0 #1: ST0 /ParticipantBuiltinTopicData:{user_data=10<"enclave=/;">,protocol_version=2:1,vendorid=1:16,participant_lease_duration=10000000000,participant_guid={110cfe5:7645227d:5dd75df7:1c1},builtin_endpoint_set=3135,domain_id=0,default_unicast_locator={udp/192.168.50.95:42984},default_multicast_locator={udp/239.255.0.1:7401},metatraffic_unicast_locator={udp/192.168.50.95:42984},metatraffic_multicast_locator={udp/239.255.0.1:7400},adlink_participant_version_info=0:44:0:0:0:"ubuntu/0.9.1/Linux/Linux",cyclone_receive_buffer_size=425984}
1777481665.830514 [0] dq.builtin: SPDP ST0 110cfe5:7645227d:5dd75df7:1c1 (known) L(:1c1 2786.412233)
1777481666.427778 [0]        tev: thread_cputime 0.010158000
1777481666.428058 [0]     talker: write_sample 110ce4e:83e26d0:2ed73607:603 #17: ST0 rt/rosout/rcl_interfaces::msg::dds_::Log_:{{1777481666,427909195},20,"talker","Publishing: 'Hello World: 17'","/opt/ros/humble/src/demos/demo_nodes_cpp/src/topics/talker.cpp","operator()",47}
1777481666.428117 [0]     talker:  => EVERYONE
1777481666.428187 [0]     talker: write_sample 110ce4e:83e26d0:2ed73607:1503 #17: ST0 rt/chatter/std_msgs::msg::dds_::String_:{"Hello World: 17"}
1777481666.428217 [0]     talker:  => EVERYONE
1777481667.427890 [0]        tev: thread_cputime 0.010299000
1777481667.428337 [0]     talker: write_sample 110ce4e:83e26d0:2ed73607:603 #18: ST0 rt/rosout/rcl_interfaces::msg::dds_::Log_:{{1777481667,428127906},20,"talker","Publishing: 'Hello World: 18'","/opt/ros/humble/src/demos/demo_nodes_cpp/src/topics/talker.cpp","operator()",47}
1777481667.436236 [0]     talker:  => EVERYONE
1777481667.436456 [0]     talker: write_sample 110ce4e:83e26d0:2ed73607:1503 #18: ST0 rt/chatter/std_msgs::msg::dds_::String_:{"Hello World: 18"}
1777481667.436501 [0]     talker:  => EVERYONE
1777481667.830411 [0]         gc: thread_cputime 0.001845000
1777481668.427990 [0]        tev: thread_cputime 0.010460000
1777481668.428742 [0]     talker: write_sample 110ce4e:83e26d0:2ed73607:603 #19: ST0 rt/rosout/rcl_interfaces::msg::dds_::Log_:{{1777481668,428066582},20,"talker","Publishing: 'Hello World: 19'","/opt/ros/humble/src/demos/demo_nodes_cpp/src/topics/talker.cpp","operator()",47}
1777481668.428975 [0]     talker:  => EVERYONE
1777481668.429314 [0]     talker: write_sample 110ce4e:83e26d0:2ed73607:1503 #19: ST0 rt/chatter/std_msgs::msg::dds_::String_:{"Hello World: 19"}
1777481668.429503 [0]     talker:  => EVERYONE
1777481669.428015 [0]        tev: thread_cputime 0.010669000
1777481669.428412 [0]     talker: write_sample 110ce4e:83e26d0:2ed73607:603 #20: ST0 rt/rosout/rcl_interfaces::msg::dds_::Log_:{{1777481669,428170304},20,"talker","Publishing: 'Hello World: 20'","/opt/ros/humble/src/demos/demo_nodes_cpp/src/topics/talker.cpp","operator()",47}
1777481669.428622 [0]     talker:  => EVERYONE
1777481669.428857 [0]     talker: write_sample 110ce4e:83e26d0:2ed73607:1503 #20: ST0 rt/chatter/std_msgs::msg::dds_::String_:{"Hello World: 20"}
1777481669.428905 [0]     talker:  => EVERYONE
1777481670.428211 [0]        tev: thread_cputime 0.010862000
1777481670.428868 [0]     talker: write_sample 110ce4e:83e26d0:2ed73607:603 #21: ST0 rt/rosout/rcl_interfaces::msg::dds_::Log_:{{1777481670,428236596},20,"talker","Publishing: 'Hello World: 21'","/opt/ros/humble/src/demos/demo_nodes_cpp/src/topics/talker.cpp","operator()",47}
1777481670.428953 [0]     talker:  => EVERYONE
1777481670.429061 [0]     talker: write_sample 110ce4e:83e26d0:2ed73607:1503 #21: ST0 rt/chatter/std_msgs::msg::dds_::String_:{"Hello World: 21"}
1777481670.429139 [0]     talker:  => EVERYONE
1777481671.428513 [0]     talker: write_sample 110ce4e:83e26d0:2ed73607:603 #22: ST0 rt/rosout/rcl_interfaces::msg::dds_::Log_:{{1777481671,428256051},20,"talker","Publishing: 'Hello World: 22'","/opt/ros/humble/src/demos/demo_nodes_cpp/src/topics/talker.cpp","operator()",47}
1777481671.428791 [0]     talker:  => EVERYONE
1777481671.428909 [0]     talker: write_sample 110ce4e:83e26d0:2ed73607:1503 #22: ST0 rt/chatter/std_msgs::msg::dds_::String_:{"Hello World: 22"}
1777481671.428977 [0]     talker:  => EVERYONE
1777481672.428045 [0]        tev: thread_cputime 0.011112000
1777481672.428450 [0]     talker: write_sample 110ce4e:83e26d0:2ed73607:603 #23: ST0 rt/rosout/rcl_interfaces::msg::dds_::Log_:{{1777481672,428255805},20,"talker","Publishing: 'Hello World: 23'","/opt/ros/humble/src/demos/demo_nodes_cpp/src/topics/talker.cpp","operator()",47}
1777481672.430959 [0]     talker:  => EVERYONE
1777481672.431217 [0]     talker: write_sample 110ce4e:83e26d0:2ed73607:1503 #23: ST0 rt/chatter/std_msgs::msg::dds_::String_:{"Hello World: 23"}
1777481672.431282 [0]     talker:  => EVERYONE
1777481673.383592 [0]        tev: write_sample 110ce4e:83e26d0:2ed73607:200c2 #4: ST0 DCPSParticipantMessage/ParticipantMessageData:{110ce4e:83e26d0:2ed73607:1}:1<0>
1777481673.383786 [0]        tev: xpack_addmsg 0xffffa4001390 0xaaaaf5c36300 0(data(110ce4e:83e26d0:2ed73607:200c2:#4/1)): niov 0 sz 0 => now niov 3 sz 84
1777481673.383834 [0]        tev: writer_hbcontrol: wr 110ce4e:83e26d0:2ed73607:200c2 multicasting (rel-prd 1 seq-eq-max 1 seq 4 maxseq 3)
1777481673.383883 [0]        tev: heartbeat(wr 110ce4e:83e26d0:2ed73607:200c2) piggybacked, resched in 0.1 s (min-ack 3, avail-seq 4, xmit 3)
1777481673.383916 [0]        tev: xpack_addmsg 0xffffa4001390 0xaaaaf5c2f010 0(control): niov 3 sz 84 => now niov 4 sz 116
1777481673.384072 [0]        tev: nn_xpack_send 116: 0xffffa400139c:20 0xaaaaf5c363f8:36 0xffffa40027ec:28 0xaaaaf5c2f108:32 [ udp/192.168.50.95:42984@3 ]
1777481673.384118 [0]        tev: traffic-xmit (1) 116
1777481673.384154 [0]        tev: resched pmd(110ce4e:83e26d0:2ed73607:1c1): 8s
1777481673.384380 [0]     recvUC: HDR(110cfe5:7645227d:5dd75df7 vendor 1.16) len 64 from udp/192.168.50.95:47636
1777481673.384489 [0]     recvUC: INFODST(110ce4e:83e26d0:2ed73607)
1777481673.384541 [0]     recvUC: ACKNACK(F#7:5/0: L(:1c1 2793.966221) 110cfe5:7645227d:5dd75df7:200c7 -> 110ce4e:83e26d0:2ed73607:200c2 ACK1 RM0)
1777481673.384579 [0]     recvUC: thread_cputime 0.011145000
1777481673.428146 [0]        tev: thread_cputime 0.011591000
1777481673.428431 [0]     talker: write_sample 110ce4e:83e26d0:2ed73607:603 #24: ST0 rt/rosout/rcl_interfaces::msg::dds_::Log_:{{1777481673,428267093},20,"talker","Publishing: 'Hello World: 24'","/opt/ros/humble/src/demos/demo_nodes_cpp/src/topics/talker.cpp","operator()",47}
1777481673.428579 [0]     talker:  => EVERYONE
1777481673.428654 [0]     talker: write_sample 110ce4e:83e26d0:2ed73607:1503 #24: ST0 rt/chatter/std_msgs::msg::dds_::String_:{"Hello World: 24"}
1777481673.428683 [0]     talker:  => EVERYONE
1777481673.483439 [0]        tev: non-timed queue now has 1 items
1777481673.483547 [0]        tev: xmit spdp 110ce4e:83e26d0:2ed73607:1c1 to 0:0:0:100c7 (resched 8s)
1777481673.483586 [0]        tev: heartbeat(wr 110ce4e:83e26d0:2ed73607:200c2) suppressed, resched in inf s (min-ack 4, avail-seq 4, xmit 4)
1777481673.483634 [0]        tev: xpack_addmsg 0xffffa4001390 0xaaaaf5c36300 0(data(0:0:0:0:#0/1)): niov 0 sz 0 => now niov 3 sz 324
1777481673.483867 [0]       recv: HDR(110ce4e:83e26d0:2ed73607 vendor 1.16) len 324 from udp/192.168.50.95:60698
1777481673.483908 [0]       recv: INFOTS(1777481649.382771377)
1777481673.483959 [0]       recv: DATA(110ce4e:83e26d0:2ed73607:100c2 -> 0:0:0:0 #1)
1777481673.484002 [0]       recv: thread_cputime 0.000000000
1777481673.484102 [0] dq.builtin: data(builtin, vendor 1.16): 0:0:0:0 #1: ST0 /ParticipantBuiltinTopicData:{user_data=10<"enclave=/;">,protocol_version=2:1,vendorid=1:16,participant_lease_duration=10000000000,participant_guid={110ce4e:83e26d0:2ed73607:1c1},builtin_endpoint_set=3135,domain_id=0,default_unicast_locator={udp/192.168.50.95:59056},default_multicast_locator={udp/239.255.0.1:7401},metatraffic_unicast_locator={udp/192.168.50.95:59056},metatraffic_multicast_locator={udp/239.255.0.1:7400},adlink_participant_version_info=0:44:0:0:0:"ubuntu/0.9.1/Linux/Linux",cyclone_receive_buffer_size=425984}
1777481673.484143 [0] dq.builtin: SPDP ST0 110ce4e:83e26d0:2ed73607:1c1 (local)
1777481673.484176 [0] dq.builtin: thread_cputime 0.008344000
1777481673.484260 [0]        tev: nn_xpack_send 324: 0xffffa400139c:20 0xaaaaf5c363f8:36 0xaaaaf5be5864:268 [ udp/239.255.0.1:7400@3 ]
1777481673.484297 [0]        tev: traffic-xmit (1) 324
1777481673.731152 [0]     recvUC: HDR(110cfe5:7645227d:5dd75df7 vendor 1.16) len 116 from udp/192.168.50.95:47636
1777481673.731309 [0]     recvUC: INFOTS(1777481673.730947957)
1777481673.731366 [0]     recvUC: DATA(110cfe5:7645227d:5dd75df7:200c2 -> 0:0:0:0 #95 L(:1c1 2794.313014))
1777481673.731446 [0]     recvUC: HEARTBEAT(#9:95..95 110cfe5:7645227d:5dd75df7:200c2 -> 0:0:0:0: 110ce4e:83e26d0:2ed73607:200c7@95(sync))
1777481673.731527 [0]        tev: acknack 110ce4e:83e26d0:2ed73607:200c7 -> 110cfe5:7645227d:5dd75df7:200c2: F#6:96/0:
1777481673.731558 [0]        tev: send acknack(rd 110ce4e:83e26d0:2ed73607:200c7 -> pwr 110cfe5:7645227d:5dd75df7:200c2)
1777481673.731595 [0]        tev: xpack_addmsg 0xffffa4001390 0xaaaaf5c36300 0(control): niov 0 sz 0 => now niov 2 sz 64
1777481673.731567 [0] dq.builtin: data(builtin, vendor 1.16): 110cfe5:7645227d:5dd75df7:200c2 #95: ST0 DCPSParticipantMessage/ParticipantMessageData:{110cfe5:7645227d:5dd75df7:1}:1<0>
1777481673.731720 [0] dq.builtin:  PMD ST0 pp 110cfe5:7645227d:5dd75df7 kind 1 data 1
1777481673.731781 [0]        tev: nn_xpack_send 64: 0xffffa400139c:20 0xaaaaf5c363e8:44 [ udp/192.168.50.95:42984@3 ]
1777481673.731816 [0]        tev: traffic-xmit (1) 64
1777481673.829553 [0]       recv: HDR(110cfe5:7645227d:5dd75df7 vendor 1.16) len 324 from udp/192.168.50.95:47636
1777481673.829673 [0]       recv: INFOTS(1777480921.718474635)
1777481673.829730 [0]       recv: DATA(110cfe5:7645227d:5dd75df7:100c2 -> 0:0:0:0 #1)
1777481673.829818 [0] dq.builtin: data(builtin, vendor 1.16): 0:0:0:0 #1: ST0 /ParticipantBuiltinTopicData:{user_data=10<"enclave=/;">,protocol_version=2:1,vendorid=1:16,participant_lease_duration=10000000000,participant_guid={110cfe5:7645227d:5dd75df7:1c1},builtin_endpoint_set=3135,domain_id=0,default_unicast_locator={udp/192.168.50.95:42984},default_multicast_locator={udp/239.255.0.1:7401},metatraffic_unicast_locator={udp/192.168.50.95:42984},metatraffic_multicast_locator={udp/239.255.0.1:7400},adlink_participant_version_info=0:44:0:0:0:"ubuntu/0.9.1/Linux/Linux",cyclone_receive_buffer_size=425984}
1777481673.829866 [0] dq.builtin: SPDP ST0 110cfe5:7645227d:5dd75df7:1c1 (known) L(:1c1 2794.411597)
1777481674.428265 [0]        tev: thread_cputime 0.012120000
1777481674.428536 [0]     talker: write_sample 110ce4e:83e26d0:2ed73607:603 #25: ST0 rt/rosout/rcl_interfaces::msg::dds_::Log_:{{1777481674,428405056},20,"talker","Publishing: 'Hello World: 25'","/opt/ros/humble/src/demos/demo_nodes_cpp/src/topics/talker.cpp","operator()",47}
1777481674.428647 [0]     talker:  => EVERYONE
1777481674.428724 [0]     talker: write_sample 110ce4e:83e26d0:2ed73607:1503 #25: ST0 rt/chatter/std_msgs::msg::dds_::String_:{"Hello World: 25"}
1777481674.428754 [0]     talker:  => EVERYONE
1777481675.428537 [0]     talker: write_sample 110ce4e:83e26d0:2ed73607:603 #26: ST0 rt/rosout/rcl_interfaces::msg::dds_::Log_:{{1777481675,428370160},20,"talker","Publishing: 'Hello World: 26'","/opt/ros/humble/src/demos/demo_nodes_cpp/src/topics/talker.cpp","operator()",47}
1777481675.428678 [0]     talker:  => EVERYONE
1777481675.428774 [0]     talker: write_sample 110ce4e:83e26d0:2ed73607:1503 #26: ST0 rt/chatter/std_msgs::msg::dds_::String_:{"Hello World: 26"}
1777481675.428812 [0]     talker:  => EVERYONE
1777481675.830935 [0]         gc: thread_cputime 0.002141000
1777481676.428197 [0]        tev: thread_cputime 0.012301000
1777481676.428578 [0]     talker: write_sample 110ce4e:83e26d0:2ed73607:603 #27: ST0 rt/rosout/rcl_interfaces::msg::dds_::Log_:{{1777481676,428411631},20,"talker","Publishing: 'Hello World: 27'","/opt/ros/humble/src/demos/demo_nodes_cpp/src/topics/talker.cpp","operator()",47}
1777481676.428682 [0]     talker:  => EVERYONE
1777481676.428764 [0]     talker: write_sample 110ce4e:83e26d0:2ed73607:1503 #27: ST0 rt/chatter/std_msgs::msg::dds_::String_:{"Hello World: 27"}
1777481676.428808 [0]     talker:  => EVERYONE
1777481677.428447 [0]        tev: thread_cputime 0.012440000
1777481677.428699 [0]     talker: write_sample 110ce4e:83e26d0:2ed73607:603 #28: ST0 rt/rosout/rcl_interfaces::msg::dds_::Log_:{{1777481677,428502367},20,"talker","Publishing: 'Hello World: 28'","/opt/ros/humble/src/demos/demo_nodes_cpp/src/topics/talker.cpp","operator()",47}
1777481677.437049 [0]     talker:  => EVERYONE
1777481677.437235 [0]     talker: write_sample 110ce4e:83e26d0:2ed73607:1503 #28: ST0 rt/chatter/std_msgs::msg::dds_::String_:{"Hello World: 28"}
1777481677.437356 [0]     talker:  => EVERYONE
1777481678.428813 [0]     talker: write_sample 110ce4e:83e26d0:2ed73607:603 #29: ST0 rt/rosout/rcl_interfaces::msg::dds_::Log_:{{1777481678,428576378},20,"talker","Publishing: 'Hello World: 29'","/opt/ros/humble/src/demos/demo_nodes_cpp/src/topics/talker.cpp","operator()",47}
1777481678.428814 [0]        tev: thread_cputime 0.012674000
1777481678.429125 [0]     talker:  => EVERYONE
1777481678.429237 [0]     talker: write_sample 110ce4e:83e26d0:2ed73607:1503 #29: ST0 rt/chatter/std_msgs::msg::dds_::String_:{"Hello World: 29"}
1777481678.429277 [0]     talker:  => EVERYONE
1777481679.428815 [0]     talker: write_sample 110ce4e:83e26d0:2ed73607:603 #30: ST0 rt/rosout/rcl_interfaces::msg::dds_::Log_:{{1777481679,428594880},20,"talker","Publishing: 'Hello World: 30'","/opt/ros/humble/src/demos/demo_nodes_cpp/src/topics/talker.cpp","operator()",47}
1777481679.428938 [0]     talker:  => EVERYONE
1777481679.429016 [0]     talker: write_sample 110ce4e:83e26d0:2ed73607:1503 #30: ST0 rt/chatter/std_msgs::msg::dds_::String_:{"Hello World: 30"}
1777481679.429058 [0]     talker:  => EVERYONE
1777481680.428877 [0]     talker: write_sample 110ce4e:83e26d0:2ed73607:603 #31: ST0 rt/rosout/rcl_interfaces::msg::dds_::Log_:{{1777481680,428662037},20,"talker","Publishing: 'Hello World: 31'","/opt/ros/humble/src/demos/demo_nodes_cpp/src/topics/talker.cpp","operator()",47}
1777481680.428923 [0]        tev: thread_cputime 0.012829000
1777481680.429199 [0]     talker:  => EVERYONE
1777481680.429299 [0]     talker: write_sample 110ce4e:83e26d0:2ed73607:1503 #31: ST0 rt/chatter/std_msgs::msg::dds_::String_:{"Hello World: 31"}
1777481680.429336 [0]     talker:  => EVERYONE
1777481681.383722 [0]        tev: write_sample 110ce4e:83e26d0:2ed73607:200c2 #5: ST0 DCPSParticipantMessage/ParticipantMessageData:{110ce4e:83e26d0:2ed73607:1}:1<0>
1777481681.383995 [0]        tev: xpack_addmsg 0xffffa4001390 0xaaaaf5c36300 0(data(110ce4e:83e26d0:2ed73607:200c2:#5/1)): niov 0 sz 0 => now niov 3 sz 84
1777481681.384066 [0]        tev: writer_hbcontrol: wr 110ce4e:83e26d0:2ed73607:200c2 multicasting (rel-prd 1 seq-eq-max 1 seq 5 maxseq 4)
1777481681.384131 [0]        tev: heartbeat(wr 110ce4e:83e26d0:2ed73607:200c2) piggybacked, resched in 0.1 s (min-ack 4, avail-seq 5, xmit 4)
1777481681.384185 [0]        tev: xpack_addmsg 0xffffa4001390 0xaaaaf5c2f010 0(control): niov 3 sz 84 => now niov 4 sz 116
1777481681.384561 [0]        tev: nn_xpack_send 116: 0xffffa400139c:20 0xaaaaf5c363f8:36 0xffffa40014dc:28 0xaaaaf5c2f108:32 [ udp/192.168.50.95:42984@3 ]
1777481681.384669 [0]        tev: traffic-xmit (1) 116
1777481681.384737 [0]        tev: resched pmd(110ce4e:83e26d0:2ed73607:1c1): 8s
1777481681.384803 [0]     recvUC: HDR(110cfe5:7645227d:5dd75df7 vendor 1.16) len 64 from udp/192.168.50.95:47636
1777481681.384907 [0]     recvUC: INFODST(110ce4e:83e26d0:2ed73607)
1777481681.385066 [0]     recvUC: ACKNACK(F#8:6/0: L(:1c1 2801.966629) 110cfe5:7645227d:5dd75df7:200c7 -> 110ce4e:83e26d0:2ed73607:200c2 ACK1 RM0)
1777481681.385176 [0]     recvUC: thread_cputime 0.011850000
1777481681.429049 [0]     talker: write_sample 110ce4e:83e26d0:2ed73607:603 #32: ST0 rt/rosout/rcl_interfaces::msg::dds_::Log_:{{1777481681,428736344},20,"talker","Publishing: 'Hello World: 32'","/opt/ros/humble/src/demos/demo_nodes_cpp/src/topics/talker.cpp","operator()",47}
1777481681.429194 [0]     talker:  => EVERYONE
1777481681.429368 [0]     talker: write_sample 110ce4e:83e26d0:2ed73607:1503 #32: ST0 rt/chatter/std_msgs::msg::dds_::String_:{"Hello World: 32"}
1777481681.429422 [0]     talker:  => EVERYONE
1777481681.483551 [0]        tev: thread_cputime 0.013492000
1777481681.483726 [0]        tev: non-timed queue now has 1 items
1777481681.483795 [0]        tev: xmit spdp 110ce4e:83e26d0:2ed73607:1c1 to 0:0:0:100c7 (resched 8s)
1777481681.483857 [0]        tev: heartbeat(wr 110ce4e:83e26d0:2ed73607:200c2) suppressed, resched in inf s (min-ack 5, avail-seq 5, xmit 5)
1777481681.483922 [0]        tev: xpack_addmsg 0xffffa4001390 0xaaaaf5c36300 0(data(0:0:0:0:#0/1)): niov 0 sz 0 => now niov 3 sz 324
1777481681.484233 [0]       recv: HDR(110ce4e:83e26d0:2ed73607 vendor 1.16) len 324 from udp/192.168.50.95:60698
1777481681.484313 [0]       recv: INFOTS(1777481649.382771377)
1777481681.484387 [0]       recv: DATA(110ce4e:83e26d0:2ed73607:100c2 -> 0:0:0:0 #1)
1777481681.484447 [0]       recv: thread_cputime 0.000000000
1777481681.484561 [0]        tev: nn_xpack_send 324: 0xffffa400139c:20 0xaaaaf5c363f8:36 0xaaaaf5be5864:268 [ udp/239.255.0.1:7400@3 ]
1777481681.484607 [0] dq.builtin: data(builtin, vendor 1.16): 0:0:0:0 #1: ST0 /ParticipantBuiltinTopicData:{user_data=10<"enclave=/;">,protocol_version=2:1,vendorid=1:16,participant_lease_duration=10000000000,participant_guid={110ce4e:83e26d0:2ed73607:1c1},builtin_endpoint_set=3135,domain_id=0,default_unicast_locator={udp/192.168.50.95:59056},default_multicast_locator={udp/239.255.0.1:7401},metatraffic_unicast_locator={udp/192.168.50.95:59056},metatraffic_multicast_locator={udp/239.255.0.1:7400},adlink_participant_version_info=0:44:0:0:0:"ubuntu/0.9.1/Linux/Linux",cyclone_receive_buffer_size=425984}
1777481681.484613 [0]        tev: traffic-xmit (1) 324
1777481681.484734 [0] dq.builtin: SPDP ST0 110ce4e:83e26d0:2ed73607:1c1 (local)
1777481681.484939 [0] dq.builtin: thread_cputime 0.009304000
1777481681.731331 [0]     recvUC: HDR(110cfe5:7645227d:5dd75df7 vendor 1.16) len 116 from udp/192.168.50.95:47636
1777481681.731500 [0]     recvUC: INFOTS(1777481681.731077945)
1777481681.731594 [0]     recvUC: DATA(110cfe5:7645227d:5dd75df7:200c2 -> 0:0:0:0 #96 L(:1c1 2802.313221))
1777481681.731695 [0]     recvUC: HEARTBEAT(#10:96..96 110cfe5:7645227d:5dd75df7:200c2 -> 0:0:0:0: 110ce4e:83e26d0:2ed73607:200c7@96(sync))
1777481681.731786 [0]        tev: acknack 110ce4e:83e26d0:2ed73607:200c7 -> 110cfe5:7645227d:5dd75df7:200c2: F#7:97/0:
1777481681.731853 [0] dq.builtin: data(builtin, vendor 1.16): 110cfe5:7645227d:5dd75df7:200c2 #96: ST0 DCPSParticipantMessage/ParticipantMessageData:{110cfe5:7645227d:5dd75df7:1}:1<0>
1777481681.731953 [0]        tev: send acknack(rd 110ce4e:83e26d0:2ed73607:200c7 -> pwr 110cfe5:7645227d:5dd75df7:200c2)
1777481681.732101 [0] dq.builtin:  PMD ST0 pp 110cfe5:7645227d:5dd75df7 kind 1 data 1
1777481681.732204 [0]        tev: xpack_addmsg 0xffffa4001390 0xaaaaf5c36300 0(control): niov 0 sz 0 => now niov 2 sz 64
1777481681.732408 [0]        tev: nn_xpack_send 64: 0xffffa400139c:20 0xaaaaf5c363e8:44 [ udp/192.168.50.95:42984@3 ]
1777481681.732468 [0]        tev: traffic-xmit (1) 64
1777481681.829587 [0]       recv: HDR(110cfe5:7645227d:5dd75df7 vendor 1.16) len 324 from udp/192.168.50.95:47636
1777481681.829650 [0]       recv: INFOTS(1777480921.718474635)
1777481681.829701 [0]       recv: DATA(110cfe5:7645227d:5dd75df7:100c2 -> 0:0:0:0 #1)
1777481681.829822 [0] dq.builtin: data(builtin, vendor 1.16): 0:0:0:0 #1: ST0 /ParticipantBuiltinTopicData:{user_data=10<"enclave=/;">,protocol_version=2:1,vendorid=1:16,participant_lease_duration=10000000000,participant_guid={110cfe5:7645227d:5dd75df7:1c1},builtin_endpoint_set=3135,domain_id=0,default_unicast_locator={udp/192.168.50.95:42984},default_multicast_locator={udp/239.255.0.1:7401},metatraffic_unicast_locator={udp/192.168.50.95:42984},metatraffic_multicast_locator={udp/239.255.0.1:7400},adlink_participant_version_info=0:44:0:0:0:"ubuntu/0.9.1/Linux/Linux",cyclone_receive_buffer_size=425984}
1777481681.829885 [0] dq.builtin: SPDP ST0 110cfe5:7645227d:5dd75df7:1c1 (known) L(:1c1 2802.411616)
1777481682.428895 [0]     talker: write_sample 110ce4e:83e26d0:2ed73607:603 #33: ST0 rt/rosout/rcl_interfaces::msg::dds_::Log_:{{1777481682,428719779},20,"talker","Publishing: 'Hello World: 33'","/opt/ros/humble/src/demos/demo_nodes_cpp/src/topics/talker.cpp","operator()",47}
1777481682.429014 [0]     talker:  => EVERYONE
1777481682.429124 [0]     talker: write_sample 110ce4e:83e26d0:2ed73607:1503 #33: ST0 rt/chatter/std_msgs::msg::dds_::String_:{"Hello World: 33"}
1777481682.429156 [0]     talker:  => EVERYONE
1777481683.428551 [0]        tev: thread_cputime 0.014366000
1777481683.428928 [0]     talker: write_sample 110ce4e:83e26d0:2ed73607:603 #34: ST0 rt/rosout/rcl_interfaces::msg::dds_::Log_:{{1777481683,428778976},20,"talker","Publishing: 'Hello World: 34'","/opt/ros/humble/src/demos/demo_nodes_cpp/src/topics/talker.cpp","operator()",47}
1777481683.429002 [0]     talker:  => EVERYONE
1777481683.429077 [0]     talker: write_sample 110ce4e:83e26d0:2ed73607:1503 #34: ST0 rt/chatter/std_msgs::msg::dds_::String_:{"Hello World: 34"}
1777481683.429107 [0]     talker:  => EVERYONE
1777481683.830323 [0]         gc: thread_cputime 0.002473000
1777481684.428724 [0]        tev: thread_cputime 0.014476000
1777481684.429184 [0]     talker: write_sample 110ce4e:83e26d0:2ed73607:603 #35: ST0 rt/rosout/rcl_interfaces::msg::dds_::Log_:{{1777481684,428895948},20,"talker","Publishing: 'Hello World: 35'","/opt/ros/humble/src/demos/demo_nodes_cpp/src/topics/talker.cpp","operator()",47}
1777481684.429335 [0]     talker:  => EVERYONE
1777481684.429510 [0]     talker: write_sample 110ce4e:83e26d0:2ed73607:1503 #35: ST0 rt/chatter/std_msgs::msg::dds_::String_:{"Hello World: 35"}
1777481684.429566 [0]     talker:  => EVERYONE
1777481685.428692 [0]        tev: thread_cputime 0.014663000
1777481685.429027 [0]     talker: write_sample 110ce4e:83e26d0:2ed73607:603 #36: ST0 rt/rosout/rcl_interfaces::msg::dds_::Log_:{{1777481685,428893279},20,"talker","Publishing: 'Hello World: 36'","/opt/ros/humble/src/demos/demo_nodes_cpp/src/topics/talker.cpp","operator()",47}
1777481685.429097 [0]     talker:  => EVERYONE
1777481685.429202 [0]     talker: write_sample 110ce4e:83e26d0:2ed73607:1503 #36: ST0 rt/chatter/std_msgs::msg::dds_::String_:{"Hello World: 36"}
1777481685.429233 [0]     talker:  => EVERYONE
1777481686.428718 [0]        tev: thread_cputime 0.014800000
1777481686.429100 [0]     talker: write_sample 110ce4e:83e26d0:2ed73607:603 #37: ST0 rt/rosout/rcl_interfaces::msg::dds_::Log_:{{1777481686,428962372},20,"talker","Publishing: 'Hello World: 37'","/opt/ros/humble/src/demos/demo_nodes_cpp/src/topics/talker.cpp","operator()",47}
1777481686.429181 [0]     talker:  => EVERYONE
1777481686.429251 [0]     talker: write_sample 110ce4e:83e26d0:2ed73607:1503 #37: ST0 rt/chatter/std_msgs::msg::dds_::String_:{"Hello World: 37"}
1777481686.429280 [0]     talker:  => EVERYONE
1777481687.428823 [0]        tev: thread_cputime 0.014968000
1777481687.429178 [0]     talker: write_sample 110ce4e:83e26d0:2ed73607:603 #38: ST0 rt/rosout/rcl_interfaces::msg::dds_::Log_:{{1777481687,429015861},20,"talker","Publishing: 'Hello World: 38'","/opt/ros/humble/src/demos/demo_nodes_cpp/src/topics/talker.cpp","operator()",47}
1777481687.429295 [0]     talker:  => EVERYONE
1777481687.429417 [0]     talker: write_sample 110ce4e:83e26d0:2ed73607:1503 #38: ST0 rt/chatter/std_msgs::msg::dds_::String_:{"Hello World: 38"}
1777481687.429447 [0]     talker:  => EVERYONE
1777481688.428962 [0]        tev: thread_cputime 0.015105000
1777481688.429302 [0]     talker: write_sample 110ce4e:83e26d0:2ed73607:603 #39: ST0 rt/rosout/rcl_interfaces::msg::dds_::Log_:{{1777481688,429104821},20,"talker","Publishing: 'Hello World: 39'","/opt/ros/humble/src/demos/demo_nodes_cpp/src/topics/talker.cpp","operator()",47}
1777481688.437399 [0]     talker:  => EVERYONE
1777481688.437684 [0]     talker: write_sample 110ce4e:83e26d0:2ed73607:1503 #39: ST0 rt/chatter/std_msgs::msg::dds_::String_:{"Hello World: 39"}
1777481688.437791 [0]     talker:  => EVERYONE
1777481689.383841 [0]        tev: write_sample 110ce4e:83e26d0:2ed73607:200c2 #6: ST0 DCPSParticipantMessage/ParticipantMessageData:{110ce4e:83e26d0:2ed73607:1}:1<0>
1777481689.384023 [0]        tev: xpack_addmsg 0xffffa4001390 0xaaaaf5c36300 0(data(110ce4e:83e26d0:2ed73607:200c2:#6/1)): niov 0 sz 0 => now niov 3 sz 84
1777481689.384090 [0]        tev: writer_hbcontrol: wr 110ce4e:83e26d0:2ed73607:200c2 multicasting (rel-prd 1 seq-eq-max 1 seq 6 maxseq 5)
1777481689.384155 [0]        tev: heartbeat(wr 110ce4e:83e26d0:2ed73607:200c2) piggybacked, resched in 0.1 s (min-ack 5, avail-seq 6, xmit 5)
1777481689.384246 [0]        tev: xpack_addmsg 0xffffa4001390 0xaaaaf5c2f010 0(control): niov 3 sz 84 => now niov 4 sz 116
1777481689.384749 [0]        tev: nn_xpack_send 116: 0xffffa400139c:20 0xaaaaf5c363f8:36 0xffffa40027ec:28 0xaaaaf5c2f108:32 [ udp/192.168.50.95:42984@3 ]
1777481689.384822 [0]        tev: traffic-xmit (1) 116
1777481689.384896 [0]        tev: resched pmd(110ce4e:83e26d0:2ed73607:1c1): 8s
1777481689.385052 [0]     recvUC: HDR(110cfe5:7645227d:5dd75df7 vendor 1.16) len 64 from udp/192.168.50.95:47636
1777481689.385237 [0]     recvUC: INFODST(110ce4e:83e26d0:2ed73607)
1777481689.385349 [0]     recvUC: ACKNACK(F#9:7/0: L(:1c1 2809.966957) 110cfe5:7645227d:5dd75df7:200c7 -> 110ce4e:83e26d0:2ed73607:200c2 ACK1 RM0)
1777481689.385424 [0]     recvUC: thread_cputime 0.012952000
1777481689.429341 [0]     talker: write_sample 110ce4e:83e26d0:2ed73607:603 #40: ST0 rt/rosout/rcl_interfaces::msg::dds_::Log_:{{1777481689,429154752},20,"talker","Publishing: 'Hello World: 40'","/opt/ros/humble/src/demos/demo_nodes_cpp/src/topics/talker.cpp","operator()",47}
1777481689.429466 [0]     talker:  => EVERYONE
1777481689.429569 [0]     talker: write_sample 110ce4e:83e26d0:2ed73607:1503 #40: ST0 rt/chatter/std_msgs::msg::dds_::String_:{"Hello World: 40"}
1777481689.429600 [0]     talker:  => EVERYONE
1777481689.483653 [0]        tev: thread_cputime 0.015831000
1777481689.483874 [0]        tev: non-timed queue now has 1 items
1777481689.483949 [0]        tev: xmit spdp 110ce4e:83e26d0:2ed73607:1c1 to 0:0:0:100c7 (resched 8s)
1777481689.484011 [0]        tev: heartbeat(wr 110ce4e:83e26d0:2ed73607:200c2) suppressed, resched in inf s (min-ack 6, avail-seq 6, xmit 6)
1777481689.484071 [0]        tev: xpack_addmsg 0xffffa4001390 0xaaaaf5c36300 0(data(0:0:0:0:#0/1)): niov 0 sz 0 => now niov 3 sz 324
1777481689.484425 [0]        tev: nn_xpack_send 324: 0xffffa400139c:20 0xaaaaf5c363f8:36 0xaaaaf5be5864:268 [ udp/239.255.0.1:7400@3 ]
1777481689.484488 [0]        tev: traffic-xmit (1) 324
1777481689.484520 [0]       recv: HDR(110ce4e:83e26d0:2ed73607 vendor 1.16) len 324 from udp/192.168.50.95:60698
1777481689.484631 [0]       recv: INFOTS(1777481649.382771377)
1777481689.484728 [0]       recv: DATA(110ce4e:83e26d0:2ed73607:100c2 -> 0:0:0:0 #1)
1777481689.484802 [0]       recv: thread_cputime 0.000000000
1777481689.484911 [0] dq.builtin: data(builtin, vendor 1.16): 0:0:0:0 #1: ST0 /ParticipantBuiltinTopicData:{user_data=10<"enclave=/;">,protocol_version=2:1,vendorid=1:16,participant_lease_duration=10000000000,participant_guid={110ce4e:83e26d0:2ed73607:1c1},builtin_endpoint_set=3135,domain_id=0,default_unicast_locator={udp/192.168.50.95:59056},default_multicast_locator={udp/239.255.0.1:7401},metatraffic_unicast_locator={udp/192.168.50.95:59056},metatraffic_multicast_locator={udp/239.255.0.1:7400},adlink_participant_version_info=0:44:0:0:0:"ubuntu/0.9.1/Linux/Linux",cyclone_receive_buffer_size=425984}
1777481689.485018 [0] dq.builtin: SPDP ST0 110ce4e:83e26d0:2ed73607:1c1 (local)
1777481689.485086 [0] dq.builtin: thread_cputime 0.010046000
1777481689.731453 [0]     recvUC: HDR(110cfe5:7645227d:5dd75df7 vendor 1.16) len 116 from udp/192.168.50.95:47636
1777481689.731595 [0]     recvUC: INFOTS(1777481689.731198821)
1777481689.731711 [0]     recvUC: DATA(110cfe5:7645227d:5dd75df7:200c2 -> 0:0:0:0 #97 L(:1c1 2810.313318))
1777481689.731842 [0]     recvUC: HEARTBEAT(#11:97..97 110cfe5:7645227d:5dd75df7:200c2 -> 0:0:0:0: 110ce4e:83e26d0:2ed73607:200c7@97(sync))
1777481689.731939 [0]        tev: acknack 110ce4e:83e26d0:2ed73607:200c7 -> 110cfe5:7645227d:5dd75df7:200c2: F#8:98/0:
1777481689.732003 [0]        tev: send acknack(rd 110ce4e:83e26d0:2ed73607:200c7 -> pwr 110cfe5:7645227d:5dd75df7:200c2)
1777481689.732009 [0] dq.builtin: data(builtin, vendor 1.16): 110cfe5:7645227d:5dd75df7:200c2 #97: ST0 DCPSParticipantMessage/ParticipantMessageData:{110cfe5:7645227d:5dd75df7:1}:1<0>
1777481689.732099 [0]        tev: xpack_addmsg 0xffffa4001390 0xaaaaf5c36300 0(control): niov 0 sz 0 => now niov 2 sz 64
1777481689.732202 [0] dq.builtin:  PMD ST0 pp 110cfe5:7645227d:5dd75df7 kind 1 data 1
1777481689.732296 [0]        tev: nn_xpack_send 64: 0xffffa400139c:20 0xaaaaf5c363e8:44 [ udp/192.168.50.95:42984@3 ]
1777481689.732352 [0]        tev: traffic-xmit (1) 64
1777481689.829837 [0]       recv: HDR(110cfe5:7645227d:5dd75df7 vendor 1.16) len 324 from udp/192.168.50.95:47636
1777481689.830031 [0]       recv: INFOTS(1777480921.718474635)
1777481689.830091 [0]       recv: DATA(110cfe5:7645227d:5dd75df7:100c2 -> 0:0:0:0 #1)
1777481689.830256 [0] dq.builtin: data(builtin, vendor 1.16): 0:0:0:0 #1: ST0 /ParticipantBuiltinTopicData:{user_data=10<"enclave=/;">,protocol_version=2:1,vendorid=1:16,participant_lease_duration=10000000000,participant_guid={110cfe5:7645227d:5dd75df7:1c1},builtin_endpoint_set=3135,domain_id=0,default_unicast_locator={udp/192.168.50.95:42984},default_multicast_locator={udp/239.255.0.1:7401},metatraffic_unicast_locator={udp/192.168.50.95:42984},metatraffic_multicast_locator={udp/239.255.0.1:7400},adlink_participant_version_info=0:44:0:0:0:"ubuntu/0.9.1/Linux/Linux",cyclone_receive_buffer_size=425984}
1777481689.830388 [0] dq.builtin: SPDP ST0 110cfe5:7645227d:5dd75df7:1c1 (known) L(:1c1 2810.412115)
1777481690.429430 [0]     talker: write_sample 110ce4e:83e26d0:2ed73607:603 #41: ST0 rt/rosout/rcl_interfaces::msg::dds_::Log_:{{1777481690,429211257},20,"talker","Publishing: 'Hello World: 41'","/opt/ros/humble/src/demos/demo_nodes_cpp/src/topics/talker.cpp","operator()",47}
1777481690.429600 [0]     talker:  => EVERYONE
1777481690.429680 [0]     talker: write_sample 110ce4e:83e26d0:2ed73607:1503 #41: ST0 rt/chatter/std_msgs::msg::dds_::String_:{"Hello World: 41"}
1777481690.429711 [0]     talker:  => EVERYONE
1777481691.429138 [0]        tev: thread_cputime 0.016608000
1777481691.429449 [0]     talker: write_sample 110ce4e:83e26d0:2ed73607:603 #42: ST0 rt/rosout/rcl_interfaces::msg::dds_::Log_:{{1777481691,429257311},20,"talker","Publishing: 'Hello World: 42'","/opt/ros/humble/src/demos/demo_nodes_cpp/src/topics/talker.cpp","operator()",47}
1777481691.429577 [0]     talker:  => EVERYONE
1777481691.429671 [0]     talker: write_sample 110ce4e:83e26d0:2ed73607:1503 #42: ST0 rt/chatter/std_msgs::msg::dds_::String_:{"Hello World: 42"}
1777481691.429702 [0]     talker:  => EVERYONE
1777481691.830254 [0]         gc: thread_cputime 0.002473000
1777481692.429535 [0]     talker: write_sample 110ce4e:83e26d0:2ed73607:603 #43: ST0 rt/rosout/rcl_interfaces::msg::dds_::Log_:{{1777481692,429291090},20,"talker","Publishing: 'Hello World: 43'","/opt/ros/humble/src/demos/demo_nodes_cpp/src/topics/talker.cpp","operator()",47}
1777481692.429706 [0]     talker:  => EVERYONE
1777481692.429837 [0]     talker: write_sample 110ce4e:83e26d0:2ed73607:1503 #43: ST0 rt/chatter/std_msgs::msg::dds_::String_:{"Hello World: 43"}
1777481692.429870 [0]     talker:  => EVERYONE
1777481693.429084 [0]        tev: thread_cputime 0.016827000
1777481693.429578 [0]     talker: write_sample 110ce4e:83e26d0:2ed73607:603 #44: ST0 rt/rosout/rcl_interfaces::msg::dds_::Log_:{{1777481693,429357620},20,"talker","Publishing: 'Hello World: 44'","/opt/ros/humble/src/demos/demo_nodes_cpp/src/topics/talker.cpp","operator()",47}
1777481693.429714 [0]     talker:  => EVERYONE
1777481693.429828 [0]     talker: write_sample 110ce4e:83e26d0:2ed73607:1503 #44: ST0 rt/chatter/std_msgs::msg::dds_::String_:{"Hello World: 44"}
1777481693.429864 [0]     talker:  => EVERYONE
1777481694.429333 [0]        tev: thread_cputime 0.017027000
1777481694.429780 [0]     talker: write_sample 110ce4e:83e26d0:2ed73607:603 #45: ST0 rt/rosout/rcl_interfaces::msg::dds_::Log_:{{1777481694,429457734},20,"talker","Publishing: 'Hello World: 45'","/opt/ros/humble/src/demos/demo_nodes_cpp/src/topics/talker.cpp","operator()",47}
1777481694.430007 [0]     talker:  => EVERYONE
1777481694.430169 [0]     talker: write_sample 110ce4e:83e26d0:2ed73607:1503 #45: ST0 rt/chatter/std_msgs::msg::dds_::String_:{"Hello World: 45"}
1777481694.430240 [0]     talker:  => EVERYONE
1777481695.429708 [0]     talker: write_sample 110ce4e:83e26d0:2ed73607:603 #46: ST0 rt/rosout/rcl_interfaces::msg::dds_::Log_:{{1777481695,429459808},20,"talker","Publishing: 'Hello World: 46'","/opt/ros/humble/src/demos/demo_nodes_cpp/src/topics/talker.cpp","operator()",47}
1777481695.429844 [0]     talker:  => EVERYONE
1777481695.429919 [0]     talker: write_sample 110ce4e:83e26d0:2ed73607:1503 #46: ST0 rt/chatter/std_msgs::msg::dds_::String_:{"Hello World: 46"}
1777481695.429948 [0]     talker:  => EVERYONE
1777481696.429263 [0]        tev: thread_cputime 0.017278000
1777481696.429726 [0]     talker: write_sample 110ce4e:83e26d0:2ed73607:603 #47: ST0 rt/rosout/rcl_interfaces::msg::dds_::Log_:{{1777481696,429508010},20,"talker","Publishing: 'Hello World: 47'","/opt/ros/humble/src/demos/demo_nodes_cpp/src/topics/talker.cpp","operator()",47}
1777481696.429869 [0]     talker:  => EVERYONE
1777481696.430035 [0]     talker: write_sample 110ce4e:83e26d0:2ed73607:1503 #47: ST0 rt/chatter/std_msgs::msg::dds_::String_:{"Hello World: 47"}
1777481696.430099 [0]     talker:  => EVERYONE
1777481697.383965 [0]        tev: write_sample 110ce4e:83e26d0:2ed73607:200c2 #7: ST0 DCPSParticipantMessage/ParticipantMessageData:{110ce4e:83e26d0:2ed73607:1}:1<0>
1777481697.384189 [0]        tev: xpack_addmsg 0xffffa4001390 0xaaaaf5c36300 0(data(110ce4e:83e26d0:2ed73607:200c2:#7/1)): niov 0 sz 0 => now niov 3 sz 84
1777481697.384265 [0]        tev: writer_hbcontrol: wr 110ce4e:83e26d0:2ed73607:200c2 multicasting (rel-prd 1 seq-eq-max 1 seq 7 maxseq 6)
1777481697.384333 [0]        tev: heartbeat(wr 110ce4e:83e26d0:2ed73607:200c2) piggybacked, resched in 0.1 s (min-ack 6, avail-seq 7, xmit 6)
1777481697.384424 [0]        tev: xpack_addmsg 0xffffa4001390 0xaaaaf5c2f010 0(control): niov 3 sz 84 => now niov 4 sz 116
1777481697.384949 [0]        tev: nn_xpack_send 116: 0xffffa400139c:20 0xaaaaf5c363f8:36 0xffffa40014dc:28 0xaaaaf5c2f108:32 [ udp/192.168.50.95:42984@3 ]
1777481697.385168 [0]        tev: traffic-xmit (1) 116
1777481697.384967 [0]     recvUC: HDR(110cfe5:7645227d:5dd75df7 vendor 1.16) len 64 from udp/192.168.50.95:47636
1777481697.385300 [0]        tev: resched pmd(110ce4e:83e26d0:2ed73607:1c1): 8s
1777481697.385379 [0]     recvUC: INFODST(110ce4e:83e26d0:2ed73607)
1777481697.385486 [0]     recvUC: ACKNACK(F#10:8/0: L(:1c1 2817.967100) 110cfe5:7645227d:5dd75df7:200c7 -> 110ce4e:83e26d0:2ed73607:200c2 ACK1 RM0)
1777481697.385564 [0]     recvUC: thread_cputime 0.014268000
1777481697.429253 [0]        tev: thread_cputime 0.018098000
1777481697.429764 [0]     talker: write_sample 110ce4e:83e26d0:2ed73607:603 #48: ST0 rt/rosout/rcl_interfaces::msg::dds_::Log_:{{1777481697,429544161},20,"talker","Publishing: 'Hello World: 48'","/opt/ros/humble/src/demos/demo_nodes_cpp/src/topics/talker.cpp","operator()",47}
1777481697.429891 [0]     talker:  => EVERYONE
1777481697.430090 [0]     talker: write_sample 110ce4e:83e26d0:2ed73607:1503 #48: ST0 rt/chatter/std_msgs::msg::dds_::String_:{"Hello World: 48"}
1777481697.430166 [0]     talker:  => EVERYONE
1777481697.483898 [0]        tev: non-timed queue now has 1 items
1777481697.484116 [0]        tev: xmit spdp 110ce4e:83e26d0:2ed73607:1c1 to 0:0:0:100c7 (resched 8s)
1777481697.484193 [0]        tev: heartbeat(wr 110ce4e:83e26d0:2ed73607:200c2) suppressed, resched in inf s (min-ack 7, avail-seq 7, xmit 7)
1777481697.484298 [0]        tev: xpack_addmsg 0xffffa4001390 0xaaaaf5c36300 0(data(0:0:0:0:#0/1)): niov 0 sz 0 => now niov 3 sz 324
1777481697.484641 [0]       recv: HDR(110ce4e:83e26d0:2ed73607 vendor 1.16) len 324 from udp/192.168.50.95:60698
1777481697.484778 [0]       recv: INFOTS(1777481649.382771377)
1777481697.484868 [0]       recv: DATA(110ce4e:83e26d0:2ed73607:100c2 -> 0:0:0:0 #1)
1777481697.484939 [0]       recv: thread_cputime 0.000000000
1777481697.485081 [0] dq.builtin: data(builtin, vendor 1.16): 0:0:0:0 #1: ST0 /ParticipantBuiltinTopicData:{user_data=10<"enclave=/;">,protocol_version=2:1,vendorid=1:16,participant_lease_duration=10000000000,participant_guid={110ce4e:83e26d0:2ed73607:1c1},builtin_endpoint_set=3135,domain_id=0,default_unicast_locator={udp/192.168.50.95:59056},default_multicast_locator={udp/239.255.0.1:7401},metatraffic_unicast_locator={udp/192.168.50.95:59056},metatraffic_multicast_locator={udp/239.255.0.1:7400},adlink_participant_version_info=0:44:0:0:0:"ubuntu/0.9.1/Linux/Linux",cyclone_receive_buffer_size=425984}
1777481697.485082 [0]        tev: nn_xpack_send 324: 0xffffa400139c:20 0xaaaaf5c363f8:36 0xaaaaf5be5864:268 [ udp/239.255.0.1:7400@3 ]
1777481697.485229 [0] dq.builtin: SPDP ST0 110ce4e:83e26d0:2ed73607:1c1 (local)
1777481697.485315 [0] dq.builtin: thread_cputime 0.010046000
1777481697.485355 [0]        tev: traffic-xmit (1) 324
1777481697.731564 [0]     recvUC: HDR(110cfe5:7645227d:5dd75df7 vendor 1.16) len 116 from udp/192.168.50.95:47636
1777481697.731724 [0]     recvUC: INFOTS(1777481697.731312651)
1777481697.731818 [0]     recvUC: DATA(110cfe5:7645227d:5dd75df7:200c2 -> 0:0:0:0 #98 L(:1c1 2818.313447))
1777481697.731920 [0]     recvUC: HEARTBEAT(#12:98..98 110cfe5:7645227d:5dd75df7:200c2 -> 0:0:0:0: 110ce4e:83e26d0:2ed73607:200c7@98(sync))
1777481697.732026 [0]        tev: acknack 110ce4e:83e26d0:2ed73607:200c7 -> 110cfe5:7645227d:5dd75df7:200c2: F#9:99/0:
1777481697.732080 [0] dq.builtin: data(builtin, vendor 1.16): 110cfe5:7645227d:5dd75df7:200c2 #98: ST0 DCPSParticipantMessage/ParticipantMessageData:{110cfe5:7645227d:5dd75df7:1}:1<0>
1777481697.732154 [0] dq.builtin:  PMD ST0 pp 110cfe5:7645227d:5dd75df7 kind 1 data 1
1777481697.732097 [0]        tev: send acknack(rd 110ce4e:83e26d0:2ed73607:200c7 -> pwr 110cfe5:7645227d:5dd75df7:200c2)
1777481697.732291 [0]        tev: xpack_addmsg 0xffffa4001390 0xaaaaf5c36300 0(control): niov 0 sz 0 => now niov 2 sz 64
1777481697.732457 [0]        tev: nn_xpack_send 64: 0xffffa400139c:20 0xaaaaf5c363e8:44 [ udp/192.168.50.95:42984@3 ]
1777481697.732517 [0]        tev: traffic-xmit (1) 64
1777481697.829884 [0]       recv: HDR(110cfe5:7645227d:5dd75df7 vendor 1.16) len 324 from udp/192.168.50.95:47636
1777481697.829963 [0]       recv: INFOTS(1777480921.718474635)
1777481697.830018 [0]       recv: DATA(110cfe5:7645227d:5dd75df7:100c2 -> 0:0:0:0 #1)
1777481697.830122 [0] dq.builtin: data(builtin, vendor 1.16): 0:0:0:0 #1: ST0 /ParticipantBuiltinTopicData:{user_data=10<"enclave=/;">,protocol_version=2:1,vendorid=1:16,participant_lease_duration=10000000000,participant_guid={110cfe5:7645227d:5dd75df7:1c1},builtin_endpoint_set=3135,domain_id=0,default_unicast_locator={udp/192.168.50.95:42984},default_multicast_locator={udp/239.255.0.1:7401},metatraffic_unicast_locator={udp/192.168.50.95:42984},metatraffic_multicast_locator={udp/239.255.0.1:7400},adlink_participant_version_info=0:44:0:0:0:"ubuntu/0.9.1/Linux/Linux",cyclone_receive_buffer_size=425984}
1777481697.830224 [0] dq.builtin: SPDP ST0 110cfe5:7645227d:5dd75df7:1c1 (known) L(:1c1 2818.411955)
1777481698.429441 [0]        tev: thread_cputime 0.019029000
1777481698.429860 [0]     talker: write_sample 110ce4e:83e26d0:2ed73607:603 #49: ST0 rt/rosout/rcl_interfaces::msg::dds_::Log_:{{1777481698,429610887},20,"talker","Publishing: 'Hello World: 49'","/opt/ros/humble/src/demos/demo_nodes_cpp/src/topics/talker.cpp","operator()",47}
1777481698.429994 [0]     talker:  => EVERYONE
1777481698.430176 [0]     talker: write_sample 110ce4e:83e26d0:2ed73607:1503 #49: ST0 rt/chatter/std_msgs::msg::dds_::String_:{"Hello World: 49"}
1777481698.430252 [0]     talker:  => EVERYONE
1777481699.429467 [0]        tev: thread_cputime 0.019234000
1777481699.429769 [0]     talker: write_sample 110ce4e:83e26d0:2ed73607:603 #50: ST0 rt/rosout/rcl_interfaces::msg::dds_::Log_:{{1777481699,429605048},20,"talker","Publishing: 'Hello World: 50'","/opt/ros/humble/src/demos/demo_nodes_cpp/src/topics/talker.cpp","operator()",47}
1777481699.429866 [0]     talker:  => EVERYONE
1777481699.429976 [0]     talker: write_sample 110ce4e:83e26d0:2ed73607:1503 #50: ST0 rt/chatter/std_msgs::msg::dds_::String_:{"Hello World: 50"}
1777481699.430028 [0]     talker:  => EVERYONE
1777481699.830675 [0]         gc: thread_cputime 0.002473000
1777481700.429554 [0]        tev: thread_cputime 0.019369000
1777481700.429972 [0]     talker: write_sample 110ce4e:83e26d0:2ed73607:603 #51: ST0 rt/rosout/rcl_interfaces::msg::dds_::Log_:{{1777481700,429707099},20,"talker","Publishing: 'Hello World: 51'","/opt/ros/humble/src/demos/demo_nodes_cpp/src/topics/talker.cpp","operator()",47}
1777481700.430138 [0]     talker:  => EVERYONE
1777481700.430328 [0]     talker: write_sample 110ce4e:83e26d0:2ed73607:1503 #51: ST0 rt/chatter/std_msgs::msg::dds_::String_:{"Hello World: 51"}
1777481700.430398 [0]     talker:  => EVERYONE
1777481701.429592 [0]        tev: thread_cputime 0.019499000
1777481701.430002 [0]     talker: write_sample 110ce4e:83e26d0:2ed73607:603 #52: ST0 rt/rosout/rcl_interfaces::msg::dds_::Log_:{{1777481701,429759722},20,"talker","Publishing: 'Hello World: 52'","/opt/ros/humble/src/demos/demo_nodes_cpp/src/topics/talker.cpp","operator()",47}
1777481701.430191 [0]     talker:  => EVERYONE
1777481701.430405 [0]     talker: write_sample 110ce4e:83e26d0:2ed73607:1503 #52: ST0 rt/chatter/std_msgs::msg::dds_::String_:{"Hello World: 52"}
1777481701.430454 [0]     talker:  => EVERYONE
1777481702.429661 [0]        tev: thread_cputime 0.019663000
1777481702.430075 [0]     talker: write_sample 110ce4e:83e26d0:2ed73607:603 #53: ST0 rt/rosout/rcl_interfaces::msg::dds_::Log_:{{1777481702,429815783},20,"talker","Publishing: 'Hello World: 53'","/opt/ros/humble/src/demos/demo_nodes_cpp/src/topics/talker.cpp","operator()",47}
1777481702.430201 [0]     talker:  => EVERYONE
1777481702.430365 [0]     talker: write_sample 110ce4e:83e26d0:2ed73607:1503 #53: ST0 rt/chatter/std_msgs::msg::dds_::String_:{"Hello World: 53"}
1777481702.430420 [0]     talker:  => EVERYONE
1777481703.429709 [0]        tev: thread_cputime 0.019827000
1777481703.430123 [0]     talker: write_sample 110ce4e:83e26d0:2ed73607:603 #54: ST0 rt/rosout/rcl_interfaces::msg::dds_::Log_:{{1777481703,429872210},20,"talker","Publishing: 'Hello World: 54'","/opt/ros/humble/src/demos/demo_nodes_cpp/src/topics/talker.cpp","operator()",47}
1777481703.438452 [0]     talker:  => EVERYONE
1777481703.438694 [0]     talker: write_sample 110ce4e:83e26d0:2ed73607:1503 #54: ST0 rt/chatter/std_msgs::msg::dds_::String_:{"Hello World: 54"}
1777481703.438785 [0]     talker:  => EVERYONE
1777481704.429841 [0]        tev: thread_cputime 0.019991000
1777481704.429999 [0]     talker: write_sample 110ce4e:83e26d0:2ed73607:603 #55: ST0 rt/rosout/rcl_interfaces::msg::dds_::Log_:{{1777481704,429842758},20,"talker","Publishing: 'Hello World: 55'","/opt/ros/humble/src/demos/demo_nodes_cpp/src/topics/talker.cpp","operator()",47}
1777481704.430069 [0]     talker:  => EVERYONE
1777481704.430156 [0]     talker: write_sample 110ce4e:83e26d0:2ed73607:1503 #55: ST0 rt/chatter/std_msgs::msg::dds_::String_:{"Hello World: 55"}
1777481704.430197 [0]     talker:  => EVERYONE
1777481705.384076 [0]        tev: write_sample 110ce4e:83e26d0:2ed73607:200c2 #8: ST0 DCPSParticipantMessage/ParticipantMessageData:{110ce4e:83e26d0:2ed73607:1}:1<0>
1777481705.384244 [0]        tev: xpack_addmsg 0xffffa4001390 0xaaaaf5c36300 0(data(110ce4e:83e26d0:2ed73607:200c2:#8/1)): niov 0 sz 0 => now niov 3 sz 84
1777481705.384322 [0]        tev: writer_hbcontrol: wr 110ce4e:83e26d0:2ed73607:200c2 multicasting (rel-prd 1 seq-eq-max 1 seq 8 maxseq 7)
1777481705.384415 [0]        tev: heartbeat(wr 110ce4e:83e26d0:2ed73607:200c2) piggybacked, resched in 0.1 s (min-ack 7, avail-seq 8, xmit 7)
1777481705.384479 [0]        tev: xpack_addmsg 0xffffa4001390 0xaaaaf5c2f010 0(control): niov 3 sz 84 => now niov 4 sz 116
1777481705.385056 [0]        tev: nn_xpack_send 116: 0xffffa400139c:20 0xaaaaf5c363f8:36 0xffffa40027ec:28 0xaaaaf5c2f108:32 [ udp/192.168.50.95:42984@3 ]
1777481705.385161 [0]        tev: traffic-xmit (1) 116
1777481705.385270 [0]        tev: resched pmd(110ce4e:83e26d0:2ed73607:1c1): 8s
1777481705.385059 [0]     recvUC: HDR(110cfe5:7645227d:5dd75df7 vendor 1.16) len 64 from udp/192.168.50.95:47636
1777481705.385489 [0]     recvUC: INFODST(110ce4e:83e26d0:2ed73607)
1777481705.385569 [0]     recvUC: ACKNACK(F#11:9/0: L(:1c1 2825.967215) 110cfe5:7645227d:5dd75df7:200c7 -> 110ce4e:83e26d0:2ed73607:200c2 ACK1 RM0)
1777481705.385633 [0]     recvUC: thread_cputime 0.015442000
1777481705.430170 [0]     talker: write_sample 110ce4e:83e26d0:2ed73607:603 #56: ST0 rt/rosout/rcl_interfaces::msg::dds_::Log_:{{1777481705,429943983},20,"talker","Publishing: 'Hello World: 56'","/opt/ros/humble/src/demos/demo_nodes_cpp/src/topics/talker.cpp","operator()",47}
1777481705.430353 [0]     talker:  => EVERYONE
1777481705.430532 [0]     talker: write_sample 110ce4e:83e26d0:2ed73607:1503 #56: ST0 rt/chatter/std_msgs::msg::dds_::String_:{"Hello World: 56"}
1777481705.430622 [0]     talker:  => EVERYONE
1777481705.483925 [0]        tev: thread_cputime 0.020653000
1777481705.484146 [0]        tev: non-timed queue now has 1 items
1777481705.484261 [0]        tev: xmit spdp 110ce4e:83e26d0:2ed73607:1c1 to 0:0:0:100c7 (resched 8s)
1777481705.484335 [0]        tev: heartbeat(wr 110ce4e:83e26d0:2ed73607:200c2) suppressed, resched in inf s (min-ack 8, avail-seq 8, xmit 8)
1777481705.484404 [0]        tev: xpack_addmsg 0xffffa4001390 0xaaaaf5c36300 0(data(0:0:0:0:#0/1)): niov 0 sz 0 => now niov 3 sz 324
1777481705.484688 [0]       recv: HDR(110ce4e:83e26d0:2ed73607 vendor 1.16) len 324 from udp/192.168.50.95:60698
1777481705.484808 [0]       recv: INFOTS(1777481649.382771377)
1777481705.484898 [0]       recv: DATA(110ce4e:83e26d0:2ed73607:100c2 -> 0:0:0:0 #1)
1777481705.484964 [0]       recv: thread_cputime 0.000000000
1777481705.485065 [0] dq.builtin: data(builtin, vendor 1.16): 0:0:0:0 #1: ST0 /ParticipantBuiltinTopicData:{user_data=10<"enclave=/;">,protocol_version=2:1,vendorid=1:16,participant_lease_duration=10000000000,participant_guid={110ce4e:83e26d0:2ed73607:1c1},builtin_endpoint_set=3135,domain_id=0,default_unicast_locator={udp/192.168.50.95:59056},default_multicast_locator={udp/239.255.0.1:7401},metatraffic_unicast_locator={udp/192.168.50.95:59056},metatraffic_multicast_locator={udp/239.255.0.1:7400},adlink_participant_version_info=0:44:0:0:0:"ubuntu/0.9.1/Linux/Linux",cyclone_receive_buffer_size=425984}
1777481705.485260 [0] dq.builtin: SPDP ST0 110ce4e:83e26d0:2ed73607:1c1 (local)
1777481705.485328 [0] dq.builtin: thread_cputime 0.010046000
1777481705.485087 [0]        tev: nn_xpack_send 324: 0xffffa400139c:20 0xaaaaf5c363f8:36 0xaaaaf5be5864:268 [ udp/239.255.0.1:7400@3 ]
1777481705.485447 [0]        tev: traffic-xmit (1) 324
1777481705.731676 [0]     recvUC: HDR(110cfe5:7645227d:5dd75df7 vendor 1.16) len 116 from udp/192.168.50.95:47636
1777481705.731846 [0]     recvUC: INFOTS(1777481705.731430719)
1777481705.731937 [0]     recvUC: DATA(110cfe5:7645227d:5dd75df7:200c2 -> 0:0:0:0 #99 L(:1c1 2826.313533))
1777481705.732039 [0]     recvUC: HEARTBEAT(#13:99..99 110cfe5:7645227d:5dd75df7:200c2 -> 0:0:0:0: 110ce4e:83e26d0:2ed73607:200c7@99(sync))
1777481705.732207 [0] dq.builtin: data(builtin, vendor 1.16): 110cfe5:7645227d:5dd75df7:200c2 #99: ST0 DCPSParticipantMessage/ParticipantMessageData:{110cfe5:7645227d:5dd75df7:1}:1<0>
1777481705.732297 [0] dq.builtin:  PMD ST0 pp 110cfe5:7645227d:5dd75df7 kind 1 data 1
1777481705.732431 [0]        tev: acknack 110ce4e:83e26d0:2ed73607:200c7 -> 110cfe5:7645227d:5dd75df7:200c2: F#10:100/0:
1777481705.732493 [0]        tev: send acknack(rd 110ce4e:83e26d0:2ed73607:200c7 -> pwr 110cfe5:7645227d:5dd75df7:200c2)
1777481705.732558 [0]        tev: xpack_addmsg 0xffffa4001390 0xaaaaf5c36300 0(control): niov 0 sz 0 => now niov 2 sz 64
1777481705.732748 [0]        tev: nn_xpack_send 64: 0xffffa400139c:20 0xaaaaf5c363e8:44 [ udp/192.168.50.95:42984@3 ]
1777481705.732806 [0]        tev: traffic-xmit (1) 64
1777481705.830225 [0]       recv: HDR(110cfe5:7645227d:5dd75df7 vendor 1.16) len 324 from udp/192.168.50.95:47636
1777481705.830533 [0]       recv: INFOTS(1777480921.718474635)
1777481705.830605 [0]       recv: DATA(110cfe5:7645227d:5dd75df7:100c2 -> 0:0:0:0 #1)
1777481705.830749 [0] dq.builtin: data(builtin, vendor 1.16): 0:0:0:0 #1: ST0 /ParticipantBuiltinTopicData:{user_data=10<"enclave=/;">,protocol_version=2:1,vendorid=1:16,participant_lease_duration=10000000000,participant_guid={110cfe5:7645227d:5dd75df7:1c1},builtin_endpoint_set=3135,domain_id=0,default_unicast_locator={udp/192.168.50.95:42984},default_multicast_locator={udp/239.255.0.1:7401},metatraffic_unicast_locator={udp/192.168.50.95:42984},metatraffic_multicast_locator={udp/239.255.0.1:7400},adlink_participant_version_info=0:44:0:0:0:"ubuntu/0.9.1/Linux/Linux",cyclone_receive_buffer_size=425984}
1777481705.830808 [0] dq.builtin: SPDP ST0 110cfe5:7645227d:5dd75df7:1c1 (known) L(:1c1 2826.412538)
1777481706.430346 [0]     talker: write_sample 110ce4e:83e26d0:2ed73607:603 #57: ST0 rt/rosout/rcl_interfaces::msg::dds_::Log_:{{1777481706,430016420},20,"talker","Publishing: 'Hello World: 57'","/opt/ros/humble/src/demos/demo_nodes_cpp/src/topics/talker.cpp","operator()",47}
1777481706.430462 [0]     talker:  => EVERYONE
1777481706.430570 [0]     talker: write_sample 110ce4e:83e26d0:2ed73607:1503 #57: ST0 rt/chatter/std_msgs::msg::dds_::String_:{"Hello World: 57"}
1777481706.430612 [0]     talker:  => EVERYONE
1777481707.429887 [0]        tev: thread_cputime 0.021407000
1777481707.430431 [0]     talker: write_sample 110ce4e:83e26d0:2ed73607:603 #58: ST0 rt/rosout/rcl_interfaces::msg::dds_::Log_:{{1777481707,430056646},20,"talker","Publishing: 'Hello World: 58'","/opt/ros/humble/src/demos/demo_nodes_cpp/src/topics/talker.cpp","operator()",47}
1777481707.430512 [0]     talker:  => EVERYONE
1777481707.430611 [0]     talker: write_sample 110ce4e:83e26d0:2ed73607:1503 #58: ST0 rt/chatter/std_msgs::msg::dds_::String_:{"Hello World: 58"}
1777481707.430643 [0]     talker:  => EVERYONE
1777481707.830556 [0]         gc: thread_cputime 0.002473000
1777481708.429983 [0]        tev: thread_cputime 0.021570000
1777481708.430454 [0]     talker: write_sample 110ce4e:83e26d0:2ed73607:603 #59: ST0 rt/rosout/rcl_interfaces::msg::dds_::Log_:{{1777481708,430098070},20,"talker","Publishing: 'Hello World: 59'","/opt/ros/humble/src/demos/demo_nodes_cpp/src/topics/talker.cpp","operator()",47}
1777481708.430690 [0]     talker:  => EVERYONE
1777481708.430936 [0]     talker: write_sample 110ce4e:83e26d0:2ed73607:1503 #59: ST0 rt/chatter/std_msgs::msg::dds_::String_:{"Hello World: 59"}
1777481708.430971 [0]     talker:  => EVERYONE
1777481709.430368 [0]     talker: write_sample 110ce4e:83e26d0:2ed73607:603 #60: ST0 rt/rosout/rcl_interfaces::msg::dds_::Log_:{{1777481709,430176662},20,"talker","Publishing: 'Hello World: 60'","/opt/ros/humble/src/demos/demo_nodes_cpp/src/topics/talker.cpp","operator()",47}
1777481709.430472 [0]     talker:  => EVERYONE
1777481709.430576 [0]     talker: write_sample 110ce4e:83e26d0:2ed73607:1503 #60: ST0 rt/chatter/std_msgs::msg::dds_::String_:{"Hello World: 60"}
1777481709.430632 [0]     talker:  => EVERYONE
1777481710.430117 [0]        tev: thread_cputime 0.022168000
1777481710.430528 [0]     talker: write_sample 110ce4e:83e26d0:2ed73607:603 #61: ST0 rt/rosout/rcl_interfaces::msg::dds_::Log_:{{1777481710,430232675},20,"talker","Publishing: 'Hello World: 61'","/opt/ros/humble/src/demos/demo_nodes_cpp/src/topics/talker.cpp","operator()",47}
1777481710.430682 [0]     talker:  => EVERYONE
1777481710.430784 [0]     talker: write_sample 110ce4e:83e26d0:2ed73607:1503 #61: ST0 rt/chatter/std_msgs::msg::dds_::String_:{"Hello World: 61"}
1777481710.430817 [0]     talker:  => EVERYONE
1777481711.430158 [0]        tev: thread_cputime 0.022551000
1777481711.430554 [0]     talker: write_sample 110ce4e:83e26d0:2ed73607:603 #62: ST0 rt/rosout/rcl_interfaces::msg::dds_::Log_:{{1777481711,430301119},20,"talker","Publishing: 'Hello World: 62'","/opt/ros/humble/src/demos/demo_nodes_cpp/src/topics/talker.cpp","operator()",47}
1777481711.430720 [0]     talker:  => EVERYONE
1777481711.430905 [0]     talker: write_sample 110ce4e:83e26d0:2ed73607:1503 #62: ST0 rt/chatter/std_msgs::msg::dds_::String_:{"Hello World: 62"}
1777481711.430945 [0]     talker:  => EVERYONE
1777481712.430162 [0]        tev: thread_cputime 0.022915000
1777481712.430597 [0]     talker: write_sample 110ce4e:83e26d0:2ed73607:603 #63: ST0 rt/rosout/rcl_interfaces::msg::dds_::Log_:{{1777481712,430363624},20,"talker","Publishing: 'Hello World: 63'","/opt/ros/humble/src/demos/demo_nodes_cpp/src/topics/talker.cpp","operator()",47}
1777481712.430754 [0]     talker:  => EVERYONE
1777481712.430924 [0]     talker: write_sample 110ce4e:83e26d0:2ed73607:1503 #63: ST0 rt/chatter/std_msgs::msg::dds_::String_:{"Hello World: 63"}
1777481712.430957 [0]     talker:  => EVERYONE
1777481713.384187 [0]        tev: write_sample 110ce4e:83e26d0:2ed73607:200c2 #9: ST0 DCPSParticipantMessage/ParticipantMessageData:{110ce4e:83e26d0:2ed73607:1}:1<0>
1777481713.384390 [0]        tev: xpack_addmsg 0xffffa4001390 0xaaaaf5c36300 0(data(110ce4e:83e26d0:2ed73607:200c2:#9/1)): niov 0 sz 0 => now niov 3 sz 84
1777481713.384477 [0]        tev: writer_hbcontrol: wr 110ce4e:83e26d0:2ed73607:200c2 multicasting (rel-prd 1 seq-eq-max 1 seq 9 maxseq 8)
1777481713.384556 [0]        tev: heartbeat(wr 110ce4e:83e26d0:2ed73607:200c2) piggybacked, resched in 0.1 s (min-ack 8, avail-seq 9, xmit 8)
1777481713.384668 [0]        tev: xpack_addmsg 0xffffa4001390 0xaaaaf5c2f010 0(control): niov 3 sz 84 => now niov 4 sz 116
1777481713.385120 [0]        tev: nn_xpack_send 116: 0xffffa400139c:20 0xaaaaf5c363f8:36 0xffffa40014dc:28 0xaaaaf5c2f108:32 [ udp/192.168.50.95:42984@3 ]
1777481713.385199 [0]        tev: traffic-xmit (1) 116
1777481713.385270 [0]        tev: resched pmd(110ce4e:83e26d0:2ed73607:1c1): 8s
1777481713.385379 [0]     recvUC: HDR(110cfe5:7645227d:5dd75df7 vendor 1.16) len 64 from udp/192.168.50.95:47636
1777481713.385470 [0]     recvUC: INFODST(110ce4e:83e26d0:2ed73607)
1777481713.385550 [0]     recvUC: ACKNACK(F#12:10/0: L(:1c1 2833.967196) 110cfe5:7645227d:5dd75df7:200c7 -> 110ce4e:83e26d0:2ed73607:200c2 ACK1 RM0)
1777481713.385612 [0]     recvUC: thread_cputime 0.016364000
1777481713.430197 [0]        tev: thread_cputime 0.024262000
1777481713.430499 [0]     talker: write_sample 110ce4e:83e26d0:2ed73607:603 #64: ST0 rt/rosout/rcl_interfaces::msg::dds_::Log_:{{1777481713,430370621},20,"talker","Publishing: 'Hello World: 64'","/opt/ros/humble/src/demos/demo_nodes_cpp/src/topics/talker.cpp","operator()",47}
1777481713.438755 [0]     talker:  => EVERYONE
1777481713.438967 [0]     talker: write_sample 110ce4e:83e26d0:2ed73607:1503 #64: ST0 rt/chatter/std_msgs::msg::dds_::String_:{"Hello World: 64"}
1777481713.439062 [0]     talker:  => EVERYONE
1777481713.484159 [0]        tev: non-timed queue now has 1 items
1777481713.484346 [0]        tev: xmit spdp 110ce4e:83e26d0:2ed73607:1c1 to 0:0:0:100c7 (resched 8s)
1777481713.484448 [0]        tev: heartbeat(wr 110ce4e:83e26d0:2ed73607:200c2) suppressed, resched in inf s (min-ack 9, avail-seq 9, xmit 9)
1777481713.484526 [0]        tev: xpack_addmsg 0xffffa4001390 0xaaaaf5c36300 0(data(0:0:0:0:#0/1)): niov 0 sz 0 => now niov 3 sz 324
1777481713.484970 [0]       recv: HDR(110ce4e:83e26d0:2ed73607 vendor 1.16) len 324 from udp/192.168.50.95:60698
1777481713.485063 [0]       recv: INFOTS(1777481649.382771377)
1777481713.485180 [0]       recv: DATA(110ce4e:83e26d0:2ed73607:100c2 -> 0:0:0:0 #1)
1777481713.485293 [0]       recv: thread_cputime 0.001050000
1777481713.485447 [0]        tev: nn_xpack_send 324: 0xffffa400139c:20 0xaaaaf5c363f8:36 0xaaaaf5be5864:268 [ udp/239.255.0.1:7400@3 ]
1777481713.485516 [0]        tev: traffic-xmit (1) 324
1777481713.485623 [0] dq.builtin: data(builtin, vendor 1.16): 0:0:0:0 #1: ST0 /ParticipantBuiltinTopicData:{user_data=10<"enclave=/;">,protocol_version=2:1,vendorid=1:16,participant_lease_duration=10000000000,participant_guid={110ce4e:83e26d0:2ed73607:1c1},builtin_endpoint_set=3135,domain_id=0,default_unicast_locator={udp/192.168.50.95:59056},default_multicast_locator={udp/239.255.0.1:7401},metatraffic_unicast_locator={udp/192.168.50.95:59056},metatraffic_multicast_locator={udp/239.255.0.1:7400},adlink_participant_version_info=0:44:0:0:0:"ubuntu/0.9.1/Linux/Linux",cyclone_receive_buffer_size=425984}
1777481713.485766 [0] dq.builtin: SPDP ST0 110ce4e:83e26d0:2ed73607:1c1 (local)
1777481713.485848 [0] dq.builtin: thread_cputime 0.010277000
1777481713.731715 [0]     recvUC: HDR(110cfe5:7645227d:5dd75df7 vendor 1.16) len 116 from udp/192.168.50.95:47636
1777481713.731808 [0]     recvUC: INFOTS(1777481713.731517905)
1777481713.731916 [0]     recvUC: DATA(110cfe5:7645227d:5dd75df7:200c2 -> 0:0:0:0 #100 L(:1c1 2834.313540))
1777481713.732041 [0]     recvUC: HEARTBEAT(#14:100..100 110cfe5:7645227d:5dd75df7:200c2 -> 0:0:0:0: 110ce4e:83e26d0:2ed73607:200c7@100(sync))
1777481713.732205 [0] dq.builtin: data(builtin, vendor 1.16): 110cfe5:7645227d:5dd75df7:200c2 #100: ST0 DCPSParticipantMessage/ParticipantMessageData:{110cfe5:7645227d:5dd75df7:1}:1<0>
1777481713.732352 [0] dq.builtin:  PMD ST0 pp 110cfe5:7645227d:5dd75df7 kind 1 data 1
1777481713.732216 [0]        tev: acknack 110ce4e:83e26d0:2ed73607:200c7 -> 110cfe5:7645227d:5dd75df7:200c2: F#11:101/0:
1777481713.732574 [0]        tev: send acknack(rd 110ce4e:83e26d0:2ed73607:200c7 -> pwr 110cfe5:7645227d:5dd75df7:200c2)
1777481713.732738 [0]        tev: xpack_addmsg 0xffffa4001390 0xaaaaf5c36300 0(control): niov 0 sz 0 => now niov 2 sz 64
1777481713.732917 [0]        tev: nn_xpack_send 64: 0xffffa400139c:20 0xaaaaf5c363e8:44 [ udp/192.168.50.95:42984@3 ]
1777481713.733004 [0]        tev: traffic-xmit (1) 64
1777481713.830144 [0]       recv: HDR(110cfe5:7645227d:5dd75df7 vendor 1.16) len 324 from udp/192.168.50.95:47636
1777481713.830224 [0]       recv: INFOTS(1777480921.718474635)
1777481713.830337 [0]       recv: DATA(110cfe5:7645227d:5dd75df7:100c2 -> 0:0:0:0 #1)
1777481713.830471 [0] dq.builtin: data(builtin, vendor 1.16): 0:0:0:0 #1: ST0 /ParticipantBuiltinTopicData:{user_data=10<"enclave=/;">,protocol_version=2:1,vendorid=1:16,participant_lease_duration=10000000000,participant_guid={110cfe5:7645227d:5dd75df7:1c1},builtin_endpoint_set=3135,domain_id=0,default_unicast_locator={udp/192.168.50.95:42984},default_multicast_locator={udp/239.255.0.1:7401},metatraffic_unicast_locator={udp/192.168.50.95:42984},metatraffic_multicast_locator={udp/239.255.0.1:7400},adlink_participant_version_info=0:44:0:0:0:"ubuntu/0.9.1/Linux/Linux",cyclone_receive_buffer_size=425984}
1777481713.830608 [0] dq.builtin: SPDP ST0 110cfe5:7645227d:5dd75df7:1c1 (known) L(:1c1 2834.412338)
1777481714.430680 [0]     talker: write_sample 110ce4e:83e26d0:2ed73607:603 #65: ST0 rt/rosout/rcl_interfaces::msg::dds_::Log_:{{1777481714,430432644},20,"talker","Publishing: 'Hello World: 65'","/opt/ros/humble/src/demos/demo_nodes_cpp/src/topics/talker.cpp","operator()",47}
1777481714.430860 [0]     talker:  => EVERYONE
1777481714.431007 [0]     talker: write_sample 110ce4e:83e26d0:2ed73607:1503 #65: ST0 rt/chatter/std_msgs::msg::dds_::String_:{"Hello World: 65"}
1777481714.431049 [0]     talker:  => EVERYONE
1777481715.430354 [0]        tev: thread_cputime 0.026619000
1777481715.430704 [0]     talker: write_sample 110ce4e:83e26d0:2ed73607:603 #66: ST0 rt/rosout/rcl_interfaces::msg::dds_::Log_:{{1777481715,430458582},20,"talker","Publishing: 'Hello World: 66'","/opt/ros/humble/src/demos/demo_nodes_cpp/src/topics/talker.cpp","operator()",47}
1777481715.430767 [0]     talker:  => EVERYONE
1777481715.430858 [0]     talker: write_sample 110ce4e:83e26d0:2ed73607:1503 #66: ST0 rt/chatter/std_msgs::msg::dds_::String_:{"Hello World: 66"}
1777481715.430889 [0]     talker:  => EVERYONE
1777481715.831190 [0]         gc: thread_cputime 0.002473000
1777481716.430399 [0]        tev: thread_cputime 0.026962000
1777481716.430597 [0]     talker: write_sample 110ce4e:83e26d0:2ed73607:603 #67: ST0 rt/rosout/rcl_interfaces::msg::dds_::Log_:{{1777481716,430455893},20,"talker","Publishing: 'Hello World: 67'","/opt/ros/humble/src/demos/demo_nodes_cpp/src/topics/talker.cpp","operator()",47}
1777481716.430682 [0]     talker:  => EVERYONE
1777481716.430758 [0]     talker: write_sample 110ce4e:83e26d0:2ed73607:1503 #67: ST0 rt/chatter/std_msgs::msg::dds_::String_:{"Hello World: 67"}
1777481716.430788 [0]     talker:  => EVERYONE
1777481717.430410 [0]        tev: thread_cputime 0.027159000
1777481717.430769 [0]     talker: write_sample 110ce4e:83e26d0:2ed73607:603 #68: ST0 rt/rosout/rcl_interfaces::msg::dds_::Log_:{{1777481717,430580874},20,"talker","Publishing: 'Hello World: 68'","/opt/ros/humble/src/demos/demo_nodes_cpp/src/topics/talker.cpp","operator()",47}
1777481717.430869 [0]     talker:  => EVERYONE
1777481717.431023 [0]     talker: write_sample 110ce4e:83e26d0:2ed73607:1503 #68: ST0 rt/chatter/std_msgs::msg::dds_::String_:{"Hello World: 68"}
1777481717.431075 [0]     talker:  => EVERYONE
1777481718.430613 [0]        tev: thread_cputime 0.027472000
1777481718.430784 [0]     talker: write_sample 110ce4e:83e26d0:2ed73607:603 #69: ST0 rt/rosout/rcl_interfaces::msg::dds_::Log_:{{1777481718,430634473},20,"talker","Publishing: 'Hello World: 69'","/opt/ros/humble/src/demos/demo_nodes_cpp/src/topics/talker.cpp","operator()",47}
1777481718.438936 [0]     talker:  => EVERYONE
1777481718.439213 [0]     talker: write_sample 110ce4e:83e26d0:2ed73607:1503 #69: ST0 rt/chatter/std_msgs::msg::dds_::String_:{"Hello World: 69"}
1777481718.439292 [0]     talker:  => EVERYONE
1777481719.430786 [0]     talker: write_sample 110ce4e:83e26d0:2ed73607:603 #70: ST0 rt/rosout/rcl_interfaces::msg::dds_::Log_:{{1777481719,430608274},20,"talker","Publishing: 'Hello World: 70'","/opt/ros/humble/src/demos/demo_nodes_cpp/src/topics/talker.cpp","operator()",47}
1777481719.430919 [0]     talker:  => EVERYONE
1777481719.431002 [0]     talker: write_sample 110ce4e:83e26d0:2ed73607:1503 #70: ST0 rt/chatter/std_msgs::msg::dds_::String_:{"Hello World: 70"}
1777481719.431044 [0]     talker:  => EVERYONE
1777481720.430656 [0]        tev: thread_cputime 0.027853000
1777481720.431211 [0]     talker: write_sample 110ce4e:83e26d0:2ed73607:603 #71: ST0 rt/rosout/rcl_interfaces::msg::dds_::Log_:{{1777481720,430713265},20,"talker","Publishing: 'Hello World: 71'","/opt/ros/humble/src/demos/demo_nodes_cpp/src/topics/talker.cpp","operator()",47}
1777481720.431398 [0]     talker:  => EVERYONE
1777481720.431517 [0]     talker: write_sample 110ce4e:83e26d0:2ed73607:1503 #71: ST0 rt/chatter/std_msgs::msg::dds_::String_:{"Hello World: 71"}
1777481720.431549 [0]     talker:  => EVERYONE
1777481721.384347 [0]        tev: write_sample 110ce4e:83e26d0:2ed73607:200c2 #10: ST0 DCPSParticipantMessage/ParticipantMessageData:{110ce4e:83e26d0:2ed73607:1}:1<0>
1777481721.384684 [0]        tev: xpack_addmsg 0xffffa4001390 0xaaaaf5c36300 0(data(110ce4e:83e26d0:2ed73607:200c2:#10/1)): niov 0 sz 0 => now niov 3 sz 84
1777481721.384765 [0]        tev: writer_hbcontrol: wr 110ce4e:83e26d0:2ed73607:200c2 multicasting (rel-prd 1 seq-eq-max 1 seq 10 maxseq 9)
1777481721.384833 [0]        tev: heartbeat(wr 110ce4e:83e26d0:2ed73607:200c2) piggybacked, resched in 0.1 s (min-ack 9, avail-seq 10, xmit 9)
1777481721.384922 [0]        tev: xpack_addmsg 0xffffa4001390 0xaaaaf5c2f010 0(control): niov 3 sz 84 => now niov 4 sz 116
1777481721.385168 [0]        tev: nn_xpack_send 116: 0xffffa400139c:20 0xaaaaf5c363f8:36 0xffffa40027ec:28 0xaaaaf5c2f108:32 [ udp/192.168.50.95:42984@3 ]
1777481721.385235 [0]        tev: traffic-xmit (1) 116
1777481721.385302 [0]        tev: resched pmd(110ce4e:83e26d0:2ed73607:1c1): 8s
1777481721.385536 [0]     recvUC: HDR(110cfe5:7645227d:5dd75df7 vendor 1.16) len 64 from udp/192.168.50.95:47636
1777481721.385681 [0]     recvUC: INFODST(110ce4e:83e26d0:2ed73607)
1777481721.385764 [0]     recvUC: ACKNACK(F#13:11/0: L(:1c1 2841.967405) 110cfe5:7645227d:5dd75df7:200c7 -> 110ce4e:83e26d0:2ed73607:200c2 ACK1 RM0)
1777481721.385827 [0]     recvUC: thread_cputime 0.017186000
1777481721.430859 [0]     talker: write_sample 110ce4e:83e26d0:2ed73607:603 #72: ST0 rt/rosout/rcl_interfaces::msg::dds_::Log_:{{1777481721,430708248},20,"talker","Publishing: 'Hello World: 72'","/opt/ros/humble/src/demos/demo_nodes_cpp/src/topics/talker.cpp","operator()",47}
1777481721.430967 [0]     talker:  => EVERYONE
1777481721.431049 [0]     talker: write_sample 110ce4e:83e26d0:2ed73607:1503 #72: ST0 rt/chatter/std_msgs::msg::dds_::String_:{"Hello World: 72"}
1777481721.431078 [0]     talker:  => EVERYONE
1777481721.484256 [0]        tev: thread_cputime 0.029370000
1777481721.484614 [0]        tev: non-timed queue now has 1 items
1777481721.484778 [0]        tev: xmit spdp 110ce4e:83e26d0:2ed73607:1c1 to 0:0:0:100c7 (resched 8s)
1777481721.484857 [0]        tev: heartbeat(wr 110ce4e:83e26d0:2ed73607:200c2) suppressed, resched in inf s (min-ack 10, avail-seq 10, xmit 10)
1777481721.484984 [0]        tev: xpack_addmsg 0xffffa4001390 0xaaaaf5c36300 0(data(0:0:0:0:#0/1)): niov 0 sz 0 => now niov 3 sz 324
1777481721.485358 [0]       recv: HDR(110ce4e:83e26d0:2ed73607 vendor 1.16) len 324 from udp/192.168.50.95:60698
1777481721.485429 [0]       recv: INFOTS(1777481649.382771377)
1777481721.485500 [0]       recv: DATA(110ce4e:83e26d0:2ed73607:100c2 -> 0:0:0:0 #1)
1777481721.485563 [0]       recv: thread_cputime 0.001410000
1777481721.485677 [0]        tev: nn_xpack_send 324: 0xffffa400139c:20 0xaaaaf5c363f8:36 0xaaaaf5be5864:268 [ udp/239.255.0.1:7400@3 ]
1777481721.485736 [0]        tev: traffic-xmit (1) 324
1777481721.485694 [0] dq.builtin: data(builtin, vendor 1.16): 0:0:0:0 #1: ST0 /ParticipantBuiltinTopicData:{user_data=10<"enclave=/;">,protocol_version=2:1,vendorid=1:16,participant_lease_duration=10000000000,participant_guid={110ce4e:83e26d0:2ed73607:1c1},builtin_endpoint_set=3135,domain_id=0,default_unicast_locator={udp/192.168.50.95:59056},default_multicast_locator={udp/239.255.0.1:7401},metatraffic_unicast_locator={udp/192.168.50.95:59056},metatraffic_multicast_locator={udp/239.255.0.1:7400},adlink_participant_version_info=0:44:0:0:0:"ubuntu/0.9.1/Linux/Linux",cyclone_receive_buffer_size=425984}
1777481721.485936 [0] dq.builtin: SPDP ST0 110ce4e:83e26d0:2ed73607:1c1 (local)
1777481721.486024 [0] dq.builtin: thread_cputime 0.011251000
1777481721.731898 [0]     recvUC: HDR(110cfe5:7645227d:5dd75df7 vendor 1.16) len 116 from udp/192.168.50.95:47636
1777481721.732073 [0]     recvUC: INFOTS(1777481721.731641911)
1777481721.732216 [0]     recvUC: DATA(110cfe5:7645227d:5dd75df7:200c2 -> 0:0:0:0 #101 L(:1c1 2842.313796))
1777481721.732306 [0]     recvUC: HEARTBEAT(#15:101..101 110cfe5:7645227d:5dd75df7:200c2 -> 0:0:0:0: 110ce4e:83e26d0:2ed73607:200c7@101(sync))
1777481721.732399 [0]        tev: acknack 110ce4e:83e26d0:2ed73607:200c7 -> 110cfe5:7645227d:5dd75df7:200c2: F#12:102/0:
1777481721.732476 [0] dq.builtin: data(builtin, vendor 1.16): 110cfe5:7645227d:5dd75df7:200c2 #101: ST0 DCPSParticipantMessage/ParticipantMessageData:{110cfe5:7645227d:5dd75df7:1}:1<0>
1777481721.732562 [0] dq.builtin:  PMD ST0 pp 110cfe5:7645227d:5dd75df7 kind 1 data 1
1777481721.732521 [0]        tev: send acknack(rd 110ce4e:83e26d0:2ed73607:200c7 -> pwr 110cfe5:7645227d:5dd75df7:200c2)
1777481721.732807 [0]        tev: xpack_addmsg 0xffffa4001390 0xaaaaf5c36300 0(control): niov 0 sz 0 => now niov 2 sz 64
1777481721.733002 [0]        tev: nn_xpack_send 64: 0xffffa400139c:20 0xaaaaf5c363e8:44 [ udp/192.168.50.95:42984@3 ]
1777481721.733079 [0]        tev: traffic-xmit (1) 64
1777481721.830196 [0]       recv: HDR(110cfe5:7645227d:5dd75df7 vendor 1.16) len 324 from udp/192.168.50.95:47636
1777481721.830331 [0]       recv: INFOTS(1777480921.718474635)
1777481721.830410 [0]       recv: DATA(110cfe5:7645227d:5dd75df7:100c2 -> 0:0:0:0 #1)
1777481721.830569 [0] dq.builtin: data(builtin, vendor 1.16): 0:0:0:0 #1: ST0 /ParticipantBuiltinTopicData:{user_data=10<"enclave=/;">,protocol_version=2:1,vendorid=1:16,participant_lease_duration=10000000000,participant_guid={110cfe5:7645227d:5dd75df7:1c1},builtin_endpoint_set=3135,domain_id=0,default_unicast_locator={udp/192.168.50.95:42984},default_multicast_locator={udp/239.255.0.1:7401},metatraffic_unicast_locator={udp/192.168.50.95:42984},metatraffic_multicast_locator={udp/239.255.0.1:7400},adlink_participant_version_info=0:44:0:0:0:"ubuntu/0.9.1/Linux/Linux",cyclone_receive_buffer_size=425984}
1777481721.830655 [0] dq.builtin: SPDP ST0 110cfe5:7645227d:5dd75df7:1c1 (known) L(:1c1 2842.412377)
1777481722.431023 [0]     talker: write_sample 110ce4e:83e26d0:2ed73607:603 #73: ST0 rt/rosout/rcl_interfaces::msg::dds_::Log_:{{1777481722,430800531},20,"talker","Publishing: 'Hello World: 73'","/opt/ros/humble/src/demos/demo_nodes_cpp/src/topics/talker.cpp","operator()",47}
1777481722.431168 [0]     talker:  => EVERYONE
1777481722.431309 [0]     talker: write_sample 110ce4e:83e26d0:2ed73607:1503 #73: ST0 rt/chatter/std_msgs::msg::dds_::String_:{"Hello World: 73"}
1777481722.431377 [0]     talker:  => EVERYONE
1777481723.430646 [0]        tev: thread_cputime 0.031237000
1777481723.431132 [0]     talker: write_sample 110ce4e:83e26d0:2ed73607:603 #74: ST0 rt/rosout/rcl_interfaces::msg::dds_::Log_:{{1777481723,430868124},20,"talker","Publishing: 'Hello World: 74'","/opt/ros/humble/src/demos/demo_nodes_cpp/src/topics/talker.cpp","operator()",47}
1777481723.439028 [0]     talker:  => EVERYONE
1777481723.439282 [0]     talker: write_sample 110ce4e:83e26d0:2ed73607:1503 #74: ST0 rt/chatter/std_msgs::msg::dds_::String_:{"Hello World: 74"}
1777481723.439395 [0]     talker:  => EVERYONE
1777481723.830931 [0]         gc: thread_cputime 0.002473000
1777481724.430831 [0]        tev: thread_cputime 0.031533000
1777481724.431114 [0]     talker: write_sample 110ce4e:83e26d0:2ed73607:603 #75: ST0 rt/rosout/rcl_interfaces::msg::dds_::Log_:{{1777481724,430914065},20,"talker","Publishing: 'Hello World: 75'","/opt/ros/humble/src/demos/demo_nodes_cpp/src/topics/talker.cpp","operator()",47}
1777481724.431232 [0]     talker:  => EVERYONE
1777481724.431345 [0]     talker: write_sample 110ce4e:83e26d0:2ed73607:1503 #75: ST0 rt/chatter/std_msgs::msg::dds_::String_:{"Hello World: 75"}
1777481724.431388 [0]     talker:  => EVERYONE
1777481725.430851 [0]        tev: thread_cputime 0.031867000
1777481725.431150 [0]     talker: write_sample 110ce4e:83e26d0:2ed73607:603 #76: ST0 rt/rosout/rcl_interfaces::msg::dds_::Log_:{{1777481725,430954006},20,"talker","Publishing: 'Hello World: 76'","/opt/ros/humble/src/demos/demo_nodes_cpp/src/topics/talker.cpp","operator()",47}
1777481725.431329 [0]     talker:  => EVERYONE
1777481725.431512 [0]     talker: write_sample 110ce4e:83e26d0:2ed73607:1503 #76: ST0 rt/chatter/std_msgs::msg::dds_::String_:{"Hello World: 76"}
1777481725.431578 [0]     talker:  => EVERYONE
1777481726.431244 [0]     talker: write_sample 110ce4e:83e26d0:2ed73607:603 #77: ST0 rt/rosout/rcl_interfaces::msg::dds_::Log_:{{1777481726,431025642},20,"talker","Publishing: 'Hello World: 77'","/opt/ros/humble/src/demos/demo_nodes_cpp/src/topics/talker.cpp","operator()",47}
1777481726.431405 [0]     talker:  => EVERYONE
1777481726.431500 [0]     talker: write_sample 110ce4e:83e26d0:2ed73607:1503 #77: ST0 rt/chatter/std_msgs::msg::dds_::String_:{"Hello World: 77"}
1777481726.431534 [0]     talker:  => EVERYONE
1777481727.430889 [0]        tev: thread_cputime 0.032275000
1777481727.431189 [0]     talker: write_sample 110ce4e:83e26d0:2ed73607:603 #78: ST0 rt/rosout/rcl_interfaces::msg::dds_::Log_:{{1777481727,431043690},20,"talker","Publishing: 'Hello World: 78'","/opt/ros/humble/src/demos/demo_nodes_cpp/src/topics/talker.cpp","operator()",47}
1777481727.431293 [0]     talker:  => EVERYONE
1777481727.431413 [0]     talker: write_sample 110ce4e:83e26d0:2ed73607:1503 #78: ST0 rt/chatter/std_msgs::msg::dds_::String_:{"Hello World: 78"}
1777481727.431464 [0]     talker:  => EVERYONE
1777481728.430904 [0]        tev: thread_cputime 0.032536000
1777481728.431207 [0]     talker: write_sample 110ce4e:83e26d0:2ed73607:603 #79: ST0 rt/rosout/rcl_interfaces::msg::dds_::Log_:{{1777481728,431065594},20,"talker","Publishing: 'Hello World: 79'","/opt/ros/humble/src/demos/demo_nodes_cpp/src/topics/talker.cpp","operator()",47}
1777481728.439059 [0]     talker:  => EVERYONE
1777481728.439239 [0]     talker: write_sample 110ce4e:83e26d0:2ed73607:1503 #79: ST0 rt/chatter/std_msgs::msg::dds_::String_:{"Hello World: 79"}
1777481728.439285 [0]     talker:  => EVERYONE
1777481729.384437 [0]        tev: write_sample 110ce4e:83e26d0:2ed73607:200c2 #11: ST0 DCPSParticipantMessage/ParticipantMessageData:{110ce4e:83e26d0:2ed73607:1}:1<0>
1777481729.384614 [0]        tev: xpack_addmsg 0xffffa4001390 0xaaaaf5c36300 0(data(110ce4e:83e26d0:2ed73607:200c2:#11/1)): niov 0 sz 0 => now niov 3 sz 84
1777481729.384662 [0]        tev: writer_hbcontrol: wr 110ce4e:83e26d0:2ed73607:200c2 multicasting (rel-prd 1 seq-eq-max 1 seq 11 maxseq 10)
1777481729.384702 [0]        tev: heartbeat(wr 110ce4e:83e26d0:2ed73607:200c2) piggybacked, resched in 0.1 s (min-ack 10, avail-seq 11, xmit 10)
1777481729.384739 [0]        tev: xpack_addmsg 0xffffa4001390 0xaaaaf5c2f010 0(control): niov 3 sz 84 => now niov 4 sz 116
1777481729.384878 [0]        tev: nn_xpack_send 116: 0xffffa400139c:20 0xaaaaf5c363f8:36 0xffffa40014dc:28 0xaaaaf5c2f108:32 [ udp/192.168.50.95:42984@3 ]
1777481729.384915 [0]        tev: traffic-xmit (1) 116
1777481729.384954 [0]        tev: resched pmd(110ce4e:83e26d0:2ed73607:1c1): 8s
1777481729.385166 [0]     recvUC: HDR(110cfe5:7645227d:5dd75df7 vendor 1.16) len 64 from udp/192.168.50.95:47636
1777481729.385273 [0]     recvUC: INFODST(110ce4e:83e26d0:2ed73607)
1777481729.385325 [0]     recvUC: ACKNACK(F#14:12/0: L(:1c1 2849.966982) 110cfe5:7645227d:5dd75df7:200c7 -> 110ce4e:83e26d0:2ed73607:200c2 ACK1 RM0)
1777481729.385363 [0]     recvUC: thread_cputime 0.018292000
1777481729.431304 [0]     talker: write_sample 110ce4e:83e26d0:2ed73607:603 #80: ST0 rt/rosout/rcl_interfaces::msg::dds_::Log_:{{1777481729,431126458},20,"talker","Publishing: 'Hello World: 80'","/opt/ros/humble/src/demos/demo_nodes_cpp/src/topics/talker.cpp","operator()",47}
1777481729.431462 [0]     talker:  => EVERYONE
1777481729.431563 [0]     talker: write_sample 110ce4e:83e26d0:2ed73607:1503 #80: ST0 rt/chatter/std_msgs::msg::dds_::String_:{"Hello World: 80"}
1777481729.431613 [0]     talker:  => EVERYONE
1777481729.484352 [0]        tev: thread_cputime 0.033489000
1777481729.484530 [0]        tev: non-timed queue now has 1 items
1777481729.484577 [0]        tev: xmit spdp 110ce4e:83e26d0:2ed73607:1c1 to 0:0:0:100c7 (resched 8s)
1777481729.484689 [0]        tev: heartbeat(wr 110ce4e:83e26d0:2ed73607:200c2) suppressed, resched in inf s (min-ack 11, avail-seq 11, xmit 11)
1777481729.484754 [0]        tev: xpack_addmsg 0xffffa4001390 0xaaaaf5c36300 0(data(0:0:0:0:#0/1)): niov 0 sz 0 => now niov 3 sz 324
1777481729.484990 [0]        tev: nn_xpack_send 324: 0xffffa400139c:20 0xaaaaf5c363f8:36 0xaaaaf5be5864:268 [ udp/239.255.0.1:7400@3 ]
1777481729.485026 [0]        tev: traffic-xmit (1) 324
1777481729.485037 [0]       recv: HDR(110ce4e:83e26d0:2ed73607 vendor 1.16) len 324 from udp/192.168.50.95:60698
1777481729.485319 [0]       recv: INFOTS(1777481649.382771377)
1777481729.485379 [0]       recv: DATA(110ce4e:83e26d0:2ed73607:100c2 -> 0:0:0:0 #1)
1777481729.485415 [0]       recv: thread_cputime 0.002088000
1777481729.485510 [0] dq.builtin: data(builtin, vendor 1.16): 0:0:0:0 #1: ST0 /ParticipantBuiltinTopicData:{user_data=10<"enclave=/;">,protocol_version=2:1,vendorid=1:16,participant_lease_duration=10000000000,participant_guid={110ce4e:83e26d0:2ed73607:1c1},builtin_endpoint_set=3135,domain_id=0,default_unicast_locator={udp/192.168.50.95:59056},default_multicast_locator={udp/239.255.0.1:7401},metatraffic_unicast_locator={udp/192.168.50.95:59056},metatraffic_multicast_locator={udp/239.255.0.1:7400},adlink_participant_version_info=0:44:0:0:0:"ubuntu/0.9.1/Linux/Linux",cyclone_receive_buffer_size=425984}
1777481729.485567 [0] dq.builtin: SPDP ST0 110ce4e:83e26d0:2ed73607:1c1 (local)
1777481729.485618 [0] dq.builtin: thread_cputime 0.011829000
1777481729.732330 [0]     recvUC: HDR(110cfe5:7645227d:5dd75df7 vendor 1.16) len 116 from udp/192.168.50.95:47636
1777481729.732461 [0]     recvUC: INFOTS(1777481729.731771424)
1777481729.732516 [0]     recvUC: DATA(110cfe5:7645227d:5dd75df7:200c2 -> 0:0:0:0 #102 L(:1c1 2850.314190))
1777481729.732604 [0]     recvUC: HEARTBEAT(#16:102..102 110cfe5:7645227d:5dd75df7:200c2 -> 0:0:0:0: 110ce4e:83e26d0:2ed73607:200c7@102(sync))
1777481729.732639 [0]        tev: acknack 110ce4e:83e26d0:2ed73607:200c7 -> 110cfe5:7645227d:5dd75df7:200c2: F#13:103/0:
1777481729.732679 [0]        tev: send acknack(rd 110ce4e:83e26d0:2ed73607:200c7 -> pwr 110cfe5:7645227d:5dd75df7:200c2)
1777481729.732702 [0] dq.builtin: data(builtin, vendor 1.16): 110cfe5:7645227d:5dd75df7:200c2 #102: ST0 DCPSParticipantMessage/ParticipantMessageData:{110cfe5:7645227d:5dd75df7:1}:1<0>
1777481729.732774 [0] dq.builtin:  PMD ST0 pp 110cfe5:7645227d:5dd75df7 kind 1 data 1
1777481729.732712 [0]        tev: xpack_addmsg 0xffffa4001390 0xaaaaf5c36300 0(control): niov 0 sz 0 => now niov 2 sz 64
1777481729.732934 [0]        tev: nn_xpack_send 64: 0xffffa400139c:20 0xaaaaf5c363e8:44 [ udp/192.168.50.95:42984@3 ]
1777481729.732967 [0]        tev: traffic-xmit (1) 64
1777481729.830437 [0]       recv: HDR(110cfe5:7645227d:5dd75df7 vendor 1.16) len 324 from udp/192.168.50.95:47636
1777481729.830553 [0]       recv: INFOTS(1777480921.718474635)
1777481729.830618 [0]       recv: DATA(110cfe5:7645227d:5dd75df7:100c2 -> 0:0:0:0 #1)
1777481729.830785 [0] dq.builtin: data(builtin, vendor 1.16): 0:0:0:0 #1: ST0 /ParticipantBuiltinTopicData:{user_data=10<"enclave=/;">,protocol_version=2:1,vendorid=1:16,participant_lease_duration=10000000000,participant_guid={110cfe5:7645227d:5dd75df7:1c1},builtin_endpoint_set=3135,domain_id=0,default_unicast_locator={udp/192.168.50.95:42984},default_multicast_locator={udp/239.255.0.1:7401},metatraffic_unicast_locator={udp/192.168.50.95:42984},metatraffic_multicast_locator={udp/239.255.0.1:7400},adlink_participant_version_info=0:44:0:0:0:"ubuntu/0.9.1/Linux/Linux",cyclone_receive_buffer_size=425984}
1777481729.830867 [0] dq.builtin: SPDP ST0 110cfe5:7645227d:5dd75df7:1c1 (known) L(:1c1 2850.412596)
1777481730.431361 [0]     talker: write_sample 110ce4e:83e26d0:2ed73607:603 #81: ST0 rt/rosout/rcl_interfaces::msg::dds_::Log_:{{1777481730,431196457},20,"talker","Publishing: 'Hello World: 81'","/opt/ros/humble/src/demos/demo_nodes_cpp/src/topics/talker.cpp","operator()",47}
1777481730.431517 [0]     talker:  => EVERYONE
1777481730.431602 [0]     talker: write_sample 110ce4e:83e26d0:2ed73607:1503 #81: ST0 rt/chatter/std_msgs::msg::dds_::String_:{"Hello World: 81"}
1777481730.431689 [0]     talker:  => EVERYONE
1777481731.430993 [0]        tev: thread_cputime 0.034627000
1777481731.431407 [0]     talker: write_sample 110ce4e:83e26d0:2ed73607:603 #82: ST0 rt/rosout/rcl_interfaces::msg::dds_::Log_:{{1777481731,431237126},20,"talker","Publishing: 'Hello World: 82'","/opt/ros/humble/src/demos/demo_nodes_cpp/src/topics/talker.cpp","operator()",47}
1777481731.431513 [0]     talker:  => EVERYONE
1777481731.431593 [0]     talker: write_sample 110ce4e:83e26d0:2ed73607:1503 #82: ST0 rt/chatter/std_msgs::msg::dds_::String_:{"Hello World: 82"}
1777481731.431624 [0]     talker:  => EVERYONE
1777481731.830972 [0]         gc: thread_cputime 0.002473000
1777481732.431142 [0]        tev: thread_cputime 0.034859000
1777481732.432116 [0]     talker: write_sample 110ce4e:83e26d0:2ed73607:603 #83: ST0 rt/rosout/rcl_interfaces::msg::dds_::Log_:{{1777481732,431386839},20,"talker","Publishing: 'Hello World: 83'","/opt/ros/humble/src/demos/demo_nodes_cpp/src/topics/talker.cpp","operator()",47}
1777481732.432295 [0]     talker:  => EVERYONE
1777481732.432534 [0]     talker: write_sample 110ce4e:83e26d0:2ed73607:1503 #83: ST0 rt/chatter/std_msgs::msg::dds_::String_:{"Hello World: 83"}
1777481732.432659 [0]     talker:  => EVERYONE
1777481733.431198 [0]        tev: thread_cputime 0.035093000
1777481733.431728 [0]     talker: write_sample 110ce4e:83e26d0:2ed73607:603 #84: ST0 rt/rosout/rcl_interfaces::msg::dds_::Log_:{{1777481733,431467764},20,"talker","Publishing: 'Hello World: 84'","/opt/ros/humble/src/demos/demo_nodes_cpp/src/topics/talker.cpp","operator()",47}
1777481733.431922 [0]     talker:  => EVERYONE
1777481733.432082 [0]     talker: write_sample 110ce4e:83e26d0:2ed73607:1503 #84: ST0 rt/chatter/std_msgs::msg::dds_::String_:{"Hello World: 84"}
1777481733.432228 [0]     talker:  => EVERYONE
1777481734.431227 [0]        tev: thread_cputime 0.035324000
1777481734.431670 [0]     talker: write_sample 110ce4e:83e26d0:2ed73607:603 #85: ST0 rt/rosout/rcl_interfaces::msg::dds_::Log_:{{1777481734,431401368},20,"talker","Publishing: 'Hello World: 85'","/opt/ros/humble/src/demos/demo_nodes_cpp/src/topics/talker.cpp","operator()",47}
1777481734.431823 [0]     talker:  => EVERYONE
1777481734.432048 [0]     talker: write_sample 110ce4e:83e26d0:2ed73607:1503 #85: ST0 rt/chatter/std_msgs::msg::dds_::String_:{"Hello World: 85"}
1777481734.432138 [0]     talker:  => EVERYONE
1777481735.431264 [0]        tev: thread_cputime 0.035571000
1777481735.431615 [0]     talker: write_sample 110ce4e:83e26d0:2ed73607:603 #86: ST0 rt/rosout/rcl_interfaces::msg::dds_::Log_:{{1777481735,431460689},20,"talker","Publishing: 'Hello World: 86'","/opt/ros/humble/src/demos/demo_nodes_cpp/src/topics/talker.cpp","operator()",47}
1777481735.431734 [0]     talker:  => EVERYONE
1777481735.431825 [0]     talker: write_sample 110ce4e:83e26d0:2ed73607:1503 #86: ST0 rt/chatter/std_msgs::msg::dds_::String_:{"Hello World: 86"}
1777481735.431862 [0]     talker:  => EVERYONE
1777481736.431330 [0]        tev: thread_cputime 0.035808000
1777481736.431631 [0]     talker: write_sample 110ce4e:83e26d0:2ed73607:603 #87: ST0 rt/rosout/rcl_interfaces::msg::dds_::Log_:{{1777481736,431451990},20,"talker","Publishing: 'Hello World: 87'","/opt/ros/humble/src/demos/demo_nodes_cpp/src/topics/talker.cpp","operator()",47}
1777481736.431717 [0]     talker:  => EVERYONE
1777481736.431800 [0]     talker: write_sample 110ce4e:83e26d0:2ed73607:1503 #87: ST0 rt/chatter/std_msgs::msg::dds_::String_:{"Hello World: 87"}
1777481736.431836 [0]     talker:  => EVERYONE
1777481737.384549 [0]        tev: write_sample 110ce4e:83e26d0:2ed73607:200c2 #12: ST0 DCPSParticipantMessage/ParticipantMessageData:{110ce4e:83e26d0:2ed73607:1}:1<0>
1777481737.384718 [0]        tev: xpack_addmsg 0xffffa4001390 0xaaaaf5c36300 0(data(110ce4e:83e26d0:2ed73607:200c2:#12/1)): niov 0 sz 0 => now niov 3 sz 84
1777481737.384766 [0]        tev: writer_hbcontrol: wr 110ce4e:83e26d0:2ed73607:200c2 multicasting (rel-prd 1 seq-eq-max 1 seq 12 maxseq 11)
1777481737.384860 [0]        tev: heartbeat(wr 110ce4e:83e26d0:2ed73607:200c2) piggybacked, resched in 0.1 s (min-ack 11, avail-seq 12, xmit 11)
1777481737.384896 [0]        tev: xpack_addmsg 0xffffa4001390 0xaaaaf5c2f010 0(control): niov 3 sz 84 => now niov 4 sz 116
1777481737.385179 [0]        tev: nn_xpack_send 116: 0xffffa400139c:20 0xaaaaf5c363f8:36 0xffffa40027ec:28 0xaaaaf5c2f108:32 [ udp/192.168.50.95:42984@3 ]
1777481737.385230 [0]        tev: traffic-xmit (1) 116
1777481737.385273 [0]        tev: resched pmd(110ce4e:83e26d0:2ed73607:1c1): 8s
1777481737.385354 [0]     recvUC: HDR(110cfe5:7645227d:5dd75df7 vendor 1.16) len 64 from udp/192.168.50.95:47636
1777481737.385400 [0]     recvUC: INFODST(110ce4e:83e26d0:2ed73607)
1777481737.385456 [0]     recvUC: ACKNACK(F#15:13/0: L(:1c1 2857.967133) 110cfe5:7645227d:5dd75df7:200c7 -> 110ce4e:83e26d0:2ed73607:200c2 ACK1 RM0)
1777481737.385496 [0]     recvUC: thread_cputime 0.019011000
1777481737.431818 [0]     talker: write_sample 110ce4e:83e26d0:2ed73607:603 #88: ST0 rt/rosout/rcl_interfaces::msg::dds_::Log_:{{1777481737,431553424},20,"talker","Publishing: 'Hello World: 88'","/opt/ros/humble/src/demos/demo_nodes_cpp/src/topics/talker.cpp","operator()",47}
1777481737.432011 [0]     talker:  => EVERYONE
1777481737.432146 [0]     talker: write_sample 110ce4e:83e26d0:2ed73607:1503 #88: ST0 rt/chatter/std_msgs::msg::dds_::String_:{"Hello World: 88"}
1777481737.432180 [0]     talker:  => EVERYONE
1777481737.484510 [0]        tev: thread_cputime 0.036842000
1777481737.484714 [0]        tev: non-timed queue now has 1 items
1777481737.484766 [0]        tev: xmit spdp 110ce4e:83e26d0:2ed73607:1c1 to 0:0:0:100c7 (resched 8s)
1777481737.484809 [0]        tev: heartbeat(wr 110ce4e:83e26d0:2ed73607:200c2) suppressed, resched in inf s (min-ack 12, avail-seq 12, xmit 12)
1777481737.484847 [0]        tev: xpack_addmsg 0xffffa4001390 0xaaaaf5c36300 0(data(0:0:0:0:#0/1)): niov 0 sz 0 => now niov 3 sz 324
1777481737.485092 [0]       recv: HDR(110ce4e:83e26d0:2ed73607 vendor 1.16) len 324 from udp/192.168.50.95:60698
1777481737.485136 [0]       recv: INFOTS(1777481649.382771377)
1777481737.485189 [0]       recv: DATA(110ce4e:83e26d0:2ed73607:100c2 -> 0:0:0:0 #1)
1777481737.485226 [0]       recv: thread_cputime 0.002576000
1777481737.485286 [0] dq.builtin: data(builtin, vendor 1.16): 0:0:0:0 #1: ST0 /ParticipantBuiltinTopicData:{user_data=10<"enclave=/;">,protocol_version=2:1,vendorid=1:16,participant_lease_duration=10000000000,participant_guid={110ce4e:83e26d0:2ed73607:1c1},builtin_endpoint_set=3135,domain_id=0,default_unicast_locator={udp/192.168.50.95:59056},default_multicast_locator={udp/239.255.0.1:7401},metatraffic_unicast_locator={udp/192.168.50.95:59056},metatraffic_multicast_locator={udp/239.255.0.1:7400},adlink_participant_version_info=0:44:0:0:0:"ubuntu/0.9.1/Linux/Linux",cyclone_receive_buffer_size=425984}
1777481737.485313 [0]        tev: nn_xpack_send 324: 0xffffa400139c:20 0xaaaaf5c363f8:36 0xaaaaf5be5864:268 [ udp/239.255.0.1:7400@3 ]
1777481737.485352 [0]        tev: traffic-xmit (1) 324
1777481737.485363 [0] dq.builtin: SPDP ST0 110ce4e:83e26d0:2ed73607:1c1 (local)
1777481737.485472 [0] dq.builtin: thread_cputime 0.012438000
1777481737.732054 [0]     recvUC: HDR(110cfe5:7645227d:5dd75df7 vendor 1.16) len 116 from udp/192.168.50.95:47636
1777481737.732173 [0]     recvUC: INFOTS(1777481737.731859708)
1777481737.732234 [0]     recvUC: DATA(110cfe5:7645227d:5dd75df7:200c2 -> 0:0:0:0 #103 L(:1c1 2858.313903))
1777481737.732294 [0]     recvUC: HEARTBEAT(#17:103..103 110cfe5:7645227d:5dd75df7:200c2 -> 0:0:0:0: 110ce4e:83e26d0:2ed73607:200c7@103(sync))
1777481737.732345 [0]        tev: acknack 110ce4e:83e26d0:2ed73607:200c7 -> 110cfe5:7645227d:5dd75df7:200c2: F#14:104/0:
1777481737.732381 [0]        tev: send acknack(rd 110ce4e:83e26d0:2ed73607:200c7 -> pwr 110cfe5:7645227d:5dd75df7:200c2)
1777481737.732423 [0]        tev: xpack_addmsg 0xffffa4001390 0xaaaaf5c36300 0(control): niov 0 sz 0 => now niov 2 sz 64
1777481737.732389 [0] dq.builtin: data(builtin, vendor 1.16): 110cfe5:7645227d:5dd75df7:200c2 #103: ST0 DCPSParticipantMessage/ParticipantMessageData:{110cfe5:7645227d:5dd75df7:1}:1<0>
1777481737.732547 [0] dq.builtin:  PMD ST0 pp 110cfe5:7645227d:5dd75df7 kind 1 data 1
1777481737.732615 [0]        tev: nn_xpack_send 64: 0xffffa400139c:20 0xaaaaf5c363e8:44 [ udp/192.168.50.95:42984@3 ]
1777481737.732646 [0]        tev: traffic-xmit (1) 64
1777481737.830726 [0]       recv: HDR(110cfe5:7645227d:5dd75df7 vendor 1.16) len 324 from udp/192.168.50.95:47636
1777481737.830942 [0]       recv: INFOTS(1777480921.718474635)
1777481737.831064 [0]       recv: DATA(110cfe5:7645227d:5dd75df7:100c2 -> 0:0:0:0 #1)
1777481737.831312 [0] dq.builtin: data(builtin, vendor 1.16): 0:0:0:0 #1: ST0 /ParticipantBuiltinTopicData:{user_data=10<"enclave=/;">,protocol_version=2:1,vendorid=1:16,participant_lease_duration=10000000000,participant_guid={110cfe5:7645227d:5dd75df7:1c1},builtin_endpoint_set=3135,domain_id=0,default_unicast_locator={udp/192.168.50.95:42984},default_multicast_locator={udp/239.255.0.1:7401},metatraffic_unicast_locator={udp/192.168.50.95:42984},metatraffic_multicast_locator={udp/239.255.0.1:7400},adlink_participant_version_info=0:44:0:0:0:"ubuntu/0.9.1/Linux/Linux",cyclone_receive_buffer_size=425984}
1777481737.831442 [0] dq.builtin: SPDP ST0 110cfe5:7645227d:5dd75df7:1c1 (known) L(:1c1 2858.413164)
1777481738.431852 [0]     talker: write_sample 110ce4e:83e26d0:2ed73607:603 #89: ST0 rt/rosout/rcl_interfaces::msg::dds_::Log_:{{1777481738,431656249},20,"talker","Publishing: 'Hello World: 89'","/opt/ros/humble/src/demos/demo_nodes_cpp/src/topics/talker.cpp","operator()",47}
1777481738.432060 [0]     talker:  => EVERYONE
1777481738.432198 [0]     talker: write_sample 110ce4e:83e26d0:2ed73607:1503 #89: ST0 rt/chatter/std_msgs::msg::dds_::String_:{"Hello World: 89"}
1777481738.432262 [0]     talker:  => EVERYONE
1777481739.431408 [0]        tev: thread_cputime 0.038053000
1777481739.431738 [0]     talker: write_sample 110ce4e:83e26d0:2ed73607:603 #90: ST0 rt/rosout/rcl_interfaces::msg::dds_::Log_:{{1777481739,431600841},20,"talker","Publishing: 'Hello World: 90'","/opt/ros/humble/src/demos/demo_nodes_cpp/src/topics/talker.cpp","operator()",47}
1777481739.431819 [0]     talker:  => EVERYONE
1777481739.431897 [0]     talker: write_sample 110ce4e:83e26d0:2ed73607:1503 #90: ST0 rt/chatter/std_msgs::msg::dds_::String_:{"Hello World: 90"}
1777481739.431941 [0]     talker:  => EVERYONE
1777481739.831175 [0]         gc: thread_cputime 0.002473000
1777481740.431514 [0]        tev: thread_cputime 0.038258000
1777481740.431943 [0]     talker: write_sample 110ce4e:83e26d0:2ed73607:603 #91: ST0 rt/rosout/rcl_interfaces::msg::dds_::Log_:{{1777481740,431699600},20,"talker","Publishing: 'Hello World: 91'","/opt/ros/humble/src/demos/demo_nodes_cpp/src/topics/talker.cpp","operator()",47}
1777481740.440333 [0]     talker:  => EVERYONE
1777481740.440531 [0]     talker: write_sample 110ce4e:83e26d0:2ed73607:1503 #91: ST0 rt/chatter/std_msgs::msg::dds_::String_:{"Hello World: 91"}
1777481740.440575 [0]     talker:  => EVERYONE
1777481741.431554 [0]        tev: thread_cputime 0.038589000
1777481741.431887 [0]     talker: write_sample 110ce4e:83e26d0:2ed73607:603 #92: ST0 rt/rosout/rcl_interfaces::msg::dds_::Log_:{{1777481741,431730786},20,"talker","Publishing: 'Hello World: 92'","/opt/ros/humble/src/demos/demo_nodes_cpp/src/topics/talker.cpp","operator()",47}
1777481741.431983 [0]     talker:  => EVERYONE
1777481741.432067 [0]     talker: write_sample 110ce4e:83e26d0:2ed73607:1503 #92: ST0 rt/chatter/std_msgs::msg::dds_::String_:{"Hello World: 92"}
1777481741.432098 [0]     talker:  => EVERYONE
1777481742.431974 [0]     talker: write_sample 110ce4e:83e26d0:2ed73607:603 #93: ST0 rt/rosout/rcl_interfaces::msg::dds_::Log_:{{1777481742,431795878},20,"talker","Publishing: 'Hello World: 93'","/opt/ros/humble/src/demos/demo_nodes_cpp/src/topics/talker.cpp","operator()",47}
1777481742.432103 [0]     talker:  => EVERYONE
1777481742.432169 [0]        tev: thread_cputime 0.038840000
1777481742.432207 [0]     talker: write_sample 110ce4e:83e26d0:2ed73607:1503 #93: ST0 rt/chatter/std_msgs::msg::dds_::String_:{"Hello World: 93"}
1777481742.432371 [0]     talker:  => EVERYONE
1777481743.432025 [0]     talker: write_sample 110ce4e:83e26d0:2ed73607:603 #94: ST0 rt/rosout/rcl_interfaces::msg::dds_::Log_:{{1777481743,431856376},20,"talker","Publishing: 'Hello World: 94'","/opt/ros/humble/src/demos/demo_nodes_cpp/src/topics/talker.cpp","operator()",47}
1777481743.432167 [0]     talker:  => EVERYONE
1777481743.432249 [0]     talker: write_sample 110ce4e:83e26d0:2ed73607:1503 #94: ST0 rt/chatter/std_msgs::msg::dds_::String_:{"Hello World: 94"}
1777481743.432279 [0]     talker:  => EVERYONE
1777481744.431798 [0]        tev: thread_cputime 0.039183000
1777481744.432065 [0]     talker: write_sample 110ce4e:83e26d0:2ed73607:603 #95: ST0 rt/rosout/rcl_interfaces::msg::dds_::Log_:{{1777481744,431912378},20,"talker","Publishing: 'Hello World: 95'","/opt/ros/humble/src/demos/demo_nodes_cpp/src/topics/talker.cpp","operator()",47}
1777481744.432172 [0]     talker:  => EVERYONE
1777481744.432263 [0]     talker: write_sample 110ce4e:83e26d0:2ed73607:1503 #95: ST0 rt/chatter/std_msgs::msg::dds_::String_:{"Hello World: 95"}
1777481744.432311 [0]     talker:  => EVERYONE
1777481745.384676 [0]        tev: write_sample 110ce4e:83e26d0:2ed73607:200c2 #13: ST0 DCPSParticipantMessage/ParticipantMessageData:{110ce4e:83e26d0:2ed73607:1}:1<0>
1777481745.384859 [0]        tev: xpack_addmsg 0xffffa4001390 0xaaaaf5c36300 0(data(110ce4e:83e26d0:2ed73607:200c2:#13/1)): niov 0 sz 0 => now niov 3 sz 84
1777481745.384906 [0]        tev: writer_hbcontrol: wr 110ce4e:83e26d0:2ed73607:200c2 multicasting (rel-prd 1 seq-eq-max 1 seq 13 maxseq 12)
1777481745.384945 [0]        tev: heartbeat(wr 110ce4e:83e26d0:2ed73607:200c2) piggybacked, resched in 0.1 s (min-ack 12, avail-seq 13, xmit 12)
1777481745.384978 [0]        tev: xpack_addmsg 0xffffa4001390 0xaaaaf5c2f010 0(control): niov 3 sz 84 => now niov 4 sz 116
1777481745.385266 [0]        tev: nn_xpack_send 116: 0xffffa400139c:20 0xaaaaf5c363f8:36 0xffffa40014dc:28 0xaaaaf5c2f108:32 [ udp/192.168.50.95:42984@3 ]
1777481745.385303 [0]        tev: traffic-xmit (1) 116
1777481745.385339 [0]        tev: resched pmd(110ce4e:83e26d0:2ed73607:1c1): 8s
1777481745.385438 [0]     recvUC: HDR(110cfe5:7645227d:5dd75df7 vendor 1.16) len 64 from udp/192.168.50.95:47636
1777481745.385485 [0]     recvUC: INFODST(110ce4e:83e26d0:2ed73607)
1777481745.385533 [0]     recvUC: ACKNACK(F#16:14/0: L(:1c1 2865.967218) 110cfe5:7645227d:5dd75df7:200c7 -> 110ce4e:83e26d0:2ed73607:200c2 ACK1 RM0)
1777481745.385568 [0]     recvUC: thread_cputime 0.019637000
1777481745.432124 [0]     talker: write_sample 110ce4e:83e26d0:2ed73607:603 #96: ST0 rt/rosout/rcl_interfaces::msg::dds_::Log_:{{1777481745,431958442},20,"talker","Publishing: 'Hello World: 96'","/opt/ros/humble/src/demos/demo_nodes_cpp/src/topics/talker.cpp","operator()",47}
1777481745.432249 [0]     talker:  => EVERYONE
1777481745.432331 [0]     talker: write_sample 110ce4e:83e26d0:2ed73607:1503 #96: ST0 rt/chatter/std_msgs::msg::dds_::String_:{"Hello World: 96"}
1777481745.432369 [0]     talker:  => EVERYONE
1777481745.484582 [0]        tev: thread_cputime 0.040164000
1777481745.484754 [0]        tev: non-timed queue now has 1 items
1777481745.484805 [0]        tev: xmit spdp 110ce4e:83e26d0:2ed73607:1c1 to 0:0:0:100c7 (resched 8s)
1777481745.484842 [0]        tev: heartbeat(wr 110ce4e:83e26d0:2ed73607:200c2) suppressed, resched in inf s (min-ack 13, avail-seq 13, xmit 13)
1777481745.484877 [0]        tev: xpack_addmsg 0xffffa4001390 0xaaaaf5c36300 0(data(0:0:0:0:#0/1)): niov 0 sz 0 => now niov 3 sz 324
1777481745.485249 [0]       recv: HDR(110ce4e:83e26d0:2ed73607 vendor 1.16) len 324 from udp/192.168.50.95:60698
1777481745.485300 [0]       recv: INFOTS(1777481649.382771377)
1777481745.485358 [0]       recv: DATA(110ce4e:83e26d0:2ed73607:100c2 -> 0:0:0:0 #1)
1777481745.485394 [0]       recv: thread_cputime 0.003237000
1777481745.485483 [0]        tev: nn_xpack_send 324: 0xffffa400139c:20 0xaaaaf5c363f8:36 0xaaaaf5be5864:268 [ udp/239.255.0.1:7400@3 ]
1777481745.485573 [0]        tev: traffic-xmit (1) 324
1777481745.485493 [0] dq.builtin: data(builtin, vendor 1.16): 0:0:0:0 #1: ST0 /ParticipantBuiltinTopicData:{user_data=10<"enclave=/;">,protocol_version=2:1,vendorid=1:16,participant_lease_duration=10000000000,participant_guid={110ce4e:83e26d0:2ed73607:1c1},builtin_endpoint_set=3135,domain_id=0,default_unicast_locator={udp/192.168.50.95:59056},default_multicast_locator={udp/239.255.0.1:7401},metatraffic_unicast_locator={udp/192.168.50.95:59056},metatraffic_multicast_locator={udp/239.255.0.1:7400},adlink_participant_version_info=0:44:0:0:0:"ubuntu/0.9.1/Linux/Linux",cyclone_receive_buffer_size=425984}
1777481745.485699 [0] dq.builtin: SPDP ST0 110ce4e:83e26d0:2ed73607:1c1 (local)
1777481745.485737 [0] dq.builtin: thread_cputime 0.013039000
1777481745.732184 [0]     recvUC: HDR(110cfe5:7645227d:5dd75df7 vendor 1.16) len 116 from udp/192.168.50.95:47636
1777481745.732291 [0]     recvUC: INFOTS(1777481745.731960895)
1777481745.732345 [0]     recvUC: DATA(110cfe5:7645227d:5dd75df7:200c2 -> 0:0:0:0 #104 L(:1c1 2866.314021))
1777481745.732404 [0]     recvUC: HEARTBEAT(#18:104..104 110cfe5:7645227d:5dd75df7:200c2 -> 0:0:0:0: 110ce4e:83e26d0:2ed73607:200c7@104(sync))
1777481745.732490 [0]        tev: acknack 110ce4e:83e26d0:2ed73607:200c7 -> 110cfe5:7645227d:5dd75df7:200c2: F#15:105/0:
1777481745.732509 [0] dq.builtin: data(builtin, vendor 1.16): 110cfe5:7645227d:5dd75df7:200c2 #104: ST0 DCPSParticipantMessage/ParticipantMessageData:{110cfe5:7645227d:5dd75df7:1}:1<0>
1777481745.732577 [0] dq.builtin:  PMD ST0 pp 110cfe5:7645227d:5dd75df7 kind 1 data 1
1777481745.732525 [0]        tev: send acknack(rd 110ce4e:83e26d0:2ed73607:200c7 -> pwr 110cfe5:7645227d:5dd75df7:200c2)
1777481745.732662 [0]        tev: xpack_addmsg 0xffffa4001390 0xaaaaf5c36300 0(control): niov 0 sz 0 => now niov 2 sz 64
1777481745.732774 [0]        tev: nn_xpack_send 64: 0xffffa400139c:20 0xaaaaf5c363e8:44 [ udp/192.168.50.95:42984@3 ]
1777481745.732803 [0]        tev: traffic-xmit (1) 64
1777481745.830693 [0]       recv: HDR(110cfe5:7645227d:5dd75df7 vendor 1.16) len 324 from udp/192.168.50.95:47636
1777481745.830803 [0]       recv: INFOTS(1777480921.718474635)
1777481745.830862 [0]       recv: DATA(110cfe5:7645227d:5dd75df7:100c2 -> 0:0:0:0 #1)
1777481745.830954 [0] dq.builtin: data(builtin, vendor 1.16): 0:0:0:0 #1: ST0 /ParticipantBuiltinTopicData:{user_data=10<"enclave=/;">,protocol_version=2:1,vendorid=1:16,participant_lease_duration=10000000000,participant_guid={110cfe5:7645227d:5dd75df7:1c1},builtin_endpoint_set=3135,domain_id=0,default_unicast_locator={udp/192.168.50.95:42984},default_multicast_locator={udp/239.255.0.1:7401},metatraffic_unicast_locator={udp/192.168.50.95:42984},metatraffic_multicast_locator={udp/239.255.0.1:7400},adlink_participant_version_info=0:44:0:0:0:"ubuntu/0.9.1/Linux/Linux",cyclone_receive_buffer_size=425984}
1777481745.831009 [0] dq.builtin: SPDP ST0 110cfe5:7645227d:5dd75df7:1c1 (known) L(:1c1 2866.412736)
1777481746.432101 [0]     talker: write_sample 110ce4e:83e26d0:2ed73607:603 #97: ST0 rt/rosout/rcl_interfaces::msg::dds_::Log_:{{1777481746,431962088},20,"talker","Publishing: 'Hello World: 97'","/opt/ros/humble/src/demos/demo_nodes_cpp/src/topics/talker.cpp","operator()",47}
1777481746.432252 [0]     talker:  => EVERYONE
1777481746.432337 [0]     talker: write_sample 110ce4e:83e26d0:2ed73607:1503 #97: ST0 rt/chatter/std_msgs::msg::dds_::String_:{"Hello World: 97"}
1777481746.432370 [0]     talker:  => EVERYONE
1777481747.431893 [0]        tev: thread_cputime 0.041248000
1777481747.432260 [0]     talker: write_sample 110ce4e:83e26d0:2ed73607:603 #98: ST0 rt/rosout/rcl_interfaces::msg::dds_::Log_:{{1777481747,432076762},20,"talker","Publishing: 'Hello World: 98'","/opt/ros/humble/src/demos/demo_nodes_cpp/src/topics/talker.cpp","operator()",47}
1777481747.432416 [0]     talker:  => EVERYONE
1777481747.432499 [0]     talker: write_sample 110ce4e:83e26d0:2ed73607:1503 #98: ST0 rt/chatter/std_msgs::msg::dds_::String_:{"Hello World: 98"}
1777481747.432607 [0]     talker:  => EVERYONE
1777481747.831736 [0]         gc: thread_cputime 0.002473000
1777481748.432004 [0]        tev: thread_cputime 0.041485000
1777481748.432329 [0]     talker: write_sample 110ce4e:83e26d0:2ed73607:603 #99: ST0 rt/rosout/rcl_interfaces::msg::dds_::Log_:{{1777481748,432095448},20,"talker","Publishing: 'Hello World: 99'","/opt/ros/humble/src/demos/demo_nodes_cpp/src/topics/talker.cpp","operator()",47}
1777481748.432462 [0]     talker:  => EVERYONE
1777481748.432579 [0]     talker: write_sample 110ce4e:83e26d0:2ed73607:1503 #99: ST0 rt/chatter/std_msgs::msg::dds_::String_:{"Hello World: 99"}
1777481748.432632 [0]     talker:  => EVERYONE
1777481749.432405 [0]     talker: write_sample 110ce4e:83e26d0:2ed73607:603 #100: ST0 rt/rosout/rcl_interfaces::msg::dds_::Log_:{{1777481749,432237834},20,"talker","Publishing: 'Hello World: 100'","/opt/ros/humble/src/demos/demo_nodes_cpp/src/topics/talker.cpp","operator()",47}
1777481749.432583 [0]     talker:  => EVERYONE
1777481749.432674 [0]     talker: write_sample 110ce4e:83e26d0:2ed73607:1503 #100: ST0 rt/chatter/std_msgs::msg::dds_::String_:{"Hello World: 100"}
1777481749.432727 [0]     talker:  => EVERYONE
1777481750.432012 [0]        tev: thread_cputime 0.041880000
1777481750.432507 [0]     talker: write_sample 110ce4e:83e26d0:2ed73607:603 #101: ST0 rt/rosout/rcl_interfaces::msg::dds_::Log_:{{1777481750,432338091},20,"talker","Publishing: 'Hello World: 101'","/opt/ros/humble/src/demos/demo_nodes_cpp/src/topics/talker.cpp","operator()",47}
1777481750.432593 [0]     talker:  => EVERYONE
1777481750.432698 [0]     talker: write_sample 110ce4e:83e26d0:2ed73607:1503 #101: ST0 rt/chatter/std_msgs::msg::dds_::String_:{"Hello World: 101"}
1777481750.432732 [0]     talker:  => EVERYONE
1777481751.432433 [0]     talker: write_sample 110ce4e:83e26d0:2ed73607:603 #102: ST0 rt/rosout/rcl_interfaces::msg::dds_::Log_:{{1777481751,432245777},20,"talker","Publishing: 'Hello World: 102'","/opt/ros/humble/src/demos/demo_nodes_cpp/src/topics/talker.cpp","operator()",47}
1777481751.432640 [0]     talker:  => EVERYONE
1777481751.432726 [0]     talker: write_sample 110ce4e:83e26d0:2ed73607:1503 #102: ST0 rt/chatter/std_msgs::msg::dds_::String_:{"Hello World: 102"}
1777481751.432801 [0]     talker:  => EVERYONE
1777481752.432052 [0]        tev: thread_cputime 0.042177000
1777481752.432464 [0]     talker: write_sample 110ce4e:83e26d0:2ed73607:603 #103: ST0 rt/rosout/rcl_interfaces::msg::dds_::Log_:{{1777481752,432320847},20,"talker","Publishing: 'Hello World: 103'","/opt/ros/humble/src/demos/demo_nodes_cpp/src/topics/talker.cpp","operator()",47}
1777481752.432553 [0]     talker:  => EVERYONE
1777481752.432650 [0]     talker: write_sample 110ce4e:83e26d0:2ed73607:1503 #103: ST0 rt/chatter/std_msgs::msg::dds_::String_:{"Hello World: 103"}
1777481752.432697 [0]     talker:  => EVERYONE
1777481753.384775 [0]        tev: write_sample 110ce4e:83e26d0:2ed73607:200c2 #14: ST0 DCPSParticipantMessage/ParticipantMessageData:{110ce4e:83e26d0:2ed73607:1}:1<0>
1777481753.384922 [0]        tev: xpack_addmsg 0xffffa4001390 0xaaaaf5c36300 0(data(110ce4e:83e26d0:2ed73607:200c2:#14/1)): niov 0 sz 0 => now niov 3 sz 84
1777481753.384964 [0]        tev: writer_hbcontrol: wr 110ce4e:83e26d0:2ed73607:200c2 multicasting (rel-prd 1 seq-eq-max 1 seq 14 maxseq 13)
1777481753.385025 [0]        tev: heartbeat(wr 110ce4e:83e26d0:2ed73607:200c2) piggybacked, resched in 0.1 s (min-ack 13, avail-seq 14, xmit 13)
1777481753.385057 [0]        tev: xpack_addmsg 0xffffa4001390 0xaaaaf5c2f010 0(control): niov 3 sz 84 => now niov 4 sz 116
1777481753.385328 [0]        tev: nn_xpack_send 116: 0xffffa400139c:20 0xaaaaf5c363f8:36 0xffffa40027ec:28 0xaaaaf5c2f108:32 [ udp/192.168.50.95:42984@3 ]
1777481753.385381 [0]        tev: traffic-xmit (1) 116
1777481753.385443 [0]        tev: resched pmd(110ce4e:83e26d0:2ed73607:1c1): 8s
1777481753.385550 [0]     recvUC: HDR(110cfe5:7645227d:5dd75df7 vendor 1.16) len 64 from udp/192.168.50.95:47636
1777481753.385597 [0]     recvUC: INFODST(110ce4e:83e26d0:2ed73607)
1777481753.385693 [0]     recvUC: ACKNACK(F#17:15/0: L(:1c1 2873.967331) 110cfe5:7645227d:5dd75df7:200c7 -> 110ce4e:83e26d0:2ed73607:200c2 ACK1 RM0)
1777481753.385729 [0]     recvUC: thread_cputime 0.020176000
1777481753.432125 [0]        tev: thread_cputime 0.043073000
1777481753.432602 [0]     talker: write_sample 110ce4e:83e26d0:2ed73607:603 #104: ST0 rt/rosout/rcl_interfaces::msg::dds_::Log_:{{1777481753,432334361},20,"talker","Publishing: 'Hello World: 104'","/opt/ros/humble/src/demos/demo_nodes_cpp/src/topics/talker.cpp","operator()",47}
1777481753.432763 [0]     talker:  => EVERYONE
1777481753.432889 [0]     talker: write_sample 110ce4e:83e26d0:2ed73607:1503 #104: ST0 rt/chatter/std_msgs::msg::dds_::String_:{"Hello World: 104"}
1777481753.432934 [0]     talker:  => EVERYONE
1777481753.484739 [0]        tev: non-timed queue now has 1 items
1777481753.484887 [0]        tev: xmit spdp 110ce4e:83e26d0:2ed73607:1c1 to 0:0:0:100c7 (resched 8s)
1777481753.484940 [0]        tev: heartbeat(wr 110ce4e:83e26d0:2ed73607:200c2) suppressed, resched in inf s (min-ack 14, avail-seq 14, xmit 14)
1777481753.484990 [0]        tev: xpack_addmsg 0xffffa4001390 0xaaaaf5c36300 0(data(0:0:0:0:#0/1)): niov 0 sz 0 => now niov 3 sz 324
1777481753.485219 [0]       recv: HDR(110ce4e:83e26d0:2ed73607 vendor 1.16) len 324 from udp/192.168.50.95:60698
1777481753.485256 [0]       recv: INFOTS(1777481649.382771377)
1777481753.485334 [0]       recv: DATA(110ce4e:83e26d0:2ed73607:100c2 -> 0:0:0:0 #1)
1777481753.485374 [0]       recv: thread_cputime 0.003927000
1777481753.485507 [0] dq.builtin: data(builtin, vendor 1.16): 0:0:0:0 #1: ST0 /ParticipantBuiltinTopicData:{user_data=10<"enclave=/;">,protocol_version=2:1,vendorid=1:16,participant_lease_duration=10000000000,participant_guid={110ce4e:83e26d0:2ed73607:1c1},builtin_endpoint_set=3135,domain_id=0,default_unicast_locator={udp/192.168.50.95:59056},default_multicast_locator={udp/239.255.0.1:7401},metatraffic_unicast_locator={udp/192.168.50.95:59056},metatraffic_multicast_locator={udp/239.255.0.1:7400},adlink_participant_version_info=0:44:0:0:0:"ubuntu/0.9.1/Linux/Linux",cyclone_receive_buffer_size=425984}
1777481753.485551 [0] dq.builtin: SPDP ST0 110ce4e:83e26d0:2ed73607:1c1 (local)
1777481753.485676 [0] dq.builtin: thread_cputime 0.013369000
1777481753.485778 [0]        tev: nn_xpack_send 324: 0xffffa400139c:20 0xaaaaf5c363f8:36 0xaaaaf5be5864:268 [ udp/239.255.0.1:7400@3 ]
1777481753.485814 [0]        tev: traffic-xmit (1) 324
1777481753.732273 [0]     recvUC: HDR(110cfe5:7645227d:5dd75df7 vendor 1.16) len 116 from udp/192.168.50.95:47636
1777481753.732392 [0]     recvUC: INFOTS(1777481753.732047736)
1777481753.732444 [0]     recvUC: DATA(110cfe5:7645227d:5dd75df7:200c2 -> 0:0:0:0 #105 L(:1c1 2874.314122))
1777481753.732496 [0]     recvUC: HEARTBEAT(#19:105..105 110cfe5:7645227d:5dd75df7:200c2 -> 0:0:0:0: 110ce4e:83e26d0:2ed73607:200c7@105(sync))
1777481753.732585 [0]        tev: acknack 110ce4e:83e26d0:2ed73607:200c7 -> 110cfe5:7645227d:5dd75df7:200c2: F#16:106/0:
1777481753.732646 [0] dq.builtin: data(builtin, vendor 1.16): 110cfe5:7645227d:5dd75df7:200c2 #105: ST0 DCPSParticipantMessage/ParticipantMessageData:{110cfe5:7645227d:5dd75df7:1}:1<0>
1777481753.732754 [0] dq.builtin:  PMD ST0 pp 110cfe5:7645227d:5dd75df7 kind 1 data 1
1777481753.732673 [0]        tev: send acknack(rd 110ce4e:83e26d0:2ed73607:200c7 -> pwr 110cfe5:7645227d:5dd75df7:200c2)
1777481753.732852 [0]        tev: xpack_addmsg 0xffffa4001390 0xaaaaf5c36300 0(control): niov 0 sz 0 => now niov 2 sz 64
1777481753.732981 [0]        tev: nn_xpack_send 64: 0xffffa400139c:20 0xaaaaf5c363e8:44 [ udp/192.168.50.95:42984@3 ]
1777481753.733023 [0]        tev: traffic-xmit (1) 64
1777481753.830663 [0]       recv: HDR(110cfe5:7645227d:5dd75df7 vendor 1.16) len 324 from udp/192.168.50.95:47636
1777481753.830778 [0]       recv: INFOTS(1777480921.718474635)
1777481753.830833 [0]       recv: DATA(110cfe5:7645227d:5dd75df7:100c2 -> 0:0:0:0 #1)
1777481753.831066 [0] dq.builtin: data(builtin, vendor 1.16): 0:0:0:0 #1: ST0 /ParticipantBuiltinTopicData:{user_data=10<"enclave=/;">,protocol_version=2:1,vendorid=1:16,participant_lease_duration=10000000000,participant_guid={110cfe5:7645227d:5dd75df7:1c1},builtin_endpoint_set=3135,domain_id=0,default_unicast_locator={udp/192.168.50.95:42984},default_multicast_locator={udp/239.255.0.1:7401},metatraffic_unicast_locator={udp/192.168.50.95:42984},metatraffic_multicast_locator={udp/239.255.0.1:7400},adlink_participant_version_info=0:44:0:0:0:"ubuntu/0.9.1/Linux/Linux",cyclone_receive_buffer_size=425984}
1777481753.831330 [0] dq.builtin: SPDP ST0 110cfe5:7645227d:5dd75df7:1c1 (known) L(:1c1 2874.413042)
1777481754.432205 [0]        tev: thread_cputime 0.044377000
1777481754.432622 [0]     talker: write_sample 110ce4e:83e26d0:2ed73607:603 #105: ST0 rt/rosout/rcl_interfaces::msg::dds_::Log_:{{1777481754,432419767},20,"talker","Publishing: 'Hello World: 105'","/opt/ros/humble/src/demos/demo_nodes_cpp/src/topics/talker.cpp","operator()",47}
1777481754.432685 [0]     talker:  => EVERYONE
1777481754.432771 [0]     talker: write_sample 110ce4e:83e26d0:2ed73607:1503 #105: ST0 rt/chatter/std_msgs::msg::dds_::String_:{"Hello World: 105"}
1777481754.432801 [0]     talker:  => EVERYONE
1777481755.432199 [0]        tev: thread_cputime 0.044686000
1777481755.432539 [0]     talker: write_sample 110ce4e:83e26d0:2ed73607:603 #106: ST0 rt/rosout/rcl_interfaces::msg::dds_::Log_:{{1777481755,432398014},20,"talker","Publishing: 'Hello World: 106'","/opt/ros/humble/src/demos/demo_nodes_cpp/src/topics/talker.cpp","operator()",47}
1777481755.432599 [0]     talker:  => EVERYONE
1777481755.432670 [0]     talker: write_sample 110ce4e:83e26d0:2ed73607:1503 #106: ST0 rt/chatter/std_msgs::msg::dds_::String_:{"Hello World: 106"}
1777481755.432718 [0]     talker:  => EVERYONE
1777481755.831305 [0]         gc: thread_cputime 0.002473000
1777481756.432229 [0]        tev: thread_cputime 0.044906000
1777481756.432590 [0]     talker: write_sample 110ce4e:83e26d0:2ed73607:603 #107: ST0 rt/rosout/rcl_interfaces::msg::dds_::Log_:{{1777481756,432452378},20,"talker","Publishing: 'Hello World: 107'","/opt/ros/humble/src/demos/demo_nodes_cpp/src/topics/talker.cpp","operator()",47}
1777481756.432657 [0]     talker:  => EVERYONE
1777481756.432727 [0]     talker: write_sample 110ce4e:83e26d0:2ed73607:1503 #107: ST0 rt/chatter/std_msgs::msg::dds_::String_:{"Hello World: 107"}
1777481756.432755 [0]     talker:  => EVERYONE
1777481757.432400 [0]        tev: thread_cputime 0.045112000
1777481757.432663 [0]     talker: write_sample 110ce4e:83e26d0:2ed73607:603 #108: ST0 rt/rosout/rcl_interfaces::msg::dds_::Log_:{{1777481757,432509701},20,"talker","Publishing: 'Hello World: 108'","/opt/ros/humble/src/demos/demo_nodes_cpp/src/topics/talker.cpp","operator()",47}
1777481757.432723 [0]     talker:  => EVERYONE
1777481757.432802 [0]     talker: write_sample 110ce4e:83e26d0:2ed73607:1503 #108: ST0 rt/chatter/std_msgs::msg::dds_::String_:{"Hello World: 108"}
1777481757.432839 [0]     talker:  => EVERYONE
1777481758.432474 [0]        tev: thread_cputime 0.045380000
1777481758.432922 [0]     talker: write_sample 110ce4e:83e26d0:2ed73607:603 #109: ST0 rt/rosout/rcl_interfaces::msg::dds_::Log_:{{1777481758,432725544},20,"talker","Publishing: 'Hello World: 109'","/opt/ros/humble/src/demos/demo_nodes_cpp/src/topics/talker.cpp","operator()",47}
1777481758.432993 [0]     talker:  => EVERYONE
1777481758.433066 [0]     talker: write_sample 110ce4e:83e26d0:2ed73607:1503 #109: ST0 rt/chatter/std_msgs::msg::dds_::String_:{"Hello World: 109"}
1777481758.433095 [0]     talker:  => EVERYONE
1777481759.432593 [0]        tev: thread_cputime 0.045639000
1777481759.432958 [0]     talker: write_sample 110ce4e:83e26d0:2ed73607:603 #110: ST0 rt/rosout/rcl_interfaces::msg::dds_::Log_:{{1777481759,432692654},20,"talker","Publishing: 'Hello World: 110'","/opt/ros/humble/src/demos/demo_nodes_cpp/src/topics/talker.cpp","operator()",47}
1777481759.433045 [0]     talker:  => EVERYONE
1777481759.433194 [0]     talker: write_sample 110ce4e:83e26d0:2ed73607:1503 #110: ST0 rt/chatter/std_msgs::msg::dds_::String_:{"Hello World: 110"}
1777481759.433316 [0]     talker:  => EVERYONE
1777481760.432631 [0]        tev: thread_cputime 0.045985000
1777481760.432932 [0]     talker: write_sample 110ce4e:83e26d0:2ed73607:603 #111: ST0 rt/rosout/rcl_interfaces::msg::dds_::Log_:{{1777481760,432711014},20,"talker","Publishing: 'Hello World: 111'","/opt/ros/humble/src/demos/demo_nodes_cpp/src/topics/talker.cpp","operator()",47}
1777481760.432987 [0]     talker:  => EVERYONE
1777481760.433057 [0]     talker: write_sample 110ce4e:83e26d0:2ed73607:1503 #111: ST0 rt/chatter/std_msgs::msg::dds_::String_:{"Hello World: 111"}
1777481760.433084 [0]     talker:  => EVERYONE
1777481761.384940 [0]        tev: write_sample 110ce4e:83e26d0:2ed73607:200c2 #15: ST0 DCPSParticipantMessage/ParticipantMessageData:{110ce4e:83e26d0:2ed73607:1}:1<0>
1777481761.385138 [0]        tev: xpack_addmsg 0xffffa4001390 0xaaaaf5c36300 0(data(110ce4e:83e26d0:2ed73607:200c2:#15/1)): niov 0 sz 0 => now niov 3 sz 84
1777481761.385243 [0]        tev: writer_hbcontrol: wr 110ce4e:83e26d0:2ed73607:200c2 multicasting (rel-prd 1 seq-eq-max 1 seq 15 maxseq 14)
1777481761.385283 [0]        tev: heartbeat(wr 110ce4e:83e26d0:2ed73607:200c2) piggybacked, resched in 0.1 s (min-ack 14, avail-seq 15, xmit 14)
1777481761.385355 [0]        tev: xpack_addmsg 0xffffa4001390 0xaaaaf5c2f010 0(control): niov 3 sz 84 => now niov 4 sz 116
1777481761.385826 [0]        tev: nn_xpack_send 116: 0xffffa400139c:20 0xaaaaf5c363f8:36 0xffffa40014dc:28 0xaaaaf5c2f108:32 [ udp/192.168.50.95:42984@3 ]
1777481761.385930 [0]        tev: traffic-xmit (1) 116
1777481761.385978 [0]        tev: resched pmd(110ce4e:83e26d0:2ed73607:1c1): 8s
1777481761.386023 [0]     recvUC: HDR(110cfe5:7645227d:5dd75df7 vendor 1.16) len 64 from udp/192.168.50.95:47636
1777481761.386154 [0]     recvUC: INFODST(110ce4e:83e26d0:2ed73607)
1777481761.386414 [0]     recvUC: ACKNACK(F#18:16/0: L(:1c1 2881.967883) 110cfe5:7645227d:5dd75df7:200c7 -> 110ce4e:83e26d0:2ed73607:200c2 ACK1 RM0)
1777481761.386482 [0]     recvUC: thread_cputime 0.020176000
1777481761.432836 [0]     talker: write_sample 110ce4e:83e26d0:2ed73607:603 #112: ST0 rt/rosout/rcl_interfaces::msg::dds_::Log_:{{1777481761,432698637},20,"talker","Publishing: 'Hello World: 112'","/opt/ros/humble/src/demos/demo_nodes_cpp/src/topics/talker.cpp","operator()",47}
1777481761.432989 [0]     talker:  => EVERYONE
1777481761.433108 [0]     talker: write_sample 110ce4e:83e26d0:2ed73607:1503 #112: ST0 rt/chatter/std_msgs::msg::dds_::String_:{"Hello World: 112"}
1777481761.433151 [0]     talker:  => EVERYONE
1777481761.484877 [0]        tev: thread_cputime 0.047328000
1777481761.485155 [0]        tev: non-timed queue now has 1 items
1777481761.485284 [0]        tev: xmit spdp 110ce4e:83e26d0:2ed73607:1c1 to 0:0:0:100c7 (resched 8s)
1777481761.485363 [0]        tev: heartbeat(wr 110ce4e:83e26d0:2ed73607:200c2) suppressed, resched in inf s (min-ack 15, avail-seq 15, xmit 15)
1777481761.485517 [0]        tev: xpack_addmsg 0xffffa4001390 0xaaaaf5c36300 0(data(0:0:0:0:#0/1)): niov 0 sz 0 => now niov 3 sz 324
1777481761.485878 [0]       recv: HDR(110ce4e:83e26d0:2ed73607 vendor 1.16) len 324 from udp/192.168.50.95:60698
1777481761.485962 [0]       recv: INFOTS(1777481649.382771377)
1777481761.486027 [0]       recv: DATA(110ce4e:83e26d0:2ed73607:100c2 -> 0:0:0:0 #1)
1777481761.486068 [0]       recv: thread_cputime 0.004301000
1777481761.486216 [0] dq.builtin: data(builtin, vendor 1.16): 0:0:0:0 #1: ST0 /ParticipantBuiltinTopicData:{user_data=10<"enclave=/;">,protocol_version=2:1,vendorid=1:16,participant_lease_duration=10000000000,participant_guid={110ce4e:83e26d0:2ed73607:1c1},builtin_endpoint_set=3135,domain_id=0,default_unicast_locator={udp/192.168.50.95:59056},default_multicast_locator={udp/239.255.0.1:7401},metatraffic_unicast_locator={udp/192.168.50.95:59056},metatraffic_multicast_locator={udp/239.255.0.1:7400},adlink_participant_version_info=0:44:0:0:0:"ubuntu/0.9.1/Linux/Linux",cyclone_receive_buffer_size=425984}
1777481761.486362 [0] dq.builtin: SPDP ST0 110ce4e:83e26d0:2ed73607:1c1 (local)
1777481761.486469 [0] dq.builtin: thread_cputime 0.014105000
1777481761.486558 [0]        tev: nn_xpack_send 324: 0xffffa400139c:20 0xaaaaf5c363f8:36 0xaaaaf5be5864:268 [ udp/239.255.0.1:7400@3 ]
1777481761.486591 [0]        tev: traffic-xmit (1) 324
1777481761.732332 [0]     recvUC: HDR(110cfe5:7645227d:5dd75df7 vendor 1.16) len 116 from udp/192.168.50.95:47636
1777481761.732456 [0]     recvUC: INFOTS(1777481761.732136919)
1777481761.732532 [0]     recvUC: DATA(110cfe5:7645227d:5dd75df7:200c2 -> 0:0:0:0 #106 L(:1c1 2882.314186))
1777481761.732604 [0]     recvUC: HEARTBEAT(#20:106..106 110cfe5:7645227d:5dd75df7:200c2 -> 0:0:0:0: 110ce4e:83e26d0:2ed73607:200c7@106(sync))
1777481761.732704 [0] dq.builtin: data(builtin, vendor 1.16): 110cfe5:7645227d:5dd75df7:200c2 #106: ST0 DCPSParticipantMessage/ParticipantMessageData:{110cfe5:7645227d:5dd75df7:1}:1<0>
1777481761.732737 [0] dq.builtin:  PMD ST0 pp 110cfe5:7645227d:5dd75df7 kind 1 data 1
1777481761.732809 [0]        tev: acknack 110ce4e:83e26d0:2ed73607:200c7 -> 110cfe5:7645227d:5dd75df7:200c2: F#17:107/0:
1777481761.732857 [0]        tev: send acknack(rd 110ce4e:83e26d0:2ed73607:200c7 -> pwr 110cfe5:7645227d:5dd75df7:200c2)
1777481761.732890 [0]        tev: xpack_addmsg 0xffffa4001390 0xaaaaf5c36300 0(control): niov 0 sz 0 => now niov 2 sz 64
1777481761.732993 [0]        tev: nn_xpack_send 64: 0xffffa400139c:20 0xaaaaf5c363e8:44 [ udp/192.168.50.95:42984@3 ]
1777481761.733030 [0]        tev: traffic-xmit (1) 64
1777481761.830798 [0]       recv: HDR(110cfe5:7645227d:5dd75df7 vendor 1.16) len 324 from udp/192.168.50.95:47636
1777481761.830915 [0]       recv: INFOTS(1777480921.718474635)
1777481761.830997 [0]       recv: DATA(110cfe5:7645227d:5dd75df7:100c2 -> 0:0:0:0 #1)
1777481761.831112 [0] dq.builtin: data(builtin, vendor 1.16): 0:0:0:0 #1: ST0 /ParticipantBuiltinTopicData:{user_data=10<"enclave=/;">,protocol_version=2:1,vendorid=1:16,participant_lease_duration=10000000000,participant_guid={110cfe5:7645227d:5dd75df7:1c1},builtin_endpoint_set=3135,domain_id=0,default_unicast_locator={udp/192.168.50.95:42984},default_multicast_locator={udp/239.255.0.1:7401},metatraffic_unicast_locator={udp/192.168.50.95:42984},metatraffic_multicast_locator={udp/239.255.0.1:7400},adlink_participant_version_info=0:44:0:0:0:"ubuntu/0.9.1/Linux/Linux",cyclone_receive_buffer_size=425984}
1777481761.831161 [0] dq.builtin: SPDP ST0 110cfe5:7645227d:5dd75df7:1c1 (known) L(:1c1 2882.412892)
1777481762.433079 [0]     talker: write_sample 110ce4e:83e26d0:2ed73607:603 #113: ST0 rt/rosout/rcl_interfaces::msg::dds_::Log_:{{1777481762,432837803},20,"talker","Publishing: 'Hello World: 113'","/opt/ros/humble/src/demos/demo_nodes_cpp/src/topics/talker.cpp","operator()",47}
1777481762.433255 [0]     talker:  => EVERYONE
1777481762.433367 [0]     talker: write_sample 110ce4e:83e26d0:2ed73607:1503 #113: ST0 rt/chatter/std_msgs::msg::dds_::String_:{"Hello World: 113"}
1777481762.433424 [0]     talker:  => EVERYONE
1777481763.432693 [0]        tev: thread_cputime 0.048385000
1777481763.433038 [0]     talker: write_sample 110ce4e:83e26d0:2ed73607:603 #114: ST0 rt/rosout/rcl_interfaces::msg::dds_::Log_:{{1777481763,432852307},20,"talker","Publishing: 'Hello World: 114'","/opt/ros/humble/src/demos/demo_nodes_cpp/src/topics/talker.cpp","operator()",47}
1777481763.433149 [0]     talker:  => EVERYONE
1777481763.433272 [0]     talker: write_sample 110ce4e:83e26d0:2ed73607:1503 #114: ST0 rt/chatter/std_msgs::msg::dds_::String_:{"Hello World: 114"}
1777481763.433323 [0]     talker:  => EVERYONE
1777481763.831640 [0]         gc: thread_cputime 0.002473000
1777481764.432824 [0]        tev: thread_cputime 0.048599000
1777481764.433311 [0]     talker: write_sample 110ce4e:83e26d0:2ed73607:603 #115: ST0 rt/rosout/rcl_interfaces::msg::dds_::Log_:{{1777481764,433006546},20,"talker","Publishing: 'Hello World: 115'","/opt/ros/humble/src/demos/demo_nodes_cpp/src/topics/talker.cpp","operator()",47}
1777481764.433466 [0]     talker:  => EVERYONE
1777481764.433627 [0]     talker: write_sample 110ce4e:83e26d0:2ed73607:1503 #115: ST0 rt/chatter/std_msgs::msg::dds_::String_:{"Hello World: 115"}
1777481764.433807 [0]     talker:  => EVERYONE
1777481765.433216 [0]     talker: write_sample 110ce4e:83e26d0:2ed73607:603 #116: ST0 rt/rosout/rcl_interfaces::msg::dds_::Log_:{{1777481765,433016506},20,"talker","Publishing: 'Hello World: 116'","/opt/ros/humble/src/demos/demo_nodes_cpp/src/topics/talker.cpp","operator()",47}
1777481765.433367 [0]     talker:  => EVERYONE
1777481765.433450 [0]     talker: write_sample 110ce4e:83e26d0:2ed73607:1503 #116: ST0 rt/chatter/std_msgs::msg::dds_::String_:{"Hello World: 116"}
1777481765.433480 [0]     talker:  => EVERYONE
1777481766.432720 [0]        tev: thread_cputime 0.049158000
1777481766.433251 [0]     talker: write_sample 110ce4e:83e26d0:2ed73607:603 #117: ST0 rt/rosout/rcl_interfaces::msg::dds_::Log_:{{1777481766,433033330},20,"talker","Publishing: 'Hello World: 117'","/opt/ros/humble/src/demos/demo_nodes_cpp/src/topics/talker.cpp","operator()",47}
1777481766.433392 [0]     talker:  => EVERYONE
1777481766.433635 [0]     talker: write_sample 110ce4e:83e26d0:2ed73607:1503 #117: ST0 rt/chatter/std_msgs::msg::dds_::String_:{"Hello World: 117"}
1777481766.433707 [0]     talker:  => EVERYONE
1777481767.432816 [0]        tev: thread_cputime 0.049545000
1777481767.433147 [0]     talker: write_sample 110ce4e:83e26d0:2ed73607:603 #118: ST0 rt/rosout/rcl_interfaces::msg::dds_::Log_:{{1777481767,433010584},20,"talker","Publishing: 'Hello World: 118'","/opt/ros/humble/src/demos/demo_nodes_cpp/src/topics/talker.cpp","operator()",47}
1777481767.433240 [0]     talker:  => EVERYONE
1777481767.433335 [0]     talker: write_sample 110ce4e:83e26d0:2ed73607:1503 #118: ST0 rt/chatter/std_msgs::msg::dds_::String_:{"Hello World: 118"}
1777481767.433393 [0]     talker:  => EVERYONE
1777481768.433064 [0]        tev: thread_cputime 0.049858000
1777481768.433371 [0]     talker: write_sample 110ce4e:83e26d0:2ed73607:603 #119: ST0 rt/rosout/rcl_interfaces::msg::dds_::Log_:{{1777481768,433142549},20,"talker","Publishing: 'Hello World: 119'","/opt/ros/humble/src/demos/demo_nodes_cpp/src/topics/talker.cpp","operator()",47}
1777481768.433450 [0]     talker:  => EVERYONE
1777481768.433571 [0]     talker: write_sample 110ce4e:83e26d0:2ed73607:1503 #119: ST0 rt/chatter/std_msgs::msg::dds_::String_:{"Hello World: 119"}
1777481768.433618 [0]     talker:  => EVERYONE
1777481769.385083 [0]        tev: write_sample 110ce4e:83e26d0:2ed73607:200c2 #16: ST0 DCPSParticipantMessage/ParticipantMessageData:{110ce4e:83e26d0:2ed73607:1}:1<0>
1777481769.385361 [0]        tev: xpack_addmsg 0xffffa4001390 0xaaaaf5c36300 0(data(110ce4e:83e26d0:2ed73607:200c2:#16/1)): niov 0 sz 0 => now niov 3 sz 84
1777481769.385450 [0]        tev: writer_hbcontrol: wr 110ce4e:83e26d0:2ed73607:200c2 multicasting (rel-prd 1 seq-eq-max 1 seq 16 maxseq 15)
1777481769.385543 [0]        tev: heartbeat(wr 110ce4e:83e26d0:2ed73607:200c2) piggybacked, resched in 0.1 s (min-ack 15, avail-seq 16, xmit 15)
1777481769.385659 [0]        tev: xpack_addmsg 0xffffa4001390 0xaaaaf5c2f010 0(control): niov 3 sz 84 => now niov 4 sz 116
1777481769.385940 [0]        tev: nn_xpack_send 116: 0xffffa400139c:20 0xaaaaf5c363f8:36 0xffffa40027ec:28 0xaaaaf5c2f108:32 [ udp/192.168.50.95:42984@3 ]
1777481769.386026 [0]        tev: traffic-xmit (1) 116
1777481769.386093 [0]        tev: resched pmd(110ce4e:83e26d0:2ed73607:1c1): 8s
1777481769.386686 [0]     recvUC: HDR(110cfe5:7645227d:5dd75df7 vendor 1.16) len 64 from udp/192.168.50.95:47636
1777481769.386781 [0]     recvUC: INFODST(110ce4e:83e26d0:2ed73607)
1777481769.386886 [0]     recvUC: ACKNACK(F#19:17/0: L(:1c1 2889.968505) 110cfe5:7645227d:5dd75df7:200c7 -> 110ce4e:83e26d0:2ed73607:200c2 ACK1 RM0)
1777481769.386960 [0]     recvUC: thread_cputime 0.020176000
1777481769.433409 [0]     talker: write_sample 110ce4e:83e26d0:2ed73607:603 #120: ST0 rt/rosout/rcl_interfaces::msg::dds_::Log_:{{1777481769,433176734},20,"talker","Publishing: 'Hello World: 120'","/opt/ros/humble/src/demos/demo_nodes_cpp/src/topics/talker.cpp","operator()",47}
1777481769.433666 [0]     talker:  => EVERYONE
1777481769.433847 [0]     talker: write_sample 110ce4e:83e26d0:2ed73607:1503 #120: ST0 rt/chatter/std_msgs::msg::dds_::String_:{"Hello World: 120"}
1777481769.433892 [0]     talker:  => EVERYONE
1777481769.484933 [0]        tev: thread_cputime 0.051411000
1777481769.485095 [0]        tev: non-timed queue now has 1 items
1777481769.485155 [0]        tev: xmit spdp 110ce4e:83e26d0:2ed73607:1c1 to 0:0:0:100c7 (resched 8s)
1777481769.485195 [0]        tev: heartbeat(wr 110ce4e:83e26d0:2ed73607:200c2) suppressed, resched in inf s (min-ack 16, avail-seq 16, xmit 16)
1777481769.485243 [0]        tev: xpack_addmsg 0xffffa4001390 0xaaaaf5c36300 0(data(0:0:0:0:#0/1)): niov 0 sz 0 => now niov 3 sz 324
1777481769.485513 [0]       recv: HDR(110ce4e:83e26d0:2ed73607 vendor 1.16) len 324 from udp/192.168.50.95:60698
1777481769.485577 [0]       recv: INFOTS(1777481649.382771377)
1777481769.485659 [0]       recv: DATA(110ce4e:83e26d0:2ed73607:100c2 -> 0:0:0:0 #1)
1777481769.485774 [0]       recv: thread_cputime 0.005072000
1777481769.485981 [0] dq.builtin: data(builtin, vendor 1.16): 0:0:0:0 #1: ST0 /ParticipantBuiltinTopicData:{user_data=10<"enclave=/;">,protocol_version=2:1,vendorid=1:16,participant_lease_duration=10000000000,participant_guid={110ce4e:83e26d0:2ed73607:1c1},builtin_endpoint_set=3135,domain_id=0,default_unicast_locator={udp/192.168.50.95:59056},default_multicast_locator={udp/239.255.0.1:7401},metatraffic_unicast_locator={udp/192.168.50.95:59056},metatraffic_multicast_locator={udp/239.255.0.1:7400},adlink_participant_version_info=0:44:0:0:0:"ubuntu/0.9.1/Linux/Linux",cyclone_receive_buffer_size=425984}
1777481769.486065 [0] dq.builtin: SPDP ST0 110ce4e:83e26d0:2ed73607:1c1 (local)
1777481769.486130 [0] dq.builtin: thread_cputime 0.014431000
1777481769.486247 [0]        tev: nn_xpack_send 324: 0xffffa400139c:20 0xaaaaf5c363f8:36 0xaaaaf5be5864:268 [ udp/239.255.0.1:7400@3 ]
1777481769.486406 [0]        tev: traffic-xmit (1) 324
1777481769.732688 [0]     recvUC: HDR(110cfe5:7645227d:5dd75df7 vendor 1.16) len 116 from udp/192.168.50.95:47636
1777481769.732894 [0]     recvUC: INFOTS(1777481769.732292338)
1777481769.732997 [0]     recvUC: DATA(110cfe5:7645227d:5dd75df7:200c2 -> 0:0:0:0 #107 L(:1c1 2890.314613))
1777481769.733123 [0]     recvUC: HEARTBEAT(#21:107..107 110cfe5:7645227d:5dd75df7:200c2 -> 0:0:0:0: 110ce4e:83e26d0:2ed73607:200c7@107(sync))
1777481769.733329 [0] dq.builtin: data(builtin, vendor 1.16): 110cfe5:7645227d:5dd75df7:200c2 #107: ST0 DCPSParticipantMessage/ParticipantMessageData:{110cfe5:7645227d:5dd75df7:1}:1<0>
1777481769.733409 [0] dq.builtin:  PMD ST0 pp 110cfe5:7645227d:5dd75df7 kind 1 data 1
1777481769.733535 [0]        tev: acknack 110ce4e:83e26d0:2ed73607:200c7 -> 110cfe5:7645227d:5dd75df7:200c2: F#18:108/0:
1777481769.733602 [0]        tev: send acknack(rd 110ce4e:83e26d0:2ed73607:200c7 -> pwr 110cfe5:7645227d:5dd75df7:200c2)
1777481769.733706 [0]        tev: xpack_addmsg 0xffffa4001390 0xaaaaf5c36300 0(control): niov 0 sz 0 => now niov 2 sz 64
1777481769.733881 [0]        tev: nn_xpack_send 64: 0xffffa400139c:20 0xaaaaf5c363e8:44 [ udp/192.168.50.95:42984@3 ]
1777481769.733957 [0]        tev: traffic-xmit (1) 64
1777481769.831032 [0]       recv: HDR(110cfe5:7645227d:5dd75df7 vendor 1.16) len 324 from udp/192.168.50.95:47636
1777481769.831227 [0]       recv: INFOTS(1777480921.718474635)
1777481769.831334 [0]       recv: DATA(110cfe5:7645227d:5dd75df7:100c2 -> 0:0:0:0 #1)
1777481769.831500 [0] dq.builtin: data(builtin, vendor 1.16): 0:0:0:0 #1: ST0 /ParticipantBuiltinTopicData:{user_data=10<"enclave=/;">,protocol_version=2:1,vendorid=1:16,participant_lease_duration=10000000000,participant_guid={110cfe5:7645227d:5dd75df7:1c1},builtin_endpoint_set=3135,domain_id=0,default_unicast_locator={udp/192.168.50.95:42984},default_multicast_locator={udp/239.255.0.1:7401},metatraffic_unicast_locator={udp/192.168.50.95:42984},metatraffic_multicast_locator={udp/239.255.0.1:7400},adlink_participant_version_info=0:44:0:0:0:"ubuntu/0.9.1/Linux/Linux",cyclone_receive_buffer_size=425984}
1777481769.831642 [0] dq.builtin: SPDP ST0 110cfe5:7645227d:5dd75df7:1c1 (known) L(:1c1 2890.413371)
1777481770.433514 [0]     talker: write_sample 110ce4e:83e26d0:2ed73607:603 #121: ST0 rt/rosout/rcl_interfaces::msg::dds_::Log_:{{1777481770,433243097},20,"talker","Publishing: 'Hello World: 121'","/opt/ros/humble/src/demos/demo_nodes_cpp/src/topics/talker.cpp","operator()",47}
1777481770.433719 [0]     talker:  => EVERYONE
1777481770.433851 [0]     talker: write_sample 110ce4e:83e26d0:2ed73607:1503 #121: ST0 rt/chatter/std_msgs::msg::dds_::String_:{"Hello World: 121"}
1777481770.433887 [0]     talker:  => EVERYONE
1777481771.432972 [0]        tev: thread_cputime 0.052799000
1777481771.433520 [0]     talker: write_sample 110ce4e:83e26d0:2ed73607:603 #122: ST0 rt/rosout/rcl_interfaces::msg::dds_::Log_:{{1777481771,433278530},20,"talker","Publishing: 'Hello World: 122'","/opt/ros/humble/src/demos/demo_nodes_cpp/src/topics/talker.cpp","operator()",47}
1777481771.433703 [0]     talker:  => EVERYONE
1777481771.433896 [0]     talker: write_sample 110ce4e:83e26d0:2ed73607:1503 #122: ST0 rt/chatter/std_msgs::msg::dds_::String_:{"Hello World: 122"}
1777481771.433930 [0]     talker:  => EVERYONE
1777481771.831572 [0]         gc: thread_cputime 0.002473000
1777481772.433157 [0]        tev: thread_cputime 0.053136000
1777481772.433571 [0]     talker: write_sample 110ce4e:83e26d0:2ed73607:603 #123: ST0 rt/rosout/rcl_interfaces::msg::dds_::Log_:{{1777481772,433349885},20,"talker","Publishing: 'Hello World: 123'","/opt/ros/humble/src/demos/demo_nodes_cpp/src/topics/talker.cpp","operator()",47}
1777481772.441774 [0]     talker:  => EVERYONE
1777481772.442031 [0]     talker: write_sample 110ce4e:83e26d0:2ed73607:1503 #123: ST0 rt/chatter/std_msgs::msg::dds_::String_:{"Hello World: 123"}
1777481772.442104 [0]     talker:  => EVERYONE
1777481773.433165 [0]        tev: thread_cputime 0.053405000
1777481773.433604 [0]     talker: write_sample 110ce4e:83e26d0:2ed73607:603 #124: ST0 rt/rosout/rcl_interfaces::msg::dds_::Log_:{{1777481773,433366341},20,"talker","Publishing: 'Hello World: 124'","/opt/ros/humble/src/demos/demo_nodes_cpp/src/topics/talker.cpp","operator()",47}
1777481773.433779 [0]     talker:  => EVERYONE
1777481773.433909 [0]     talker: write_sample 110ce4e:83e26d0:2ed73607:1503 #124: ST0 rt/chatter/std_msgs::msg::dds_::String_:{"Hello World: 124"}
1777481773.433963 [0]     talker:  => EVERYONE
1777481774.433433 [0]        tev: thread_cputime 0.053672000
1777481774.433621 [0]     talker: write_sample 110ce4e:83e26d0:2ed73607:603 #125: ST0 rt/rosout/rcl_interfaces::msg::dds_::Log_:{{1777481774,433445537},20,"talker","Publishing: 'Hello World: 125'","/opt/ros/humble/src/demos/demo_nodes_cpp/src/topics/talker.cpp","operator()",47}
1777481774.433703 [0]     talker:  => EVERYONE
1777481774.433797 [0]     talker: write_sample 110ce4e:83e26d0:2ed73607:1503 #125: ST0 rt/chatter/std_msgs::msg::dds_::String_:{"Hello World: 125"}
1777481774.433827 [0]     talker:  => EVERYONE
1777481775.433746 [0]     talker: write_sample 110ce4e:83e26d0:2ed73607:603 #126: ST0 rt/rosout/rcl_interfaces::msg::dds_::Log_:{{1777481775,433495692},20,"talker","Publishing: 'Hello World: 126'","/opt/ros/humble/src/demos/demo_nodes_cpp/src/topics/talker.cpp","operator()",47}
1777481775.433968 [0]     talker:  => EVERYONE
1777481775.434095 [0]     talker: write_sample 110ce4e:83e26d0:2ed73607:1503 #126: ST0 rt/chatter/std_msgs::msg::dds_::String_:{"Hello World: 126"}
1777481775.434128 [0]     talker:  => EVERYONE
1777481776.433364 [0]        tev: thread_cputime 0.054009000
1777481776.434253 [0]     talker: write_sample 110ce4e:83e26d0:2ed73607:603 #127: ST0 rt/rosout/rcl_interfaces::msg::dds_::Log_:{{1777481776,433472099},20,"talker","Publishing: 'Hello World: 127'","/opt/ros/humble/src/demos/demo_nodes_cpp/src/topics/talker.cpp","operator()",47}
1777481776.434448 [0]     talker:  => EVERYONE
1777481776.434609 [0]     talker: write_sample 110ce4e:83e26d0:2ed73607:1503 #127: ST0 rt/chatter/std_msgs::msg::dds_::String_:{"Hello World: 127"}
1777481776.434729 [0]     talker:  => EVERYONE
1777481777.385200 [0]        tev: write_sample 110ce4e:83e26d0:2ed73607:200c2 #17: ST0 DCPSParticipantMessage/ParticipantMessageData:{110ce4e:83e26d0:2ed73607:1}:1<0>
1777481777.385444 [0]        tev: xpack_addmsg 0xffffa4001390 0xaaaaf5c36300 0(data(110ce4e:83e26d0:2ed73607:200c2:#17/1)): niov 0 sz 0 => now niov 3 sz 84
1777481777.385518 [0]        tev: writer_hbcontrol: wr 110ce4e:83e26d0:2ed73607:200c2 multicasting (rel-prd 1 seq-eq-max 1 seq 17 maxseq 16)
1777481777.385583 [0]        tev: heartbeat(wr 110ce4e:83e26d0:2ed73607:200c2) piggybacked, resched in 0.1 s (min-ack 16, avail-seq 17, xmit 16)
1777481777.385680 [0]        tev: xpack_addmsg 0xffffa4001390 0xaaaaf5c2f010 0(control): niov 3 sz 84 => now niov 4 sz 116
1777481777.385879 [0]        tev: nn_xpack_send 116: 0xffffa400139c:20 0xaaaaf5c363f8:36 0xffffa40014dc:28 0xaaaaf5c2f108:32 [ udp/192.168.50.95:42984@3 ]
1777481777.385943 [0]        tev: traffic-xmit (1) 116
1777481777.386378 [0]        tev: resched pmd(110ce4e:83e26d0:2ed73607:1c1): 8s
1777481777.386404 [0]     recvUC: HDR(110cfe5:7645227d:5dd75df7 vendor 1.16) len 64 from udp/192.168.50.95:47636
1777481777.386582 [0]     recvUC: INFODST(110ce4e:83e26d0:2ed73607)
1777481777.386674 [0]     recvUC: ACKNACK(F#20:18/0: L(:1c1 2897.968302) 110cfe5:7645227d:5dd75df7:200c7 -> 110ce4e:83e26d0:2ed73607:200c2 ACK1 RM0)
1777481777.386771 [0]     recvUC: thread_cputime 0.020176000
1777481777.433797 [0]     talker: write_sample 110ce4e:83e26d0:2ed73607:603 #128: ST0 rt/rosout/rcl_interfaces::msg::dds_::Log_:{{1777481777,433566161},20,"talker","Publishing: 'Hello World: 128'","/opt/ros/humble/src/demos/demo_nodes_cpp/src/topics/talker.cpp","operator()",47}
1777481777.433959 [0]     talker:  => EVERYONE
1777481777.442456 [0]     talker: write_sample 110ce4e:83e26d0:2ed73607:1503 #128: ST0 rt/chatter/std_msgs::msg::dds_::String_:{"Hello World: 128"}
1777481777.442588 [0]     talker:  => EVERYONE
1777481777.485076 [0]        tev: thread_cputime 0.055378000
1777481777.485380 [0]        tev: non-timed queue now has 1 items
1777481777.485444 [0]        tev: xmit spdp 110ce4e:83e26d0:2ed73607:1c1 to 0:0:0:100c7 (resched 8s)
1777481777.485492 [0]        tev: heartbeat(wr 110ce4e:83e26d0:2ed73607:200c2) suppressed, resched in inf s (min-ack 17, avail-seq 17, xmit 17)
1777481777.485531 [0]        tev: xpack_addmsg 0xffffa4001390 0xaaaaf5c36300 0(data(0:0:0:0:#0/1)): niov 0 sz 0 => now niov 3 sz 324
1777481777.485876 [0]       recv: HDR(110ce4e:83e26d0:2ed73607 vendor 1.16) len 324 from udp/192.168.50.95:60698
1777481777.485918 [0]       recv: INFOTS(1777481649.382771377)
1777481777.485971 [0]       recv: DATA(110ce4e:83e26d0:2ed73607:100c2 -> 0:0:0:0 #1)
1777481777.486006 [0]       recv: thread_cputime 0.005662000
1777481777.486053 [0] dq.builtin: data(builtin, vendor 1.16): 0:0:0:0 #1: ST0 /ParticipantBuiltinTopicData:{user_data=10<"enclave=/;">,protocol_version=2:1,vendorid=1:16,participant_lease_duration=10000000000,participant_guid={110ce4e:83e26d0:2ed73607:1c1},builtin_endpoint_set=3135,domain_id=0,default_unicast_locator={udp/192.168.50.95:59056},default_multicast_locator={udp/239.255.0.1:7401},metatraffic_unicast_locator={udp/192.168.50.95:59056},metatraffic_multicast_locator={udp/239.255.0.1:7400},adlink_participant_version_info=0:44:0:0:0:"ubuntu/0.9.1/Linux/Linux",cyclone_receive_buffer_size=425984}
1777481777.486092 [0] dq.builtin: SPDP ST0 110ce4e:83e26d0:2ed73607:1c1 (local)
1777481777.486136 [0] dq.builtin: thread_cputime 0.015025000
1777481777.486176 [0]        tev: nn_xpack_send 324: 0xffffa400139c:20 0xaaaaf5c363f8:36 0xaaaaf5be5864:268 [ udp/239.255.0.1:7400@3 ]
1777481777.486203 [0]        tev: traffic-xmit (1) 324
1777481777.732761 [0]     recvUC: HDR(110cfe5:7645227d:5dd75df7 vendor 1.16) len 116 from udp/192.168.50.95:47636
1777481777.732950 [0]     recvUC: INFOTS(1777481777.732411601)
1777481777.733022 [0]     recvUC: DATA(110cfe5:7645227d:5dd75df7:200c2 -> 0:0:0:0 #108 L(:1c1 2898.314676))
1777481777.733097 [0]     recvUC: HEARTBEAT(#22:108..108 110cfe5:7645227d:5dd75df7:200c2 -> 0:0:0:0: 110ce4e:83e26d0:2ed73607:200c7@108(sync))
1777481777.733334 [0] dq.builtin: data(builtin, vendor 1.16): 110cfe5:7645227d:5dd75df7:200c2 #108: ST0 DCPSParticipantMessage/ParticipantMessageData:{110cfe5:7645227d:5dd75df7:1}:1<0>
1777481777.733378 [0] dq.builtin:  PMD ST0 pp 110cfe5:7645227d:5dd75df7 kind 1 data 1
1777481777.733477 [0]        tev: acknack 110ce4e:83e26d0:2ed73607:200c7 -> 110cfe5:7645227d:5dd75df7:200c2: F#19:109/0:
1777481777.733514 [0]        tev: send acknack(rd 110ce4e:83e26d0:2ed73607:200c7 -> pwr 110cfe5:7645227d:5dd75df7:200c2)
1777481777.733560 [0]        tev: xpack_addmsg 0xffffa4001390 0xaaaaf5c36300 0(control): niov 0 sz 0 => now niov 2 sz 64
1777481777.733750 [0]        tev: nn_xpack_send 64: 0xffffa400139c:20 0xaaaaf5c363e8:44 [ udp/192.168.50.95:42984@3 ]
1777481777.733796 [0]        tev: traffic-xmit (1) 64
1777481777.831184 [0]       recv: HDR(110cfe5:7645227d:5dd75df7 vendor 1.16) len 324 from udp/192.168.50.95:47636
1777481777.831439 [0]       recv: INFOTS(1777480921.718474635)
1777481777.831526 [0]       recv: DATA(110cfe5:7645227d:5dd75df7:100c2 -> 0:0:0:0 #1)
1777481777.831730 [0] dq.builtin: data(builtin, vendor 1.16): 0:0:0:0 #1: ST0 /ParticipantBuiltinTopicData:{user_data=10<"enclave=/;">,protocol_version=2:1,vendorid=1:16,participant_lease_duration=10000000000,participant_guid={110cfe5:7645227d:5dd75df7:1c1},builtin_endpoint_set=3135,domain_id=0,default_unicast_locator={udp/192.168.50.95:42984},default_multicast_locator={udp/239.255.0.1:7401},metatraffic_unicast_locator={udp/192.168.50.95:42984},metatraffic_multicast_locator={udp/239.255.0.1:7400},adlink_participant_version_info=0:44:0:0:0:"ubuntu/0.9.1/Linux/Linux",cyclone_receive_buffer_size=425984}
1777481777.831792 [0] dq.builtin: SPDP ST0 110cfe5:7645227d:5dd75df7:1c1 (known) L(:1c1 2898.413522)
1777481778.433688 [0]     talker: write_sample 110ce4e:83e26d0:2ed73607:603 #129: ST0 rt/rosout/rcl_interfaces::msg::dds_::Log_:{{1777481778,433555465},20,"talker","Publishing: 'Hello World: 129'","/opt/ros/humble/src/demos/demo_nodes_cpp/src/topics/talker.cpp","operator()",47}
1777481778.433794 [0]     talker:  => EVERYONE
1777481778.433896 [0]     talker: write_sample 110ce4e:83e26d0:2ed73607:1503 #129: ST0 rt/chatter/std_msgs::msg::dds_::String_:{"Hello World: 129"}
1777481778.433927 [0]     talker:  => EVERYONE
1777481779.433527 [0]        tev: thread_cputime 0.056704000
1777481779.433756 [0]     talker: write_sample 110ce4e:83e26d0:2ed73607:603 #130: ST0 rt/rosout/rcl_interfaces::msg::dds_::Log_:{{1777481779,433602325},20,"talker","Publishing: 'Hello World: 130'","/opt/ros/humble/src/demos/demo_nodes_cpp/src/topics/talker.cpp","operator()",47}
1777481779.433837 [0]     talker:  => EVERYONE
1777481779.433930 [0]     talker: write_sample 110ce4e:83e26d0:2ed73607:1503 #130: ST0 rt/chatter/std_msgs::msg::dds_::String_:{"Hello World: 130"}
1777481779.433971 [0]     talker:  => EVERYONE
1777481779.831980 [0]         gc: thread_cputime 0.002473000
1777481780.433643 [0]        tev: thread_cputime 0.056914000
1777481780.434012 [0]     talker: write_sample 110ce4e:83e26d0:2ed73607:603 #131: ST0 rt/rosout/rcl_interfaces::msg::dds_::Log_:{{1777481780,433747158},20,"talker","Publishing: 'Hello World: 131'","/opt/ros/humble/src/demos/demo_nodes_cpp/src/topics/talker.cpp","operator()",47}
1777481780.434180 [0]     talker:  => EVERYONE
1777481780.434388 [0]     talker: write_sample 110ce4e:83e26d0:2ed73607:1503 #131: ST0 rt/chatter/std_msgs::msg::dds_::String_:{"Hello World: 131"}
1777481780.434451 [0]     talker:  => EVERYONE
1777481781.433654 [0]        tev: thread_cputime 0.057240000
1777481781.434060 [0]     talker: write_sample 110ce4e:83e26d0:2ed73607:603 #132: ST0 rt/rosout/rcl_interfaces::msg::dds_::Log_:{{1777481781,433796899},20,"talker","Publishing: 'Hello World: 132'","/opt/ros/humble/src/demos/demo_nodes_cpp/src/topics/talker.cpp","operator()",47}
1777481781.434209 [0]     talker:  => EVERYONE
1777481781.434470 [0]     talker: write_sample 110ce4e:83e26d0:2ed73607:1503 #132: ST0 rt/chatter/std_msgs::msg::dds_::String_:{"Hello World: 132"}
1777481781.434583 [0]     talker:  => EVERYONE
1777481782.433662 [0]        tev: thread_cputime 0.057567000
1777481782.434065 [0]     talker: write_sample 110ce4e:83e26d0:2ed73607:603 #133: ST0 rt/rosout/rcl_interfaces::msg::dds_::Log_:{{1777481782,433822751},20,"talker","Publishing: 'Hello World: 133'","/opt/ros/humble/src/demos/demo_nodes_cpp/src/topics/talker.cpp","operator()",47}
1777481782.434208 [0]     talker:  => EVERYONE
1777481782.434434 [0]     talker: write_sample 110ce4e:83e26d0:2ed73607:1503 #133: ST0 rt/chatter/std_msgs::msg::dds_::String_:{"Hello World: 133"}
1777481782.434481 [0]     talker:  => EVERYONE
1777481783.433766 [0]        tev: thread_cputime 0.057911000
1777481783.434173 [0]     talker: write_sample 110ce4e:83e26d0:2ed73607:603 #134: ST0 rt/rosout/rcl_interfaces::msg::dds_::Log_:{{1777481783,433887246},20,"talker","Publishing: 'Hello World: 134'","/opt/ros/humble/src/demos/demo_nodes_cpp/src/topics/talker.cpp","operator()",47}
1777481783.434301 [0]     talker:  => EVERYONE
1777481783.434402 [0]     talker: write_sample 110ce4e:83e26d0:2ed73607:1503 #134: ST0 rt/chatter/std_msgs::msg::dds_::String_:{"Hello World: 134"}
1777481783.434442 [0]     talker:  => EVERYONE
1777481784.433785 [0]        tev: thread_cputime 0.058255000
1777481784.434120 [0]     talker: write_sample 110ce4e:83e26d0:2ed73607:603 #135: ST0 rt/rosout/rcl_interfaces::msg::dds_::Log_:{{1777481784,433897354},20,"talker","Publishing: 'Hello World: 135'","/opt/ros/humble/src/demos/demo_nodes_cpp/src/topics/talker.cpp","operator()",47}
1777481784.434249 [0]     talker:  => EVERYONE
1777481784.434482 [0]     talker: write_sample 110ce4e:83e26d0:2ed73607:1503 #135: ST0 rt/chatter/std_msgs::msg::dds_::String_:{"Hello World: 135"}
1777481784.434543 [0]     talker:  => EVERYONE
1777481785.385325 [0]        tev: write_sample 110ce4e:83e26d0:2ed73607:200c2 #18: ST0 DCPSParticipantMessage/ParticipantMessageData:{110ce4e:83e26d0:2ed73607:1}:1<0>
1777481785.385522 [0]        tev: xpack_addmsg 0xffffa4001390 0xaaaaf5c36300 0(data(110ce4e:83e26d0:2ed73607:200c2:#18/1)): niov 0 sz 0 => now niov 3 sz 84
1777481785.393986 [0]        tev: writer_hbcontrol: wr 110ce4e:83e26d0:2ed73607:200c2 multicasting (rel-prd 1 seq-eq-max 1 seq 18 maxseq 17)
1777481785.394100 [0]        tev: heartbeat(wr 110ce4e:83e26d0:2ed73607:200c2) piggybacked, resched in 0.1 s (min-ack 17, avail-seq 18, xmit 17)
1777481785.394164 [0]        tev: xpack_addmsg 0xffffa4001390 0xaaaaf5c2f010 0(control): niov 3 sz 84 => now niov 4 sz 116
1777481785.394517 [0]        tev: nn_xpack_send 116: 0xffffa400139c:20 0xaaaaf5c363f8:36 0xffffa40027ec:28 0xaaaaf5c2f108:32 [ udp/192.168.50.95:42984@3 ]
1777481785.394605 [0]        tev: traffic-xmit (1) 116
1777481785.394966 [0]     recvUC: HDR(110cfe5:7645227d:5dd75df7 vendor 1.16) len 64 from udp/192.168.50.95:47636
1777481785.394984 [0]        tev: resched pmd(110ce4e:83e26d0:2ed73607:1c1): 8s
1777481785.395068 [0]     recvUC: INFODST(110ce4e:83e26d0:2ed73607)
1777481785.395176 [0]     recvUC: ACKNACK(F#21:19/0: L(:1c1 2905.976795) 110cfe5:7645227d:5dd75df7:200c7 -> 110ce4e:83e26d0:2ed73607:200c2 ACK1 RM0)
1777481785.395249 [0]     recvUC: thread_cputime 0.020176000
1777481785.433825 [0]        tev: thread_cputime 0.059784000
1777481785.434163 [0]     talker: write_sample 110ce4e:83e26d0:2ed73607:603 #136: ST0 rt/rosout/rcl_interfaces::msg::dds_::Log_:{{1777481785,433978459},20,"talker","Publishing: 'Hello World: 136'","/opt/ros/humble/src/demos/demo_nodes_cpp/src/topics/talker.cpp","operator()",47}
1777481785.434303 [0]     talker:  => EVERYONE
1777481785.434394 [0]     talker: write_sample 110ce4e:83e26d0:2ed73607:1503 #136: ST0 rt/chatter/std_msgs::msg::dds_::String_:{"Hello World: 136"}
1777481785.434424 [0]     talker:  => EVERYONE
1777481785.485186 [0]        tev: non-timed queue now has 1 items
1777481785.485293 [0]        tev: xmit spdp 110ce4e:83e26d0:2ed73607:1c1 to 0:0:0:100c7 (resched 8s)
1777481785.485342 [0]        tev: heartbeat(wr 110ce4e:83e26d0:2ed73607:200c2) suppressed, resched in inf s (min-ack 18, avail-seq 18, xmit 18)
1777481785.485428 [0]        tev: xpack_addmsg 0xffffa4001390 0xaaaaf5c36300 0(data(0:0:0:0:#0/1)): niov 0 sz 0 => now niov 3 sz 324
1777481785.485701 [0]       recv: HDR(110ce4e:83e26d0:2ed73607 vendor 1.16) len 324 from udp/192.168.50.95:60698
1777481785.485763 [0]        tev: nn_xpack_send 324: 0xffffa400139c:20 0xaaaaf5c363f8:36 0xaaaaf5be5864:268 [ udp/239.255.0.1:7400@3 ]
1777481785.485823 [0]        tev: traffic-xmit (1) 324
1777481785.485776 [0]       recv: INFOTS(1777481649.382771377)
1777481785.485999 [0]       recv: DATA(110ce4e:83e26d0:2ed73607:100c2 -> 0:0:0:0 #1)
1777481785.486068 [0]       recv: thread_cputime 0.006499000
1777481785.486204 [0] dq.builtin: data(builtin, vendor 1.16): 0:0:0:0 #1: ST0 /ParticipantBuiltinTopicData:{user_data=10<"enclave=/;">,protocol_version=2:1,vendorid=1:16,participant_lease_duration=10000000000,participant_guid={110ce4e:83e26d0:2ed73607:1c1},builtin_endpoint_set=3135,domain_id=0,default_unicast_locator={udp/192.168.50.95:59056},default_multicast_locator={udp/239.255.0.1:7401},metatraffic_unicast_locator={udp/192.168.50.95:59056},metatraffic_multicast_locator={udp/239.255.0.1:7400},adlink_participant_version_info=0:44:0:0:0:"ubuntu/0.9.1/Linux/Linux",cyclone_receive_buffer_size=425984}
1777481785.486359 [0] dq.builtin: SPDP ST0 110ce4e:83e26d0:2ed73607:1c1 (local)
1777481785.486447 [0] dq.builtin: thread_cputime 0.015025000
1777481785.732868 [0]     recvUC: HDR(110cfe5:7645227d:5dd75df7 vendor 1.16) len 116 from udp/192.168.50.95:47636
1777481785.733035 [0]     recvUC: INFOTS(1777481785.732527207)
1777481785.733130 [0]     recvUC: DATA(110cfe5:7645227d:5dd75df7:200c2 -> 0:0:0:0 #109 L(:1c1 2906.314761))
1777481785.733213 [0]     recvUC: HEARTBEAT(#23:109..109 110cfe5:7645227d:5dd75df7:200c2 -> 0:0:0:0: 110ce4e:83e26d0:2ed73607:200c7@109(sync))
1777481785.733325 [0] dq.builtin: data(builtin, vendor 1.16): 110cfe5:7645227d:5dd75df7:200c2 #109: ST0 DCPSParticipantMessage/ParticipantMessageData:{110cfe5:7645227d:5dd75df7:1}:1<0>
1777481785.733385 [0] dq.builtin:  PMD ST0 pp 110cfe5:7645227d:5dd75df7 kind 1 data 1
1777481785.733344 [0]        tev: acknack 110ce4e:83e26d0:2ed73607:200c7 -> 110cfe5:7645227d:5dd75df7:200c2: F#20:110/0:
1777481785.733494 [0]        tev: send acknack(rd 110ce4e:83e26d0:2ed73607:200c7 -> pwr 110cfe5:7645227d:5dd75df7:200c2)
1777481785.733532 [0]        tev: xpack_addmsg 0xffffa4001390 0xaaaaf5c36300 0(control): niov 0 sz 0 => now niov 2 sz 64
1777481785.733650 [0]        tev: nn_xpack_send 64: 0xffffa400139c:20 0xaaaaf5c363e8:44 [ udp/192.168.50.95:42984@3 ]
1777481785.733684 [0]        tev: traffic-xmit (1) 64
1777481785.831241 [0]       recv: HDR(110cfe5:7645227d:5dd75df7 vendor 1.16) len 324 from udp/192.168.50.95:47636
1777481785.831426 [0]       recv: INFOTS(1777480921.718474635)
1777481785.831500 [0]       recv: DATA(110cfe5:7645227d:5dd75df7:100c2 -> 0:0:0:0 #1)
1777481785.831648 [0] dq.builtin: data(builtin, vendor 1.16): 0:0:0:0 #1: ST0 /ParticipantBuiltinTopicData:{user_data=10<"enclave=/;">,protocol_version=2:1,vendorid=1:16,participant_lease_duration=10000000000,participant_guid={110cfe5:7645227d:5dd75df7:1c1},builtin_endpoint_set=3135,domain_id=0,default_unicast_locator={udp/192.168.50.95:42984},default_multicast_locator={udp/239.255.0.1:7401},metatraffic_unicast_locator={udp/192.168.50.95:42984},metatraffic_multicast_locator={udp/239.255.0.1:7400},adlink_participant_version_info=0:44:0:0:0:"ubuntu/0.9.1/Linux/Linux",cyclone_receive_buffer_size=425984}
1777481785.831733 [0] dq.builtin: SPDP ST0 110cfe5:7645227d:5dd75df7:1c1 (known) L(:1c1 2906.413435)
1777481786.434345 [0]     talker: write_sample 110ce4e:83e26d0:2ed73607:603 #137: ST0 rt/rosout/rcl_interfaces::msg::dds_::Log_:{{1777481786,434049147},20,"talker","Publishing: 'Hello World: 137'","/opt/ros/humble/src/demos/demo_nodes_cpp/src/topics/talker.cpp","operator()",47}
1777481786.434532 [0]     talker:  => EVERYONE
1777481786.434703 [0]     talker: write_sample 110ce4e:83e26d0:2ed73607:1503 #137: ST0 rt/chatter/std_msgs::msg::dds_::String_:{"Hello World: 137"}
1777481786.434790 [0]     talker:  => EVERYONE
1777481787.433923 [0]        tev: thread_cputime 0.061059000
1777481787.434388 [0]     talker: write_sample 110ce4e:83e26d0:2ed73607:603 #138: ST0 rt/rosout/rcl_interfaces::msg::dds_::Log_:{{1777481787,434102188},20,"talker","Publishing: 'Hello World: 138'","/opt/ros/humble/src/demos/demo_nodes_cpp/src/topics/talker.cpp","operator()",47}
1777481787.434533 [0]     talker:  => EVERYONE
1777481787.434709 [0]     talker: write_sample 110ce4e:83e26d0:2ed73607:1503 #138: ST0 rt/chatter/std_msgs::msg::dds_::String_:{"Hello World: 138"}
1777481787.434739 [0]     talker:  => EVERYONE
1777481787.832190 [0]         gc: thread_cputime 0.002473000
1777481788.434409 [0]     talker: write_sample 110ce4e:83e26d0:2ed73607:603 #139: ST0 rt/rosout/rcl_interfaces::msg::dds_::Log_:{{1777481788,434136876},20,"talker","Publishing: 'Hello World: 139'","/opt/ros/humble/src/demos/demo_nodes_cpp/src/topics/talker.cpp","operator()",47}
1777481788.434622 [0]     talker:  => EVERYONE
1777481788.434765 [0]     talker: write_sample 110ce4e:83e26d0:2ed73607:1503 #139: ST0 rt/chatter/std_msgs::msg::dds_::String_:{"Hello World: 139"}
1777481788.434798 [0]     talker:  => EVERYONE
1777481789.433911 [0]        tev: thread_cputime 0.061502000
1777481789.434586 [0]     talker: write_sample 110ce4e:83e26d0:2ed73607:603 #140: ST0 rt/rosout/rcl_interfaces::msg::dds_::Log_:{{1777481789,434204926},20,"talker","Publishing: 'Hello World: 140'","/opt/ros/humble/src/demos/demo_nodes_cpp/src/topics/talker.cpp","operator()",47}
1777481789.434772 [0]     talker:  => EVERYONE
1777481789.434970 [0]     talker: write_sample 110ce4e:83e26d0:2ed73607:1503 #140: ST0 rt/chatter/std_msgs::msg::dds_::String_:{"Hello World: 140"}
1777481789.435050 [0]     talker:  => EVERYONE
1777481790.434140 [0]        tev: thread_cputime 0.061956000
1777481790.434526 [0]     talker: write_sample 110ce4e:83e26d0:2ed73607:603 #141: ST0 rt/rosout/rcl_interfaces::msg::dds_::Log_:{{1777481790,434219231},20,"talker","Publishing: 'Hello World: 141'","/opt/ros/humble/src/demos/demo_nodes_cpp/src/topics/talker.cpp","operator()",47}
1777481790.442649 [0]     talker:  => EVERYONE
1777481790.442937 [0]     talker: write_sample 110ce4e:83e26d0:2ed73607:1503 #141: ST0 rt/chatter/std_msgs::msg::dds_::String_:{"Hello World: 141"}
1777481790.443066 [0]     talker:  => EVERYONE
1777481791.434191 [0]        tev: thread_cputime 0.062354000
1777481791.434537 [0]     talker: write_sample 110ce4e:83e26d0:2ed73607:603 #142: ST0 rt/rosout/rcl_interfaces::msg::dds_::Log_:{{1777481791,434324180},20,"talker","Publishing: 'Hello World: 142'","/opt/ros/humble/src/demos/demo_nodes_cpp/src/topics/talker.cpp","operator()",47}
1777481791.434625 [0]     talker:  => EVERYONE
1777481791.434732 [0]     talker: write_sample 110ce4e:83e26d0:2ed73607:1503 #142: ST0 rt/chatter/std_msgs::msg::dds_::String_:{"Hello World: 142"}
1777481791.434763 [0]     talker:  => EVERYONE
1777481792.434186 [0]        tev: thread_cputime 0.062701000
1777481792.434539 [0]     talker: write_sample 110ce4e:83e26d0:2ed73607:603 #143: ST0 rt/rosout/rcl_interfaces::msg::dds_::Log_:{{1777481792,434361623},20,"talker","Publishing: 'Hello World: 143'","/opt/ros/humble/src/demos/demo_nodes_cpp/src/topics/talker.cpp","operator()",47}
1777481792.434636 [0]     talker:  => EVERYONE
1777481792.434754 [0]     talker: write_sample 110ce4e:83e26d0:2ed73607:1503 #143: ST0 rt/chatter/std_msgs::msg::dds_::String_:{"Hello World: 143"}
1777481792.434808 [0]     talker:  => EVERYONE
1777481793.385392 [0]        tev: write_sample 110ce4e:83e26d0:2ed73607:200c2 #19: ST0 DCPSParticipantMessage/ParticipantMessageData:{110ce4e:83e26d0:2ed73607:1}:1<0>
1777481793.385531 [0]        tev: xpack_addmsg 0xffffa4001390 0xaaaaf5c36300 0(data(110ce4e:83e26d0:2ed73607:200c2:#19/1)): niov 0 sz 0 => now niov 3 sz 84
1777481793.385574 [0]        tev: writer_hbcontrol: wr 110ce4e:83e26d0:2ed73607:200c2 multicasting (rel-prd 1 seq-eq-max 1 seq 19 maxseq 18)
1777481793.385615 [0]        tev: heartbeat(wr 110ce4e:83e26d0:2ed73607:200c2) piggybacked, resched in 0.1 s (min-ack 18, avail-seq 19, xmit 18)
1777481793.385707 [0]        tev: xpack_addmsg 0xffffa4001390 0xaaaaf5c2f010 0(control): niov 3 sz 84 => now niov 4 sz 116
1777481793.385851 [0]        tev: nn_xpack_send 116: 0xffffa400139c:20 0xaaaaf5c363f8:36 0xffffa40014dc:28 0xaaaaf5c2f108:32 [ udp/192.168.50.95:42984@3 ]
1777481793.385945 [0]        tev: traffic-xmit (1) 116
1777481793.386191 [0]        tev: resched pmd(110ce4e:83e26d0:2ed73607:1c1): 8s
1777481793.386256 [0]     recvUC: HDR(110cfe5:7645227d:5dd75df7 vendor 1.16) len 64 from udp/192.168.50.95:47636
1777481793.386440 [0]     recvUC: INFODST(110ce4e:83e26d0:2ed73607)
1777481793.386529 [0]     recvUC: ACKNACK(F#22:20/0: L(:1c1 2913.968164) 110cfe5:7645227d:5dd75df7:200c7 -> 110ce4e:83e26d0:2ed73607:200c2 ACK1 RM0)
1777481793.386593 [0]     recvUC: thread_cputime 0.020176000
1777481793.434250 [0]        tev: thread_cputime 0.063850000
1777481793.434514 [0]     talker: write_sample 110ce4e:83e26d0:2ed73607:603 #144: ST0 rt/rosout/rcl_interfaces::msg::dds_::Log_:{{1777481793,434369514},20,"talker","Publishing: 'Hello World: 144'","/opt/ros/humble/src/demos/demo_nodes_cpp/src/topics/talker.cpp","operator()",47}
1777481793.434566 [0]     talker:  => EVERYONE
1777481793.434636 [0]     talker: write_sample 110ce4e:83e26d0:2ed73607:1503 #144: ST0 rt/chatter/std_msgs::msg::dds_::String_:{"Hello World: 144"}
1777481793.434664 [0]     talker:  => EVERYONE
1777481793.485285 [0]        tev: non-timed queue now has 1 items
1777481793.485403 [0]        tev: xmit spdp 110ce4e:83e26d0:2ed73607:1c1 to 0:0:0:100c7 (resched 8s)
1777481793.485445 [0]        tev: heartbeat(wr 110ce4e:83e26d0:2ed73607:200c2) suppressed, resched in inf s (min-ack 19, avail-seq 19, xmit 19)
1777481793.485481 [0]        tev: xpack_addmsg 0xffffa4001390 0xaaaaf5c36300 0(data(0:0:0:0:#0/1)): niov 0 sz 0 => now niov 3 sz 324
1777481793.485718 [0]       recv: HDR(110ce4e:83e26d0:2ed73607 vendor 1.16) len 324 from udp/192.168.50.95:60698
1777481793.485762 [0]       recv: INFOTS(1777481649.382771377)
1777481793.485810 [0]       recv: DATA(110ce4e:83e26d0:2ed73607:100c2 -> 0:0:0:0 #1)
1777481793.485866 [0]       recv: thread_cputime 0.007095000
1777481793.485896 [0] dq.builtin: data(builtin, vendor 1.16): 0:0:0:0 #1: ST0 /ParticipantBuiltinTopicData:{user_data=10<"enclave=/;">,protocol_version=2:1,vendorid=1:16,participant_lease_duration=10000000000,participant_guid={110ce4e:83e26d0:2ed73607:1c1},builtin_endpoint_set=3135,domain_id=0,default_unicast_locator={udp/192.168.50.95:59056},default_multicast_locator={udp/239.255.0.1:7401},metatraffic_unicast_locator={udp/192.168.50.95:59056},metatraffic_multicast_locator={udp/239.255.0.1:7400},adlink_participant_version_info=0:44:0:0:0:"ubuntu/0.9.1/Linux/Linux",cyclone_receive_buffer_size=425984}
1777481793.485947 [0] dq.builtin: SPDP ST0 110ce4e:83e26d0:2ed73607:1c1 (local)
1777481793.485984 [0] dq.builtin: thread_cputime 0.015025000
1777481793.486042 [0]        tev: nn_xpack_send 324: 0xffffa400139c:20 0xaaaaf5c363f8:36 0xaaaaf5be5864:268 [ udp/239.255.0.1:7400@3 ]
1777481793.486119 [0]        tev: traffic-xmit (1) 324
1777481793.732954 [0]     recvUC: HDR(110cfe5:7645227d:5dd75df7 vendor 1.16) len 116 from udp/192.168.50.95:47636
1777481793.733120 [0]     recvUC: INFOTS(1777481793.732642628)
1777481793.733192 [0]     recvUC: DATA(110cfe5:7645227d:5dd75df7:200c2 -> 0:0:0:0 #110 L(:1c1 2914.314846))
1777481793.733264 [0]     recvUC: HEARTBEAT(#24:110..110 110cfe5:7645227d:5dd75df7:200c2 -> 0:0:0:0: 110ce4e:83e26d0:2ed73607:200c7@110(sync))
1777481793.733406 [0] dq.builtin: data(builtin, vendor 1.16): 110cfe5:7645227d:5dd75df7:200c2 #110: ST0 DCPSParticipantMessage/ParticipantMessageData:{110cfe5:7645227d:5dd75df7:1}:1<0>
1777481793.733564 [0] dq.builtin:  PMD ST0 pp 110cfe5:7645227d:5dd75df7 kind 1 data 1
1777481793.733651 [0]        tev: acknack 110ce4e:83e26d0:2ed73607:200c7 -> 110cfe5:7645227d:5dd75df7:200c2: F#21:111/0:
1777481793.733691 [0]        tev: send acknack(rd 110ce4e:83e26d0:2ed73607:200c7 -> pwr 110cfe5:7645227d:5dd75df7:200c2)
1777481793.733830 [0]        tev: xpack_addmsg 0xffffa4001390 0xaaaaf5c36300 0(control): niov 0 sz 0 => now niov 2 sz 64
1777481793.734002 [0]        tev: nn_xpack_send 64: 0xffffa400139c:20 0xaaaaf5c363e8:44 [ udp/192.168.50.95:42984@3 ]
1777481793.734052 [0]        tev: traffic-xmit (1) 64
1777481793.831389 [0]       recv: HDR(110cfe5:7645227d:5dd75df7 vendor 1.16) len 324 from udp/192.168.50.95:47636
1777481793.831573 [0]       recv: INFOTS(1777480921.718474635)
1777481793.831675 [0]       recv: DATA(110cfe5:7645227d:5dd75df7:100c2 -> 0:0:0:0 #1)
1777481793.832070 [0] dq.builtin: data(builtin, vendor 1.16): 0:0:0:0 #1: ST0 /ParticipantBuiltinTopicData:{user_data=10<"enclave=/;">,protocol_version=2:1,vendorid=1:16,participant_lease_duration=10000000000,participant_guid={110cfe5:7645227d:5dd75df7:1c1},builtin_endpoint_set=3135,domain_id=0,default_unicast_locator={udp/192.168.50.95:42984},default_multicast_locator={udp/239.255.0.1:7401},metatraffic_unicast_locator={udp/192.168.50.95:42984},metatraffic_multicast_locator={udp/239.255.0.1:7400},adlink_participant_version_info=0:44:0:0:0:"ubuntu/0.9.1/Linux/Linux",cyclone_receive_buffer_size=425984}
1777481793.832144 [0] dq.builtin: SPDP ST0 110cfe5:7645227d:5dd75df7:1c1 (known) L(:1c1 2914.413873)
1777481794.434713 [0]     talker: write_sample 110ce4e:83e26d0:2ed73607:603 #145: ST0 rt/rosout/rcl_interfaces::msg::dds_::Log_:{{1777481794,434454833},20,"talker","Publishing: 'Hello World: 145'","/opt/ros/humble/src/demos/demo_nodes_cpp/src/topics/talker.cpp","operator()",47}
1777481794.434900 [0]     talker:  => EVERYONE
1777481794.435010 [0]     talker: write_sample 110ce4e:83e26d0:2ed73607:1503 #145: ST0 rt/chatter/std_msgs::msg::dds_::String_:{"Hello World: 145"}
1777481794.435067 [0]     talker:  => EVERYONE
1777481795.434393 [0]        tev: thread_cputime 0.065198000
1777481795.434900 [0]     talker: write_sample 110ce4e:83e26d0:2ed73607:603 #146: ST0 rt/rosout/rcl_interfaces::msg::dds_::Log_:{{1777481795,434455461},20,"talker","Publishing: 'Hello World: 146'","/opt/ros/humble/src/demos/demo_nodes_cpp/src/topics/talker.cpp","operator()",47}
1777481795.443310 [0]     talker:  => EVERYONE
1777481795.443681 [0]     talker: write_sample 110ce4e:83e26d0:2ed73607:1503 #146: ST0 rt/chatter/std_msgs::msg::dds_::String_:{"Hello World: 146"}
1777481795.443745 [0]     talker:  => EVERYONE
1777481795.832087 [0]         gc: thread_cputime 0.002473000
1777481796.434429 [0]        tev: thread_cputime 0.065590000
1777481796.434699 [0]     talker: write_sample 110ce4e:83e26d0:2ed73607:603 #147: ST0 rt/rosout/rcl_interfaces::msg::dds_::Log_:{{1777481796,434500684},20,"talker","Publishing: 'Hello World: 147'","/opt/ros/humble/src/demos/demo_nodes_cpp/src/topics/talker.cpp","operator()",47}
1777481796.434776 [0]     talker:  => EVERYONE
1777481796.434876 [0]     talker: write_sample 110ce4e:83e26d0:2ed73607:1503 #147: ST0 rt/chatter/std_msgs::msg::dds_::String_:{"Hello World: 147"}
1777481796.434927 [0]     talker:  => EVERYONE
1777481797.434476 [0]        tev: thread_cputime 0.065886000
1777481797.434674 [0]     talker: write_sample 110ce4e:83e26d0:2ed73607:603 #148: ST0 rt/rosout/rcl_interfaces::msg::dds_::Log_:{{1777481797,434523971},20,"talker","Publishing: 'Hello World: 148'","/opt/ros/humble/src/demos/demo_nodes_cpp/src/topics/talker.cpp","operator()",47}
1777481797.434782 [0]     talker:  => EVERYONE
1777481797.434858 [0]     talker: write_sample 110ce4e:83e26d0:2ed73607:1503 #148: ST0 rt/chatter/std_msgs::msg::dds_::String_:{"Hello World: 148"}
1777481797.434889 [0]     talker:  => EVERYONE
1777481798.434566 [0]        tev: thread_cputime 0.066066000
1777481798.434806 [0]     talker: write_sample 110ce4e:83e26d0:2ed73607:603 #149: ST0 rt/rosout/rcl_interfaces::msg::dds_::Log_:{{1777481798,434595053},20,"talker","Publishing: 'Hello World: 149'","/opt/ros/humble/src/demos/demo_nodes_cpp/src/topics/talker.cpp","operator()",47}
1777481798.434892 [0]     talker:  => EVERYONE
1777481798.434996 [0]     talker: write_sample 110ce4e:83e26d0:2ed73607:1503 #149: ST0 rt/chatter/std_msgs::msg::dds_::String_:{"Hello World: 149"}
1777481798.435130 [0]     talker:  => EVERYONE
1777481799.434676 [0]        tev: thread_cputime 0.066392000
1777481799.434920 [0]     talker: write_sample 110ce4e:83e26d0:2ed73607:603 #150: ST0 rt/rosout/rcl_interfaces::msg::dds_::Log_:{{1777481799,434671976},20,"talker","Publishing: 'Hello World: 150'","/opt/ros/humble/src/demos/demo_nodes_cpp/src/topics/talker.cpp","operator()",47}
1777481799.435000 [0]     talker:  => EVERYONE
1777481799.435097 [0]     talker: write_sample 110ce4e:83e26d0:2ed73607:1503 #150: ST0 rt/chatter/std_msgs::msg::dds_::String_:{"Hello World: 150"}
1777481799.435130 [0]     talker:  => EVERYONE
1777481800.434905 [0]        tev: thread_cputime 0.066709000
1777481800.434955 [0]     talker: write_sample 110ce4e:83e26d0:2ed73607:603 #151: ST0 rt/rosout/rcl_interfaces::msg::dds_::Log_:{{1777481800,434694322},20,"talker","Publishing: 'Hello World: 151'","/opt/ros/humble/src/demos/demo_nodes_cpp/src/topics/talker.cpp","operator()",47}
1777481800.443435 [0]     talker:  => EVERYONE
1777481800.443713 [0]     talker: write_sample 110ce4e:83e26d0:2ed73607:1503 #151: ST0 rt/chatter/std_msgs::msg::dds_::String_:{"Hello World: 151"}
1777481800.443815 [0]     talker:  => EVERYONE
1777481801.385527 [0]        tev: write_sample 110ce4e:83e26d0:2ed73607:200c2 #20: ST0 DCPSParticipantMessage/ParticipantMessageData:{110ce4e:83e26d0:2ed73607:1}:1<0>
1777481801.385681 [0]        tev: xpack_addmsg 0xffffa4001390 0xaaaaf5c36300 0(data(110ce4e:83e26d0:2ed73607:200c2:#20/1)): niov 0 sz 0 => now niov 3 sz 84
1777481801.385728 [0]        tev: writer_hbcontrol: wr 110ce4e:83e26d0:2ed73607:200c2 multicasting (rel-prd 1 seq-eq-max 1 seq 20 maxseq 19)
1777481801.385765 [0]        tev: heartbeat(wr 110ce4e:83e26d0:2ed73607:200c2) piggybacked, resched in 0.1 s (min-ack 19, avail-seq 20, xmit 19)
1777481801.385797 [0]        tev: xpack_addmsg 0xffffa4001390 0xaaaaf5c2f010 0(control): niov 3 sz 84 => now niov 4 sz 116
1777481801.386131 [0]        tev: nn_xpack_send 116: 0xffffa400139c:20 0xaaaaf5c363f8:36 0xffffa40027ec:28 0xaaaaf5c2f108:32 [ udp/192.168.50.95:42984@3 ]
1777481801.386170 [0]     recvUC: HDR(110cfe5:7645227d:5dd75df7 vendor 1.16) len 64 from udp/192.168.50.95:47636
1777481801.386290 [0]     recvUC: INFODST(110ce4e:83e26d0:2ed73607)
1777481801.386187 [0]        tev: traffic-xmit (1) 116
1777481801.386475 [0]        tev: resched pmd(110ce4e:83e26d0:2ed73607:1c1): 8s
1777481801.386379 [0]     recvUC: ACKNACK(F#23:21/0: L(:1c1 2921.967989) 110cfe5:7645227d:5dd75df7:200c7 -> 110ce4e:83e26d0:2ed73607:200c2 ACK1 RM0)
1777481801.386659 [0]     recvUC: thread_cputime 0.020176000
1777481801.434963 [0]     talker: write_sample 110ce4e:83e26d0:2ed73607:603 #152: ST0 rt/rosout/rcl_interfaces::msg::dds_::Log_:{{1777481801,434724141},20,"talker","Publishing: 'Hello World: 152'","/opt/ros/humble/src/demos/demo_nodes_cpp/src/topics/talker.cpp","operator()",47}
1777481801.435128 [0]     talker:  => EVERYONE
1777481801.435234 [0]     talker: write_sample 110ce4e:83e26d0:2ed73607:1503 #152: ST0 rt/chatter/std_msgs::msg::dds_::String_:{"Hello World: 152"}
1777481801.435288 [0]     talker:  => EVERYONE
1777481801.485381 [0]        tev: thread_cputime 0.067896000
1777481801.485581 [0]        tev: non-timed queue now has 1 items
1777481801.485653 [0]        tev: xmit spdp 110ce4e:83e26d0:2ed73607:1c1 to 0:0:0:100c7 (resched 8s)
1777481801.485719 [0]        tev: heartbeat(wr 110ce4e:83e26d0:2ed73607:200c2) suppressed, resched in inf s (min-ack 20, avail-seq 20, xmit 20)
1777481801.485781 [0]        tev: xpack_addmsg 0xffffa4001390 0xaaaaf5c36300 0(data(0:0:0:0:#0/1)): niov 0 sz 0 => now niov 3 sz 324
1777481801.486199 [0]       recv: HDR(110ce4e:83e26d0:2ed73607 vendor 1.16) len 324 from udp/192.168.50.95:60698
1777481801.486357 [0]       recv: INFOTS(1777481649.382771377)
1777481801.486241 [0]        tev: nn_xpack_send 324: 0xffffa400139c:20 0xaaaaf5c363f8:36 0xaaaaf5be5864:268 [ udp/239.255.0.1:7400@3 ]
1777481801.486448 [0]       recv: DATA(110ce4e:83e26d0:2ed73607:100c2 -> 0:0:0:0 #1)
1777481801.486604 [0]       recv: thread_cputime 0.007095000
1777481801.486673 [0] dq.builtin: data(builtin, vendor 1.16): 0:0:0:0 #1: ST0 /ParticipantBuiltinTopicData:{user_data=10<"enclave=/;">,protocol_version=2:1,vendorid=1:16,participant_lease_duration=10000000000,participant_guid={110ce4e:83e26d0:2ed73607:1c1},builtin_endpoint_set=3135,domain_id=0,default_unicast_locator={udp/192.168.50.95:59056},default_multicast_locator={udp/239.255.0.1:7401},metatraffic_unicast_locator={udp/192.168.50.95:59056},metatraffic_multicast_locator={udp/239.255.0.1:7400},adlink_participant_version_info=0:44:0:0:0:"ubuntu/0.9.1/Linux/Linux",cyclone_receive_buffer_size=425984}
1777481801.486741 [0] dq.builtin: SPDP ST0 110ce4e:83e26d0:2ed73607:1c1 (local)
1777481801.486849 [0] dq.builtin: thread_cputime 0.015025000
1777481801.486927 [0]        tev: traffic-xmit (1) 324
1777481801.733139 [0]     recvUC: HDR(110cfe5:7645227d:5dd75df7 vendor 1.16) len 116 from udp/192.168.50.95:47636
1777481801.733326 [0]     recvUC: INFOTS(1777481801.732762136)
1777481801.733395 [0]     recvUC: DATA(110cfe5:7645227d:5dd75df7:200c2 -> 0:0:0:0 #111 L(:1c1 2922.315052))
1777481801.733486 [0]     recvUC: HEARTBEAT(#25:111..111 110cfe5:7645227d:5dd75df7:200c2 -> 0:0:0:0: 110ce4e:83e26d0:2ed73607:200c7@111(sync))
1777481801.733606 [0]        tev: acknack 110ce4e:83e26d0:2ed73607:200c7 -> 110cfe5:7645227d:5dd75df7:200c2: F#22:112/0:
1777481801.733649 [0]        tev: send acknack(rd 110ce4e:83e26d0:2ed73607:200c7 -> pwr 110cfe5:7645227d:5dd75df7:200c2)
1777481801.733705 [0]        tev: xpack_addmsg 0xffffa4001390 0xaaaaf5c36300 0(control): niov 0 sz 0 => now niov 2 sz 64
1777481801.733606 [0] dq.builtin: data(builtin, vendor 1.16): 110cfe5:7645227d:5dd75df7:200c2 #111: ST0 DCPSParticipantMessage/ParticipantMessageData:{110cfe5:7645227d:5dd75df7:1}:1<0>
1777481801.733798 [0] dq.builtin:  PMD ST0 pp 110cfe5:7645227d:5dd75df7 kind 1 data 1
1777481801.733843 [0]        tev: nn_xpack_send 64: 0xffffa400139c:20 0xaaaaf5c363e8:44 [ udp/192.168.50.95:42984@3 ]
1777481801.733873 [0]        tev: traffic-xmit (1) 64
1777481801.831444 [0]       recv: HDR(110cfe5:7645227d:5dd75df7 vendor 1.16) len 324 from udp/192.168.50.95:47636
1777481801.831655 [0]       recv: INFOTS(1777480921.718474635)
1777481801.831763 [0]       recv: DATA(110cfe5:7645227d:5dd75df7:100c2 -> 0:0:0:0 #1)
1777481801.831945 [0] dq.builtin: data(builtin, vendor 1.16): 0:0:0:0 #1: ST0 /ParticipantBuiltinTopicData:{user_data=10<"enclave=/;">,protocol_version=2:1,vendorid=1:16,participant_lease_duration=10000000000,participant_guid={110cfe5:7645227d:5dd75df7:1c1},builtin_endpoint_set=3135,domain_id=0,default_unicast_locator={udp/192.168.50.95:42984},default_multicast_locator={udp/239.255.0.1:7401},metatraffic_unicast_locator={udp/192.168.50.95:42984},metatraffic_multicast_locator={udp/239.255.0.1:7400},adlink_participant_version_info=0:44:0:0:0:"ubuntu/0.9.1/Linux/Linux",cyclone_receive_buffer_size=425984}
1777481801.832055 [0] dq.builtin: SPDP ST0 110cfe5:7645227d:5dd75df7:1c1 (known) L(:1c1 2922.413778)
1777481802.434939 [0]     talker: write_sample 110ce4e:83e26d0:2ed73607:603 #153: ST0 rt/rosout/rcl_interfaces::msg::dds_::Log_:{{1777481802,434730680},20,"talker","Publishing: 'Hello World: 153'","/opt/ros/humble/src/demos/demo_nodes_cpp/src/topics/talker.cpp","operator()",47}
1777481802.435086 [0]     talker:  => EVERYONE
1777481802.435210 [0]     talker: write_sample 110ce4e:83e26d0:2ed73607:1503 #153: ST0 rt/chatter/std_msgs::msg::dds_::String_:{"Hello World: 153"}
1777481802.435264 [0]     talker:  => EVERYONE
1777481803.434665 [0]        tev: thread_cputime 0.069272000
1777481803.435081 [0]     talker: write_sample 110ce4e:83e26d0:2ed73607:603 #154: ST0 rt/rosout/rcl_interfaces::msg::dds_::Log_:{{1777481803,434835705},20,"talker","Publishing: 'Hello World: 154'","/opt/ros/humble/src/demos/demo_nodes_cpp/src/topics/talker.cpp","operator()",47}
1777481803.435242 [0]     talker:  => EVERYONE
1777481803.435405 [0]     talker: write_sample 110ce4e:83e26d0:2ed73607:1503 #154: ST0 rt/chatter/std_msgs::msg::dds_::String_:{"Hello World: 154"}
1777481803.435546 [0]     talker:  => EVERYONE
1777481803.832538 [0]         gc: thread_cputime 0.002473000
1777481804.434836 [0]        tev: thread_cputime 0.069591000
1777481804.435116 [0]     talker: write_sample 110ce4e:83e26d0:2ed73607:603 #155: ST0 rt/rosout/rcl_interfaces::msg::dds_::Log_:{{1777481804,434894344},20,"talker","Publishing: 'Hello World: 155'","/opt/ros/humble/src/demos/demo_nodes_cpp/src/topics/talker.cpp","operator()",47}
1777481804.435198 [0]     talker:  => EVERYONE
1777481804.435300 [0]     talker: write_sample 110ce4e:83e26d0:2ed73607:1503 #155: ST0 rt/chatter/std_msgs::msg::dds_::String_:{"Hello World: 155"}
1777481804.435351 [0]     talker:  => EVERYONE
1777481805.434987 [0]        tev: thread_cputime 0.069895000
1777481805.435019 [0]     talker: write_sample 110ce4e:83e26d0:2ed73607:603 #156: ST0 rt/rosout/rcl_interfaces::msg::dds_::Log_:{{1777481805,434886598},20,"talker","Publishing: 'Hello World: 156'","/opt/ros/humble/src/demos/demo_nodes_cpp/src/topics/talker.cpp","operator()",47}
1777481805.443268 [0]     talker:  => EVERYONE
1777481805.443438 [0]     talker: write_sample 110ce4e:83e26d0:2ed73607:1503 #156: ST0 rt/chatter/std_msgs::msg::dds_::String_:{"Hello World: 156"}
1777481805.443487 [0]     talker:  => EVERYONE
1777481806.435249 [0]     talker: write_sample 110ce4e:83e26d0:2ed73607:603 #157: ST0 rt/rosout/rcl_interfaces::msg::dds_::Log_:{{1777481806,434992058},20,"talker","Publishing: 'Hello World: 157'","/opt/ros/humble/src/demos/demo_nodes_cpp/src/topics/talker.cpp","operator()",47}
1777481806.435447 [0]     talker:  => EVERYONE
1777481806.435574 [0]     talker: write_sample 110ce4e:83e26d0:2ed73607:1503 #157: ST0 rt/chatter/std_msgs::msg::dds_::String_:{"Hello World: 157"}
1777481806.435611 [0]     talker:  => EVERYONE
1777481807.434832 [0]        tev: thread_cputime 0.070261000
1777481807.435256 [0]     talker: write_sample 110ce4e:83e26d0:2ed73607:603 #158: ST0 rt/rosout/rcl_interfaces::msg::dds_::Log_:{{1777481807,435039901},20,"talker","Publishing: 'Hello World: 158'","/opt/ros/humble/src/demos/demo_nodes_cpp/src/topics/talker.cpp","operator()",47}
1777481807.435364 [0]     talker:  => EVERYONE
1777481807.435500 [0]     talker: write_sample 110ce4e:83e26d0:2ed73607:1503 #158: ST0 rt/chatter/std_msgs::msg::dds_::String_:{"Hello World: 158"}
1777481807.435535 [0]     talker:  => EVERYONE
1777481808.434930 [0]        tev: thread_cputime 0.070582000
1777481808.435298 [0]     talker: write_sample 110ce4e:83e26d0:2ed73607:603 #159: ST0 rt/rosout/rcl_interfaces::msg::dds_::Log_:{{1777481808,435099986},20,"talker","Publishing: 'Hello World: 159'","/opt/ros/humble/src/demos/demo_nodes_cpp/src/topics/talker.cpp","operator()",47}
1777481808.435379 [0]     talker:  => EVERYONE
1777481808.435501 [0]     talker: write_sample 110ce4e:83e26d0:2ed73607:1503 #159: ST0 rt/chatter/std_msgs::msg::dds_::String_:{"Hello World: 159"}
1777481808.435552 [0]     talker:  => EVERYONE
1777481809.385744 [0]        tev: write_sample 110ce4e:83e26d0:2ed73607:200c2 #21: ST0 DCPSParticipantMessage/ParticipantMessageData:{110ce4e:83e26d0:2ed73607:1}:1<0>
1777481809.385870 [0]        tev: xpack_addmsg 0xffffa4001390 0xaaaaf5c36300 0(data(110ce4e:83e26d0:2ed73607:200c2:#21/1)): niov 0 sz 0 => now niov 3 sz 84
1777481809.385912 [0]        tev: writer_hbcontrol: wr 110ce4e:83e26d0:2ed73607:200c2 multicasting (rel-prd 1 seq-eq-max 1 seq 21 maxseq 20)
1777481809.385949 [0]        tev: heartbeat(wr 110ce4e:83e26d0:2ed73607:200c2) piggybacked, resched in 0.1 s (min-ack 20, avail-seq 21, xmit 20)
1777481809.385979 [0]        tev: xpack_addmsg 0xffffa4001390 0xaaaaf5c2f010 0(control): niov 3 sz 84 => now niov 4 sz 116
1777481809.386376 [0]        tev: nn_xpack_send 116: 0xffffa400139c:20 0xaaaaf5c363f8:36 0xffffa40014dc:28 0xaaaaf5c2f108:32 [ udp/192.168.50.95:42984@3 ]
1777481809.386423 [0]        tev: traffic-xmit (1) 116
1777481809.386467 [0]        tev: resched pmd(110ce4e:83e26d0:2ed73607:1c1): 8s
1777481809.386437 [0]     recvUC: HDR(110cfe5:7645227d:5dd75df7 vendor 1.16) len 64 from udp/192.168.50.95:47636
1777481809.386783 [0]     recvUC: INFODST(110ce4e:83e26d0:2ed73607)
1777481809.386911 [0]     recvUC: ACKNACK(F#24:22/0: L(:1c1 2929.968503) 110cfe5:7645227d:5dd75df7:200c7 -> 110ce4e:83e26d0:2ed73607:200c2 ACK1 RM0)
1777481809.386985 [0]     recvUC: thread_cputime 0.020176000
1777481809.435050 [0]        tev: thread_cputime 0.071602000
1777481809.435357 [0]     talker: write_sample 110ce4e:83e26d0:2ed73607:603 #160: ST0 rt/rosout/rcl_interfaces::msg::dds_::Log_:{{1777481809,435128534},20,"talker","Publishing: 'Hello World: 160'","/opt/ros/humble/src/demos/demo_nodes_cpp/src/topics/talker.cpp","operator()",47}
1777481809.435426 [0]     talker:  => EVERYONE
1777481809.435521 [0]     talker: write_sample 110ce4e:83e26d0:2ed73607:1503 #160: ST0 rt/chatter/std_msgs::msg::dds_::String_:{"Hello World: 160"}
1777481809.435553 [0]     talker:  => EVERYONE
1777481809.485648 [0]        tev: non-timed queue now has 1 items
1777481809.485896 [0]        tev: xmit spdp 110ce4e:83e26d0:2ed73607:1c1 to 0:0:0:100c7 (resched 8s)
1777481809.485977 [0]        tev: heartbeat(wr 110ce4e:83e26d0:2ed73607:200c2) suppressed, resched in inf s (min-ack 21, avail-seq 21, xmit 21)
1777481809.486041 [0]        tev: xpack_addmsg 0xffffa4001390 0xaaaaf5c36300 0(data(0:0:0:0:#0/1)): niov 0 sz 0 => now niov 3 sz 324
1777481809.486726 [0]       recv: HDR(110ce4e:83e26d0:2ed73607 vendor 1.16) len 324 from udp/192.168.50.95:60698
1777481809.486901 [0]       recv: INFOTS(1777481649.382771377)
1777481809.486999 [0]       recv: DATA(110ce4e:83e26d0:2ed73607:100c2 -> 0:0:0:0 #1)
1777481809.487069 [0]       recv: thread_cputime 0.007095000
1777481809.486733 [0]        tev: nn_xpack_send 324: 0xffffa400139c:20 0xaaaaf5c363f8:36 0xaaaaf5be5864:268 [ udp/239.255.0.1:7400@3 ]
1777481809.487153 [0] dq.builtin: data(builtin, vendor 1.16): 0:0:0:0 #1: ST0 /ParticipantBuiltinTopicData:{user_data=10<"enclave=/;">,protocol_version=2:1,vendorid=1:16,participant_lease_duration=10000000000,participant_guid={110ce4e:83e26d0:2ed73607:1c1},builtin_endpoint_set=3135,domain_id=0,default_unicast_locator={udp/192.168.50.95:59056},default_multicast_locator={udp/239.255.0.1:7401},metatraffic_unicast_locator={udp/192.168.50.95:59056},metatraffic_multicast_locator={udp/239.255.0.1:7400},adlink_participant_version_info=0:44:0:0:0:"ubuntu/0.9.1/Linux/Linux",cyclone_receive_buffer_size=425984}
1777481809.487341 [0] dq.builtin: SPDP ST0 110ce4e:83e26d0:2ed73607:1c1 (local)
1777481809.487256 [0]        tev: traffic-xmit (1) 324
1777481809.487412 [0] dq.builtin: thread_cputime 0.015025000
1777481809.733228 [0]     recvUC: HDR(110cfe5:7645227d:5dd75df7 vendor 1.16) len 116 from udp/192.168.50.95:47636
1777481809.733497 [0]     recvUC: INFOTS(1777481809.732906129)
1777481809.733623 [0]     recvUC: DATA(110cfe5:7645227d:5dd75df7:200c2 -> 0:0:0:0 #112 L(:1c1 2930.315220))
1777481809.733754 [0]     recvUC: HEARTBEAT(#26:112..112 110cfe5:7645227d:5dd75df7:200c2 -> 0:0:0:0: 110ce4e:83e26d0:2ed73607:200c7@112(sync))
1777481809.733907 [0] dq.builtin: data(builtin, vendor 1.16): 110cfe5:7645227d:5dd75df7:200c2 #112: ST0 DCPSParticipantMessage/ParticipantMessageData:{110cfe5:7645227d:5dd75df7:1}:1<0>
1777481809.734038 [0] dq.builtin:  PMD ST0 pp 110cfe5:7645227d:5dd75df7 kind 1 data 1
1777481809.733934 [0]        tev: acknack 110ce4e:83e26d0:2ed73607:200c7 -> 110cfe5:7645227d:5dd75df7:200c2: F#23:113/0:
1777481809.734157 [0]        tev: send acknack(rd 110ce4e:83e26d0:2ed73607:200c7 -> pwr 110cfe5:7645227d:5dd75df7:200c2)
1777481809.734198 [0]        tev: xpack_addmsg 0xffffa4001390 0xaaaaf5c36300 0(control): niov 0 sz 0 => now niov 2 sz 64
1777481809.734522 [0]        tev: nn_xpack_send 64: 0xffffa400139c:20 0xaaaaf5c363e8:44 [ udp/192.168.50.95:42984@3 ]
1777481809.734583 [0]        tev: traffic-xmit (1) 64
1777481809.831638 [0]       recv: HDR(110cfe5:7645227d:5dd75df7 vendor 1.16) len 324 from udp/192.168.50.95:47636
1777481809.831855 [0]       recv: INFOTS(1777480921.718474635)
1777481809.831926 [0]       recv: DATA(110cfe5:7645227d:5dd75df7:100c2 -> 0:0:0:0 #1)
1777481809.832095 [0] dq.builtin: data(builtin, vendor 1.16): 0:0:0:0 #1: ST0 /ParticipantBuiltinTopicData:{user_data=10<"enclave=/;">,protocol_version=2:1,vendorid=1:16,participant_lease_duration=10000000000,participant_guid={110cfe5:7645227d:5dd75df7:1c1},builtin_endpoint_set=3135,domain_id=0,default_unicast_locator={udp/192.168.50.95:42984},default_multicast_locator={udp/239.255.0.1:7401},metatraffic_unicast_locator={udp/192.168.50.95:42984},metatraffic_multicast_locator={udp/239.255.0.1:7400},adlink_participant_version_info=0:44:0:0:0:"ubuntu/0.9.1/Linux/Linux",cyclone_receive_buffer_size=425984}
1777481809.832313 [0] dq.builtin: SPDP ST0 110cfe5:7645227d:5dd75df7:1c1 (known) L(:1c1 2930.414042)
1777481810.435141 [0]        tev: thread_cputime 0.073723000
1777481810.435336 [0]     talker: write_sample 110ce4e:83e26d0:2ed73607:603 #161: ST0 rt/rosout/rcl_interfaces::msg::dds_::Log_:{{1777481810,435178093},20,"talker","Publishing: 'Hello World: 161'","/opt/ros/humble/src/demos/demo_nodes_cpp/src/topics/talker.cpp","operator()",47}
1777481810.443433 [0]     talker:  => EVERYONE
1777481810.443680 [0]     talker: write_sample 110ce4e:83e26d0:2ed73607:1503 #161: ST0 rt/chatter/std_msgs::msg::dds_::String_:{"Hello World: 161"}
1777481810.443745 [0]     talker:  => EVERYONE
1777481811.435529 [0]     talker: write_sample 110ce4e:83e26d0:2ed73607:603 #162: ST0 rt/rosout/rcl_interfaces::msg::dds_::Log_:{{1777481811,435262039},20,"talker","Publishing: 'Hello World: 162'","/opt/ros/humble/src/demos/demo_nodes_cpp/src/topics/talker.cpp","operator()",47}
1777481811.435794 [0]     talker:  => EVERYONE
1777481811.435876 [0]     talker: write_sample 110ce4e:83e26d0:2ed73607:1503 #162: ST0 rt/chatter/std_msgs::msg::dds_::String_:{"Hello World: 162"}
1777481811.435906 [0]     talker:  => EVERYONE
1777481811.832418 [0]         gc: thread_cputime 0.002473000
1777481812.435088 [0]        tev: thread_cputime 0.074119000
1777481812.435534 [0]     talker: write_sample 110ce4e:83e26d0:2ed73607:603 #163: ST0 rt/rosout/rcl_interfaces::msg::dds_::Log_:{{1777481812,435298447},20,"talker","Publishing: 'Hello World: 163'","/opt/ros/humble/src/demos/demo_nodes_cpp/src/topics/talker.cpp","operator()",47}
1777481812.435681 [0]     talker:  => EVERYONE
1777481812.435810 [0]     talker: write_sample 110ce4e:83e26d0:2ed73607:1503 #163: ST0 rt/chatter/std_msgs::msg::dds_::String_:{"Hello World: 163"}
1777481812.435846 [0]     talker:  => EVERYONE
1777481813.435261 [0]        tev: thread_cputime 0.074456000
1777481813.435702 [0]     talker: write_sample 110ce4e:83e26d0:2ed73607:603 #164: ST0 rt/rosout/rcl_interfaces::msg::dds_::Log_:{{1777481813,435385276},20,"talker","Publishing: 'Hello World: 164'","/opt/ros/humble/src/demos/demo_nodes_cpp/src/topics/talker.cpp","operator()",47}
1777481813.435867 [0]     talker:  => EVERYONE
1777481813.436058 [0]     talker: write_sample 110ce4e:83e26d0:2ed73607:1503 #164: ST0 rt/chatter/std_msgs::msg::dds_::String_:{"Hello World: 164"}
1777481813.436118 [0]     talker:  => EVERYONE
1777481814.435296 [0]        tev: thread_cputime 0.074864000
1777481814.435699 [0]     talker: write_sample 110ce4e:83e26d0:2ed73607:603 #165: ST0 rt/rosout/rcl_interfaces::msg::dds_::Log_:{{1777481814,435429592},20,"talker","Publishing: 'Hello World: 165'","/opt/ros/humble/src/demos/demo_nodes_cpp/src/topics/talker.cpp","operator()",47}
1777481814.435873 [0]     talker:  => EVERYONE
1777481814.436047 [0]     talker: write_sample 110ce4e:83e26d0:2ed73607:1503 #165: ST0 rt/chatter/std_msgs::msg::dds_::String_:{"Hello World: 165"}
1777481814.436126 [0]     talker:  => EVERYONE
1777481815.435689 [0]     talker: write_sample 110ce4e:83e26d0:2ed73607:603 #166: ST0 rt/rosout/rcl_interfaces::msg::dds_::Log_:{{1777481815,435435043},20,"talker","Publishing: 'Hello World: 166'","/opt/ros/humble/src/demos/demo_nodes_cpp/src/topics/talker.cpp","operator()",47}
1777481815.435903 [0]     talker:  => EVERYONE
1777481815.436071 [0]     talker: write_sample 110ce4e:83e26d0:2ed73607:1503 #166: ST0 rt/chatter/std_msgs::msg::dds_::String_:{"Hello World: 166"}
1777481815.436115 [0]     talker:  => EVERYONE
1777481816.435382 [0]        tev: thread_cputime 0.075429000
1777481816.435768 [0]     talker: write_sample 110ce4e:83e26d0:2ed73607:603 #167: ST0 rt/rosout/rcl_interfaces::msg::dds_::Log_:{{1777481816,435500643},20,"talker","Publishing: 'Hello World: 167'","/opt/ros/humble/src/demos/demo_nodes_cpp/src/topics/talker.cpp","operator()",47}
1777481816.435915 [0]     talker:  => EVERYONE
1777481816.436083 [0]     talker: write_sample 110ce4e:83e26d0:2ed73607:1503 #167: ST0 rt/chatter/std_msgs::msg::dds_::String_:{"Hello World: 167"}
1777481816.436113 [0]     talker:  => EVERYONE
1777481817.385771 [0]        tev: write_sample 110ce4e:83e26d0:2ed73607:200c2 #22: ST0 DCPSParticipantMessage/ParticipantMessageData:{110ce4e:83e26d0:2ed73607:1}:1<0>
1777481817.385907 [0]        tev: xpack_addmsg 0xffffa4001390 0xaaaaf5c36300 0(data(110ce4e:83e26d0:2ed73607:200c2:#22/1)): niov 0 sz 0 => now niov 3 sz 84
1777481817.385951 [0]        tev: writer_hbcontrol: wr 110ce4e:83e26d0:2ed73607:200c2 multicasting (rel-prd 1 seq-eq-max 1 seq 22 maxseq 21)
1777481817.385988 [0]        tev: heartbeat(wr 110ce4e:83e26d0:2ed73607:200c2) piggybacked, resched in 0.1 s (min-ack 21, avail-seq 22, xmit 21)
1777481817.386020 [0]        tev: xpack_addmsg 0xffffa4001390 0xaaaaf5c2f010 0(control): niov 3 sz 84 => now niov 4 sz 116
1777481817.386149 [0]        tev: nn_xpack_send 116: 0xffffa400139c:20 0xaaaaf5c363f8:36 0xffffa40027ec:28 0xaaaaf5c2f108:32 [ udp/192.168.50.95:42984@3 ]
1777481817.386180 [0]        tev: traffic-xmit (1) 116
1777481817.386215 [0]        tev: resched pmd(110ce4e:83e26d0:2ed73607:1c1): 8s
1777481817.386510 [0]     recvUC: HDR(110cfe5:7645227d:5dd75df7 vendor 1.16) len 64 from udp/192.168.50.95:47636
1777481817.386593 [0]     recvUC: INFODST(110ce4e:83e26d0:2ed73607)
1777481817.386643 [0]     recvUC: ACKNACK(F#25:23/0: L(:1c1 2937.968324) 110cfe5:7645227d:5dd75df7:200c7 -> 110ce4e:83e26d0:2ed73607:200c2 ACK1 RM0)
1777481817.386691 [0]     recvUC: thread_cputime 0.020176000
1777481817.435439 [0]        tev: thread_cputime 0.076333000
1777481817.435801 [0]     talker: write_sample 110ce4e:83e26d0:2ed73607:603 #168: ST0 rt/rosout/rcl_interfaces::msg::dds_::Log_:{{1777481817,435559156},20,"talker","Publishing: 'Hello World: 168'","/opt/ros/humble/src/demos/demo_nodes_cpp/src/topics/talker.cpp","operator()",47}
1777481817.435964 [0]     talker:  => EVERYONE
1777481817.436139 [0]     talker: write_sample 110ce4e:83e26d0:2ed73607:1503 #168: ST0 rt/chatter/std_msgs::msg::dds_::String_:{"Hello World: 168"}
1777481817.436199 [0]     talker:  => EVERYONE
1777481817.485733 [0]        tev: non-timed queue now has 1 items
1777481817.485896 [0]        tev: xmit spdp 110ce4e:83e26d0:2ed73607:1c1 to 0:0:0:100c7 (resched 8s)
1777481817.485967 [0]        tev: heartbeat(wr 110ce4e:83e26d0:2ed73607:200c2) suppressed, resched in inf s (min-ack 22, avail-seq 22, xmit 22)
1777481817.486028 [0]        tev: xpack_addmsg 0xffffa4001390 0xaaaaf5c36300 0(data(0:0:0:0:#0/1)): niov 0 sz 0 => now niov 3 sz 324
1777481817.486527 [0]       recv: HDR(110ce4e:83e26d0:2ed73607 vendor 1.16) len 324 from udp/192.168.50.95:60698
1777481817.486550 [0]        tev: nn_xpack_send 324: 0xffffa400139c:20 0xaaaaf5c363f8:36 0xaaaaf5be5864:268 [ udp/239.255.0.1:7400@3 ]
1777481817.486698 [0]       recv: INFOTS(1777481649.382771377)
1777481817.486840 [0]       recv: DATA(110ce4e:83e26d0:2ed73607:100c2 -> 0:0:0:0 #1)
1777481817.486853 [0]        tev: traffic-xmit (1) 324
1777481817.486934 [0]       recv: thread_cputime 0.007843000
1777481817.487100 [0] dq.builtin: data(builtin, vendor 1.16): 0:0:0:0 #1: ST0 /ParticipantBuiltinTopicData:{user_data=10<"enclave=/;">,protocol_version=2:1,vendorid=1:16,participant_lease_duration=10000000000,participant_guid={110ce4e:83e26d0:2ed73607:1c1},builtin_endpoint_set=3135,domain_id=0,default_unicast_locator={udp/192.168.50.95:59056},default_multicast_locator={udp/239.255.0.1:7401},metatraffic_unicast_locator={udp/192.168.50.95:59056},metatraffic_multicast_locator={udp/239.255.0.1:7400},adlink_participant_version_info=0:44:0:0:0:"ubuntu/0.9.1/Linux/Linux",cyclone_receive_buffer_size=425984}
1777481817.487275 [0] dq.builtin: SPDP ST0 110ce4e:83e26d0:2ed73607:1c1 (local)
1777481817.487371 [0] dq.builtin: thread_cputime 0.015347000
1777481817.733328 [0]     recvUC: HDR(110cfe5:7645227d:5dd75df7 vendor 1.16) len 116 from udp/192.168.50.95:47636
1777481817.733514 [0]     recvUC: INFOTS(1777481817.733021757)
1777481817.733579 [0]     recvUC: DATA(110cfe5:7645227d:5dd75df7:200c2 -> 0:0:0:0 #113 L(:1c1 2938.315239))
1777481817.733649 [0]     recvUC: HEARTBEAT(#27:113..113 110cfe5:7645227d:5dd75df7:200c2 -> 0:0:0:0: 110ce4e:83e26d0:2ed73607:200c7@113(sync))
1777481817.733771 [0] dq.builtin: data(builtin, vendor 1.16): 110cfe5:7645227d:5dd75df7:200c2 #113: ST0 DCPSParticipantMessage/ParticipantMessageData:{110cfe5:7645227d:5dd75df7:1}:1<0>
1777481817.733830 [0] dq.builtin:  PMD ST0 pp 110cfe5:7645227d:5dd75df7 kind 1 data 1
1777481817.733794 [0]        tev: acknack 110ce4e:83e26d0:2ed73607:200c7 -> 110cfe5:7645227d:5dd75df7:200c2: F#24:114/0:
1777481817.733988 [0]        tev: send acknack(rd 110ce4e:83e26d0:2ed73607:200c7 -> pwr 110cfe5:7645227d:5dd75df7:200c2)
1777481817.734036 [0]        tev: xpack_addmsg 0xffffa4001390 0xaaaaf5c36300 0(control): niov 0 sz 0 => now niov 2 sz 64
1777481817.734217 [0]        tev: nn_xpack_send 64: 0xffffa400139c:20 0xaaaaf5c363e8:44 [ udp/192.168.50.95:42984@3 ]
1777481817.734350 [0]        tev: traffic-xmit (1) 64
1777481817.831594 [0]       recv: HDR(110cfe5:7645227d:5dd75df7 vendor 1.16) len 324 from udp/192.168.50.95:47636
1777481817.831751 [0]       recv: INFOTS(1777480921.718474635)
1777481817.831845 [0]       recv: DATA(110cfe5:7645227d:5dd75df7:100c2 -> 0:0:0:0 #1)
1777481817.832031 [0] dq.builtin: data(builtin, vendor 1.16): 0:0:0:0 #1: ST0 /ParticipantBuiltinTopicData:{user_data=10<"enclave=/;">,protocol_version=2:1,vendorid=1:16,participant_lease_duration=10000000000,participant_guid={110cfe5:7645227d:5dd75df7:1c1},builtin_endpoint_set=3135,domain_id=0,default_unicast_locator={udp/192.168.50.95:42984},default_multicast_locator={udp/239.255.0.1:7401},metatraffic_unicast_locator={udp/192.168.50.95:42984},metatraffic_multicast_locator={udp/239.255.0.1:7400},adlink_participant_version_info=0:44:0:0:0:"ubuntu/0.9.1/Linux/Linux",cyclone_receive_buffer_size=425984}
1777481817.832137 [0] dq.builtin: SPDP ST0 110cfe5:7645227d:5dd75df7:1c1 (known) L(:1c1 2938.413857)
1777481818.435466 [0]        tev: thread_cputime 0.078181000
1777481818.435860 [0]     talker: write_sample 110ce4e:83e26d0:2ed73607:603 #169: ST0 rt/rosout/rcl_interfaces::msg::dds_::Log_:{{1777481818,435577717},20,"talker","Publishing: 'Hello World: 169'","/opt/ros/humble/src/demos/demo_nodes_cpp/src/topics/talker.cpp","operator()",47}
1777481818.435982 [0]     talker:  => EVERYONE
1777481818.436121 [0]     talker: write_sample 110ce4e:83e26d0:2ed73607:1503 #169: ST0 rt/chatter/std_msgs::msg::dds_::String_:{"Hello World: 169"}
1777481818.436161 [0]     talker:  => EVERYONE
1777481819.435534 [0]        tev: thread_cputime 0.078535000
1777481819.435877 [0]     talker: write_sample 110ce4e:83e26d0:2ed73607:603 #170: ST0 rt/rosout/rcl_interfaces::msg::dds_::Log_:{{1777481819,435654666},20,"talker","Publishing: 'Hello World: 170'","/opt/ros/humble/src/demos/demo_nodes_cpp/src/topics/talker.cpp","operator()",47}
1777481819.436001 [0]     talker:  => EVERYONE
1777481819.436155 [0]     talker: write_sample 110ce4e:83e26d0:2ed73607:1503 #170: ST0 rt/chatter/std_msgs::msg::dds_::String_:{"Hello World: 170"}
1777481819.436232 [0]     talker:  => EVERYONE
1777481819.832698 [0]         gc: thread_cputime 0.002473000
1777481820.435925 [0]     talker: write_sample 110ce4e:83e26d0:2ed73607:603 #171: ST0 rt/rosout/rcl_interfaces::msg::dds_::Log_:{{1777481820,435698799},20,"talker","Publishing: 'Hello World: 171'","/opt/ros/humble/src/demos/demo_nodes_cpp/src/topics/talker.cpp","operator()",47}
1777481820.436143 [0]     talker:  => EVERYONE
1777481820.436318 [0]     talker: write_sample 110ce4e:83e26d0:2ed73607:1503 #171: ST0 rt/chatter/std_msgs::msg::dds_::String_:{"Hello World: 171"}
1777481820.436417 [0]     talker:  => EVERYONE
1777481821.435678 [0]        tev: thread_cputime 0.079054000
1777481821.436008 [0]     talker: write_sample 110ce4e:83e26d0:2ed73607:603 #172: ST0 rt/rosout/rcl_interfaces::msg::dds_::Log_:{{1777481821,435733477},20,"talker","Publishing: 'Hello World: 172'","/opt/ros/humble/src/demos/demo_nodes_cpp/src/topics/talker.cpp","operator()",47}
1777481821.436183 [0]     talker:  => EVERYONE
1777481821.436376 [0]     talker: write_sample 110ce4e:83e26d0:2ed73607:1503 #172: ST0 rt/chatter/std_msgs::msg::dds_::String_:{"Hello World: 172"}
1777481821.436424 [0]     talker:  => EVERYONE
1777481822.435680 [0]        tev: thread_cputime 0.079374000
1777481822.435997 [0]     talker: write_sample 110ce4e:83e26d0:2ed73607:603 #173: ST0 rt/rosout/rcl_interfaces::msg::dds_::Log_:{{1777481822,435799470},20,"talker","Publishing: 'Hello World: 173'","/opt/ros/humble/src/demos/demo_nodes_cpp/src/topics/talker.cpp","operator()",47}
1777481822.436106 [0]     talker:  => EVERYONE
1777481822.436205 [0]     talker: write_sample 110ce4e:83e26d0:2ed73607:1503 #173: ST0 rt/chatter/std_msgs::msg::dds_::String_:{"Hello World: 173"}
1777481822.436246 [0]     talker:  => EVERYONE
1777481823.435821 [0]        tev: thread_cputime 0.079716000
1777481823.436082 [0]     talker: write_sample 110ce4e:83e26d0:2ed73607:603 #174: ST0 rt/rosout/rcl_interfaces::msg::dds_::Log_:{{1777481823,435839048},20,"talker","Publishing: 'Hello World: 174'","/opt/ros/humble/src/demos/demo_nodes_cpp/src/topics/talker.cpp","operator()",47}
1777481823.436199 [0]     talker:  => EVERYONE
1777481823.436345 [0]     talker: write_sample 110ce4e:83e26d0:2ed73607:1503 #174: ST0 rt/chatter/std_msgs::msg::dds_::String_:{"Hello World: 174"}
1777481823.436389 [0]     talker:  => EVERYONE
1777481824.435837 [0]        tev: thread_cputime 0.080028000
1777481824.436042 [0]     talker: write_sample 110ce4e:83e26d0:2ed73607:603 #175: ST0 rt/rosout/rcl_interfaces::msg::dds_::Log_:{{1777481824,435846450},20,"talker","Publishing: 'Hello World: 175'","/opt/ros/humble/src/demos/demo_nodes_cpp/src/topics/talker.cpp","operator()",47}
1777481824.444404 [0]     talker:  => EVERYONE
1777481824.444908 [0]     talker: write_sample 110ce4e:83e26d0:2ed73607:1503 #175: ST0 rt/chatter/std_msgs::msg::dds_::String_:{"Hello World: 175"}
1777481824.444995 [0]     talker:  => EVERYONE
1777481825.386034 [0]        tev: write_sample 110ce4e:83e26d0:2ed73607:200c2 #23: ST0 DCPSParticipantMessage/ParticipantMessageData:{110ce4e:83e26d0:2ed73607:1}:1<0>
1777481825.386372 [0]        tev: xpack_addmsg 0xffffa4001390 0xaaaaf5c36300 0(data(110ce4e:83e26d0:2ed73607:200c2:#23/1)): niov 0 sz 0 => now niov 3 sz 84
1777481825.386458 [0]        tev: writer_hbcontrol: wr 110ce4e:83e26d0:2ed73607:200c2 multicasting (rel-prd 1 seq-eq-max 1 seq 23 maxseq 22)
1777481825.386528 [0]        tev: heartbeat(wr 110ce4e:83e26d0:2ed73607:200c2) piggybacked, resched in 0.1 s (min-ack 22, avail-seq 23, xmit 22)
1777481825.386558 [0]        tev: xpack_addmsg 0xffffa4001390 0xaaaaf5c2f010 0(control): niov 3 sz 84 => now niov 4 sz 116
1777481825.386903 [0]        tev: nn_xpack_send 116: 0xffffa400139c:20 0xaaaaf5c363f8:36 0xffffa40014dc:28 0xaaaaf5c2f108:32 [ udp/192.168.50.95:42984@3 ]
1777481825.386997 [0]     recvUC: HDR(110cfe5:7645227d:5dd75df7 vendor 1.16) len 64 from udp/192.168.50.95:47636
1777481825.386947 [0]        tev: traffic-xmit (1) 116
1777481825.387187 [0]        tev: resched pmd(110ce4e:83e26d0:2ed73607:1c1): 8s
1777481825.387103 [0]     recvUC: INFODST(110ce4e:83e26d0:2ed73607)
1777481825.387299 [0]     recvUC: ACKNACK(F#26:24/0: L(:1c1 2945.968809) 110cfe5:7645227d:5dd75df7:200c7 -> 110ce4e:83e26d0:2ed73607:200c2 ACK1 RM0)
1777481825.387371 [0]     recvUC: thread_cputime 0.020176000
1777481825.436144 [0]     talker: write_sample 110ce4e:83e26d0:2ed73607:603 #176: ST0 rt/rosout/rcl_interfaces::msg::dds_::Log_:{{1777481825,435900144},20,"talker","Publishing: 'Hello World: 176'","/opt/ros/humble/src/demos/demo_nodes_cpp/src/topics/talker.cpp","operator()",47}
1777481825.436349 [0]     talker:  => EVERYONE
1777481825.436497 [0]     talker: write_sample 110ce4e:83e26d0:2ed73607:1503 #176: ST0 rt/chatter/std_msgs::msg::dds_::String_:{"Hello World: 176"}
1777481825.436544 [0]     talker:  => EVERYONE
1777481825.485868 [0]        tev: thread_cputime 0.081398000
1777481825.486127 [0]        tev: non-timed queue now has 1 items
1777481825.486188 [0]        tev: xmit spdp 110ce4e:83e26d0:2ed73607:1c1 to 0:0:0:100c7 (resched 8s)
1777481825.486235 [0]        tev: heartbeat(wr 110ce4e:83e26d0:2ed73607:200c2) suppressed, resched in inf s (min-ack 23, avail-seq 23, xmit 23)
1777481825.486360 [0]        tev: xpack_addmsg 0xffffa4001390 0xaaaaf5c36300 0(data(0:0:0:0:#0/1)): niov 0 sz 0 => now niov 3 sz 324
1777481825.486692 [0]        tev: nn_xpack_send 324: 0xffffa400139c:20 0xaaaaf5c363f8:36 0xaaaaf5be5864:268 [ udp/239.255.0.1:7400@3 ]
1777481825.486780 [0]        tev: traffic-xmit (1) 324
1777481825.486695 [0]       recv: HDR(110ce4e:83e26d0:2ed73607 vendor 1.16) len 324 from udp/192.168.50.95:60698
1777481825.486930 [0]       recv: INFOTS(1777481649.382771377)
1777481825.487019 [0]       recv: DATA(110ce4e:83e26d0:2ed73607:100c2 -> 0:0:0:0 #1)
1777481825.487088 [0]       recv: thread_cputime 0.008200000
1777481825.487156 [0] dq.builtin: data(builtin, vendor 1.16): 0:0:0:0 #1: ST0 /ParticipantBuiltinTopicData:{user_data=10<"enclave=/;">,protocol_version=2:1,vendorid=1:16,participant_lease_duration=10000000000,participant_guid={110ce4e:83e26d0:2ed73607:1c1},builtin_endpoint_set=3135,domain_id=0,default_unicast_locator={udp/192.168.50.95:59056},default_multicast_locator={udp/239.255.0.1:7401},metatraffic_unicast_locator={udp/192.168.50.95:59056},metatraffic_multicast_locator={udp/239.255.0.1:7400},adlink_participant_version_info=0:44:0:0:0:"ubuntu/0.9.1/Linux/Linux",cyclone_receive_buffer_size=425984}
1777481825.487343 [0] dq.builtin: SPDP ST0 110ce4e:83e26d0:2ed73607:1c1 (local)
1777481825.487382 [0] dq.builtin: thread_cputime 0.016035000
1777481825.733455 [0]     recvUC: HDR(110cfe5:7645227d:5dd75df7 vendor 1.16) len 116 from udp/192.168.50.95:47636
1777481825.733634 [0]     recvUC: INFOTS(1777481825.733143436)
1777481825.733754 [0]     recvUC: DATA(110cfe5:7645227d:5dd75df7:200c2 -> 0:0:0:0 #114 L(:1c1 2946.315358))
1777481825.733854 [0]     recvUC: HEARTBEAT(#28:114..114 110cfe5:7645227d:5dd75df7:200c2 -> 0:0:0:0: 110ce4e:83e26d0:2ed73607:200c7@114(sync))
1777481825.733967 [0]        tev: acknack 110ce4e:83e26d0:2ed73607:200c7 -> 110cfe5:7645227d:5dd75df7:200c2: F#25:115/0:
1777481825.734042 [0] dq.builtin: data(builtin, vendor 1.16): 110cfe5:7645227d:5dd75df7:200c2 #114: ST0 DCPSParticipantMessage/ParticipantMessageData:{110cfe5:7645227d:5dd75df7:1}:1<0>
1777481825.734097 [0]        tev: send acknack(rd 110ce4e:83e26d0:2ed73607:200c7 -> pwr 110cfe5:7645227d:5dd75df7:200c2)
1777481825.734249 [0] dq.builtin:  PMD ST0 pp 110cfe5:7645227d:5dd75df7 kind 1 data 1
1777481825.734364 [0]        tev: xpack_addmsg 0xffffa4001390 0xaaaaf5c36300 0(control): niov 0 sz 0 => now niov 2 sz 64
1777481825.734601 [0]        tev: nn_xpack_send 64: 0xffffa400139c:20 0xaaaaf5c363e8:44 [ udp/192.168.50.95:42984@3 ]
1777481825.734652 [0]        tev: traffic-xmit (1) 64
1777481825.831859 [0]       recv: HDR(110cfe5:7645227d:5dd75df7 vendor 1.16) len 324 from udp/192.168.50.95:47636
1777481825.832006 [0]       recv: INFOTS(1777480921.718474635)
1777481825.832114 [0]       recv: DATA(110cfe5:7645227d:5dd75df7:100c2 -> 0:0:0:0 #1)
1777481825.832314 [0] dq.builtin: data(builtin, vendor 1.16): 0:0:0:0 #1: ST0 /ParticipantBuiltinTopicData:{user_data=10<"enclave=/;">,protocol_version=2:1,vendorid=1:16,participant_lease_duration=10000000000,participant_guid={110cfe5:7645227d:5dd75df7:1c1},builtin_endpoint_set=3135,domain_id=0,default_unicast_locator={udp/192.168.50.95:42984},default_multicast_locator={udp/239.255.0.1:7401},metatraffic_unicast_locator={udp/192.168.50.95:42984},metatraffic_multicast_locator={udp/239.255.0.1:7400},adlink_participant_version_info=0:44:0:0:0:"ubuntu/0.9.1/Linux/Linux",cyclone_receive_buffer_size=425984}
1777481825.832562 [0] dq.builtin: SPDP ST0 110cfe5:7645227d:5dd75df7:1c1 (known) L(:1c1 2946.414286)
1777481826.436220 [0]     talker: write_sample 110ce4e:83e26d0:2ed73607:603 #177: ST0 rt/rosout/rcl_interfaces::msg::dds_::Log_:{{1777481826,435978433},20,"talker","Publishing: 'Hello World: 177'","/opt/ros/humble/src/demos/demo_nodes_cpp/src/topics/talker.cpp","operator()",47}
1777481826.436400 [0]     talker:  => EVERYONE
1777481826.436508 [0]     talker: write_sample 110ce4e:83e26d0:2ed73607:1503 #177: ST0 rt/chatter/std_msgs::msg::dds_::String_:{"Hello World: 177"}
1777481826.436571 [0]     talker:  => EVERYONE
1777481827.435916 [0]        tev: thread_cputime 0.082970000
1777481827.436215 [0]     talker: write_sample 110ce4e:83e26d0:2ed73607:603 #178: ST0 rt/rosout/rcl_interfaces::msg::dds_::Log_:{{1777481827,436007809},20,"talker","Publishing: 'Hello World: 178'","/opt/ros/humble/src/demos/demo_nodes_cpp/src/topics/talker.cpp","operator()",47}
1777481827.436271 [0]     talker:  => EVERYONE
1777481827.436344 [0]     talker: write_sample 110ce4e:83e26d0:2ed73607:1503 #178: ST0 rt/chatter/std_msgs::msg::dds_::String_:{"Hello World: 178"}
1777481827.436374 [0]     talker:  => EVERYONE
1777481827.832531 [0]         gc: thread_cputime 0.002473000
1777481828.436001 [0]        tev: thread_cputime 0.083286000
1777481828.436248 [0]     talker: write_sample 110ce4e:83e26d0:2ed73607:603 #179: ST0 rt/rosout/rcl_interfaces::msg::dds_::Log_:{{1777481828,436057396},20,"talker","Publishing: 'Hello World: 179'","/opt/ros/humble/src/demos/demo_nodes_cpp/src/topics/talker.cpp","operator()",47}
1777481828.436301 [0]     talker:  => EVERYONE
1777481828.436372 [0]     talker: write_sample 110ce4e:83e26d0:2ed73607:1503 #179: ST0 rt/chatter/std_msgs::msg::dds_::String_:{"Hello World: 179"}
1777481828.436401 [0]     talker:  => EVERYONE
1777481829.435985 [0]        tev: thread_cputime 0.083665000
1777481829.436343 [0]     talker: write_sample 110ce4e:83e26d0:2ed73607:603 #180: ST0 rt/rosout/rcl_interfaces::msg::dds_::Log_:{{1777481829,436178172},20,"talker","Publishing: 'Hello World: 180'","/opt/ros/humble/src/demos/demo_nodes_cpp/src/topics/talker.cpp","operator()",47}
1777481829.444709 [0]     talker:  => EVERYONE
1777481829.444995 [0]     talker: write_sample 110ce4e:83e26d0:2ed73607:1503 #180: ST0 rt/chatter/std_msgs::msg::dds_::String_:{"Hello World: 180"}
1777481829.445138 [0]     talker:  => EVERYONE
1777481830.436043 [0]        tev: thread_cputime 0.083843000
1777481830.436470 [0]     talker: write_sample 110ce4e:83e26d0:2ed73607:603 #181: ST0 rt/rosout/rcl_interfaces::msg::dds_::Log_:{{1777481830,436189681},20,"talker","Publishing: 'Hello World: 181'","/opt/ros/humble/src/demos/demo_nodes_cpp/src/topics/talker.cpp","operator()",47}
1777481830.436645 [0]     talker:  => EVERYONE
1777481830.436805 [0]     talker: write_sample 110ce4e:83e26d0:2ed73607:1503 #181: ST0 rt/chatter/std_msgs::msg::dds_::String_:{"Hello World: 181"}
1777481830.436847 [0]     talker:  => EVERYONE
1777481831.436138 [0]        tev: thread_cputime 0.084167000
1777481831.436503 [0]     talker: write_sample 110ce4e:83e26d0:2ed73607:603 #182: ST0 rt/rosout/rcl_interfaces::msg::dds_::Log_:{{1777481831,436240346},20,"talker","Publishing: 'Hello World: 182'","/opt/ros/humble/src/demos/demo_nodes_cpp/src/topics/talker.cpp","operator()",47}
1777481831.436639 [0]     talker:  => EVERYONE
1777481831.436805 [0]     talker: write_sample 110ce4e:83e26d0:2ed73607:1503 #182: ST0 rt/chatter/std_msgs::msg::dds_::String_:{"Hello World: 182"}
1777481831.436866 [0]     talker:  => EVERYONE
1777481832.436137 [0]        tev: thread_cputime 0.084472000
1777481832.436539 [0]     talker: write_sample 110ce4e:83e26d0:2ed73607:603 #183: ST0 rt/rosout/rcl_interfaces::msg::dds_::Log_:{{1777481832,436280852},20,"talker","Publishing: 'Hello World: 183'","/opt/ros/humble/src/demos/demo_nodes_cpp/src/topics/talker.cpp","operator()",47}
1777481832.436713 [0]     talker:  => EVERYONE
1777481832.436883 [0]     talker: write_sample 110ce4e:83e26d0:2ed73607:1503 #183: ST0 rt/chatter/std_msgs::msg::dds_::String_:{"Hello World: 183"}
1777481832.437001 [0]     talker:  => EVERYONE
1777481833.386127 [0]        tev: write_sample 110ce4e:83e26d0:2ed73607:200c2 #24: ST0 DCPSParticipantMessage/ParticipantMessageData:{110ce4e:83e26d0:2ed73607:1}:1<0>
1777481833.386385 [0]        tev: xpack_addmsg 0xffffa4001390 0xaaaaf5c36300 0(data(110ce4e:83e26d0:2ed73607:200c2:#24/1)): niov 0 sz 0 => now niov 3 sz 84
1777481833.386432 [0]        tev: writer_hbcontrol: wr 110ce4e:83e26d0:2ed73607:200c2 multicasting (rel-prd 1 seq-eq-max 1 seq 24 maxseq 23)
1777481833.386472 [0]        tev: heartbeat(wr 110ce4e:83e26d0:2ed73607:200c2) piggybacked, resched in 0.1 s (min-ack 23, avail-seq 24, xmit 23)
1777481833.386505 [0]        tev: xpack_addmsg 0xffffa4001390 0xaaaaf5c2f010 0(control): niov 3 sz 84 => now niov 4 sz 116
1777481833.386642 [0]        tev: nn_xpack_send 116: 0xffffa400139c:20 0xaaaaf5c363f8:36 0xffffa40027ec:28 0xaaaaf5c2f108:32 [ udp/192.168.50.95:42984@3 ]
1777481833.386677 [0]        tev: traffic-xmit (1) 116
1777481833.386726 [0]        tev: resched pmd(110ce4e:83e26d0:2ed73607:1c1): 8s
1777481833.386921 [0]     recvUC: HDR(110cfe5:7645227d:5dd75df7 vendor 1.16) len 64 from udp/192.168.50.95:47636
1777481833.387005 [0]     recvUC: INFODST(110ce4e:83e26d0:2ed73607)
1777481833.387073 [0]     recvUC: ACKNACK(F#27:25/0: L(:1c1 2953.968737) 110cfe5:7645227d:5dd75df7:200c7 -> 110ce4e:83e26d0:2ed73607:200c2 ACK1 RM0)
1777481833.387111 [0]     recvUC: thread_cputime 0.020176000
1777481833.436199 [0]        tev: thread_cputime 0.085495000
1777481833.436760 [0]     talker: write_sample 110ce4e:83e26d0:2ed73607:603 #184: ST0 rt/rosout/rcl_interfaces::msg::dds_::Log_:{{1777481833,436402980},20,"talker","Publishing: 'Hello World: 184'","/opt/ros/humble/src/demos/demo_nodes_cpp/src/topics/talker.cpp","operator()",47}
1777481833.436951 [0]     talker:  => EVERYONE
1777481833.437198 [0]     talker: write_sample 110ce4e:83e26d0:2ed73607:1503 #184: ST0 rt/chatter/std_msgs::msg::dds_::String_:{"Hello World: 184"}
1777481833.437351 [0]     talker:  => EVERYONE
1777481833.486106 [0]        tev: non-timed queue now has 1 items
1777481833.486463 [0]        tev: xmit spdp 110ce4e:83e26d0:2ed73607:1c1 to 0:0:0:100c7 (resched 8s)
1777481833.486564 [0]        tev: heartbeat(wr 110ce4e:83e26d0:2ed73607:200c2) suppressed, resched in inf s (min-ack 24, avail-seq 24, xmit 24)
1777481833.486637 [0]        tev: xpack_addmsg 0xffffa4001390 0xaaaaf5c36300 0(data(0:0:0:0:#0/1)): niov 0 sz 0 => now niov 3 sz 324
1777481833.487067 [0]       recv: HDR(110ce4e:83e26d0:2ed73607 vendor 1.16) len 324 from udp/192.168.50.95:60698
1777481833.487315 [0]       recv: INFOTS(1777481649.382771377)
1777481833.487519 [0]       recv: DATA(110ce4e:83e26d0:2ed73607:100c2 -> 0:0:0:0 #1)
1777481833.487666 [0]       recv: thread_cputime 0.008896000
1777481833.487728 [0] dq.builtin: data(builtin, vendor 1.16): 0:0:0:0 #1: ST0 /ParticipantBuiltinTopicData:{user_data=10<"enclave=/;">,protocol_version=2:1,vendorid=1:16,participant_lease_duration=10000000000,participant_guid={110ce4e:83e26d0:2ed73607:1c1},builtin_endpoint_set=3135,domain_id=0,default_unicast_locator={udp/192.168.50.95:59056},default_multicast_locator={udp/239.255.0.1:7401},metatraffic_unicast_locator={udp/192.168.50.95:59056},metatraffic_multicast_locator={udp/239.255.0.1:7400},adlink_participant_version_info=0:44:0:0:0:"ubuntu/0.9.1/Linux/Linux",cyclone_receive_buffer_size=425984}
1777481833.487339 [0]        tev: nn_xpack_send 324: 0xffffa400139c:20 0xaaaaf5c363f8:36 0xaaaaf5be5864:268 [ udp/239.255.0.1:7400@3 ]
1777481833.487914 [0] dq.builtin: SPDP ST0 110ce4e:83e26d0:2ed73607:1c1 (local)
1777481833.488065 [0]        tev: traffic-xmit (1) 324
1777481833.488204 [0] dq.builtin: thread_cputime 0.016900000
1777481833.733630 [0]     recvUC: HDR(110cfe5:7645227d:5dd75df7 vendor 1.16) len 116 from udp/192.168.50.95:47636
1777481833.733860 [0]     recvUC: INFOTS(1777481833.733300333)
1777481833.733960 [0]     recvUC: DATA(110cfe5:7645227d:5dd75df7:200c2 -> 0:0:0:0 #115 L(:1c1 2954.315586))
1777481833.734079 [0]     recvUC: HEARTBEAT(#29:115..115 110cfe5:7645227d:5dd75df7:200c2 -> 0:0:0:0: 110ce4e:83e26d0:2ed73607:200c7@115(sync))
1777481833.734205 [0]        tev: acknack 110ce4e:83e26d0:2ed73607:200c7 -> 110cfe5:7645227d:5dd75df7:200c2: F#26:116/0:
1777481833.734378 [0]        tev: send acknack(rd 110ce4e:83e26d0:2ed73607:200c7 -> pwr 110cfe5:7645227d:5dd75df7:200c2)
1777481833.734424 [0]        tev: xpack_addmsg 0xffffa4001390 0xaaaaf5c36300 0(control): niov 0 sz 0 => now niov 2 sz 64
1777481833.734386 [0] dq.builtin: data(builtin, vendor 1.16): 110cfe5:7645227d:5dd75df7:200c2 #115: ST0 DCPSParticipantMessage/ParticipantMessageData:{110cfe5:7645227d:5dd75df7:1}:1<0>
1777481833.734566 [0]        tev: nn_xpack_send 64: 0xffffa400139c:20 0xaaaaf5c363e8:44 [ udp/192.168.50.95:42984@3 ]
1777481833.734618 [0] dq.builtin:  PMD ST0 pp 110cfe5:7645227d:5dd75df7 kind 1 data 1
1777481833.734662 [0]        tev: traffic-xmit (1) 64
1777481833.831966 [0]       recv: HDR(110cfe5:7645227d:5dd75df7 vendor 1.16) len 324 from udp/192.168.50.95:47636
1777481833.832155 [0]       recv: INFOTS(1777480921.718474635)
1777481833.832287 [0]       recv: DATA(110cfe5:7645227d:5dd75df7:100c2 -> 0:0:0:0 #1)
1777481833.832448 [0] dq.builtin: data(builtin, vendor 1.16): 0:0:0:0 #1: ST0 /ParticipantBuiltinTopicData:{user_data=10<"enclave=/;">,protocol_version=2:1,vendorid=1:16,participant_lease_duration=10000000000,participant_guid={110cfe5:7645227d:5dd75df7:1c1},builtin_endpoint_set=3135,domain_id=0,default_unicast_locator={udp/192.168.50.95:42984},default_multicast_locator={udp/239.255.0.1:7401},metatraffic_unicast_locator={udp/192.168.50.95:42984},metatraffic_multicast_locator={udp/239.255.0.1:7400},adlink_participant_version_info=0:44:0:0:0:"ubuntu/0.9.1/Linux/Linux",cyclone_receive_buffer_size=425984}
1777481833.832573 [0] dq.builtin: SPDP ST0 110cfe5:7645227d:5dd75df7:1c1 (known) L(:1c1 2954.414275)
1777481834.436635 [0]     talker: write_sample 110ce4e:83e26d0:2ed73607:603 #185: ST0 rt/rosout/rcl_interfaces::msg::dds_::Log_:{{1777481834,436364510},20,"talker","Publishing: 'Hello World: 185'","/opt/ros/humble/src/demos/demo_nodes_cpp/src/topics/talker.cpp","operator()",47}
1777481834.436842 [0]     talker:  => EVERYONE
1777481834.445157 [0]     talker: write_sample 110ce4e:83e26d0:2ed73607:1503 #185: ST0 rt/chatter/std_msgs::msg::dds_::String_:{"Hello World: 185"}
1777481834.445296 [0]     talker:  => EVERYONE
1777481835.436267 [0]        tev: thread_cputime 0.087828000
1777481835.436594 [0]     talker: write_sample 110ce4e:83e26d0:2ed73607:603 #186: ST0 rt/rosout/rcl_interfaces::msg::dds_::Log_:{{1777481835,436412814},20,"talker","Publishing: 'Hello World: 186'","/opt/ros/humble/src/demos/demo_nodes_cpp/src/topics/talker.cpp","operator()",47}
1777481835.436679 [0]     talker:  => EVERYONE
1777481835.436776 [0]     talker: write_sample 110ce4e:83e26d0:2ed73607:1503 #186: ST0 rt/chatter/std_msgs::msg::dds_::String_:{"Hello World: 186"}
1777481835.436817 [0]     talker:  => EVERYONE
1777481835.832965 [0]         gc: thread_cputime 0.002473000
1777481836.436336 [0]        tev: thread_cputime 0.088165000
1777481836.436666 [0]     talker: write_sample 110ce4e:83e26d0:2ed73607:603 #187: ST0 rt/rosout/rcl_interfaces::msg::dds_::Log_:{{1777481836,436458896},20,"talker","Publishing: 'Hello World: 187'","/opt/ros/humble/src/demos/demo_nodes_cpp/src/topics/talker.cpp","operator()",47}
1777481836.436755 [0]     talker:  => EVERYONE
1777481836.436871 [0]     talker: write_sample 110ce4e:83e26d0:2ed73607:1503 #187: ST0 rt/chatter/std_msgs::msg::dds_::String_:{"Hello World: 187"}
1777481836.436914 [0]     talker:  => EVERYONE
1777481837.436371 [0]        tev: thread_cputime 0.088496000
1777481837.436794 [0]     talker: write_sample 110ce4e:83e26d0:2ed73607:603 #188: ST0 rt/rosout/rcl_interfaces::msg::dds_::Log_:{{1777481837,436520709},20,"talker","Publishing: 'Hello World: 188'","/opt/ros/humble/src/demos/demo_nodes_cpp/src/topics/talker.cpp","operator()",47}
1777481837.436939 [0]     talker:  => EVERYONE
1777481837.437159 [0]     talker: write_sample 110ce4e:83e26d0:2ed73607:1503 #188: ST0 rt/chatter/std_msgs::msg::dds_::String_:{"Hello World: 188"}
1777481837.437250 [0]     talker:  => EVERYONE
1777481838.436389 [0]        tev: thread_cputime 0.088840000
1777481838.436797 [0]     talker: write_sample 110ce4e:83e26d0:2ed73607:603 #189: ST0 rt/rosout/rcl_interfaces::msg::dds_::Log_:{{1777481838,436550955},20,"talker","Publishing: 'Hello World: 189'","/opt/ros/humble/src/demos/demo_nodes_cpp/src/topics/talker.cpp","operator()",47}
1777481838.436927 [0]     talker:  => EVERYONE
1777481838.437101 [0]     talker: write_sample 110ce4e:83e26d0:2ed73607:1503 #189: ST0 rt/chatter/std_msgs::msg::dds_::String_:{"Hello World: 189"}
1777481838.437163 [0]     talker:  => EVERYONE
1777481839.436493 [0]        tev: thread_cputime 0.089180000
1777481839.436812 [0]     talker: write_sample 110ce4e:83e26d0:2ed73607:603 #190: ST0 rt/rosout/rcl_interfaces::msg::dds_::Log_:{{1777481839,436607076},20,"talker","Publishing: 'Hello World: 190'","/opt/ros/humble/src/demos/demo_nodes_cpp/src/topics/talker.cpp","operator()",47}
1777481839.444896 [0]     talker:  => EVERYONE
1777481839.445162 [0]     talker: write_sample 110ce4e:83e26d0:2ed73607:1503 #190: ST0 rt/chatter/std_msgs::msg::dds_::String_:{"Hello World: 190"}
1777481839.445267 [0]     talker:  => EVERYONE
1777481840.436591 [0]        tev: thread_cputime 0.089549000
1777481840.436929 [0]     talker: write_sample 110ce4e:83e26d0:2ed73607:603 #191: ST0 rt/rosout/rcl_interfaces::msg::dds_::Log_:{{1777481840,436660367},20,"talker","Publishing: 'Hello World: 191'","/opt/ros/humble/src/demos/demo_nodes_cpp/src/topics/talker.cpp","operator()",47}
1777481840.437064 [0]     talker:  => EVERYONE
1777481840.437265 [0]     talker: write_sample 110ce4e:83e26d0:2ed73607:1503 #191: ST0 rt/chatter/std_msgs::msg::dds_::String_:{"Hello World: 191"}
1777481840.437359 [0]     talker:  => EVERYONE
1777481841.386200 [0]        tev: write_sample 110ce4e:83e26d0:2ed73607:200c2 #25: ST0 DCPSParticipantMessage/ParticipantMessageData:{110ce4e:83e26d0:2ed73607:1}:1<0>
1777481841.386414 [0]        tev: xpack_addmsg 0xffffa4001390 0xaaaaf5c36300 0(data(110ce4e:83e26d0:2ed73607:200c2:#25/1)): niov 0 sz 0 => now niov 3 sz 84
1777481841.386485 [0]        tev: writer_hbcontrol: wr 110ce4e:83e26d0:2ed73607:200c2 multicasting (rel-prd 1 seq-eq-max 1 seq 25 maxseq 24)
1777481841.386549 [0]        tev: heartbeat(wr 110ce4e:83e26d0:2ed73607:200c2) piggybacked, resched in 0.1 s (min-ack 24, avail-seq 25, xmit 24)
1777481841.386605 [0]        tev: xpack_addmsg 0xffffa4001390 0xaaaaf5c2f010 0(control): niov 3 sz 84 => now niov 4 sz 116
1777481841.386987 [0]        tev: nn_xpack_send 116: 0xffffa400139c:20 0xaaaaf5c363f8:36 0xffffa40014dc:28 0xaaaaf5c2f108:32 [ udp/192.168.50.95:42984@3 ]
1777481841.387066 [0]        tev: traffic-xmit (1) 116
1777481841.387132 [0]     recvUC: HDR(110cfe5:7645227d:5dd75df7 vendor 1.16) len 64 from udp/192.168.50.95:47636
1777481841.387307 [0]     recvUC: INFODST(110ce4e:83e26d0:2ed73607)
1777481841.387383 [0]     recvUC: ACKNACK(F#28:26/0: L(:1c1 2961.968997) 110cfe5:7645227d:5dd75df7:200c7 -> 110ce4e:83e26d0:2ed73607:200c2 ACK1 RM0)
1777481841.387444 [0]     recvUC: thread_cputime 0.020769000
1777481841.387530 [0]        tev: resched pmd(110ce4e:83e26d0:2ed73607:1c1): 8s
1777481841.436584 [0]        tev: thread_cputime 0.090830000
1777481841.436895 [0]     talker: write_sample 110ce4e:83e26d0:2ed73607:603 #192: ST0 rt/rosout/rcl_interfaces::msg::dds_::Log_:{{1777481841,436672938},20,"talker","Publishing: 'Hello World: 192'","/opt/ros/humble/src/demos/demo_nodes_cpp/src/topics/talker.cpp","operator()",47}
1777481841.437030 [0]     talker:  => EVERYONE
1777481841.437212 [0]     talker: write_sample 110ce4e:83e26d0:2ed73607:1503 #192: ST0 rt/chatter/std_msgs::msg::dds_::String_:{"Hello World: 192"}
1777481841.437291 [0]     talker:  => EVERYONE
1777481841.486187 [0]        tev: non-timed queue now has 1 items
1777481841.486490 [0]        tev: xmit spdp 110ce4e:83e26d0:2ed73607:1c1 to 0:0:0:100c7 (resched 8s)
1777481841.486562 [0]        tev: heartbeat(wr 110ce4e:83e26d0:2ed73607:200c2) suppressed, resched in inf s (min-ack 25, avail-seq 25, xmit 25)
1777481841.486712 [0]        tev: xpack_addmsg 0xffffa4001390 0xaaaaf5c36300 0(data(0:0:0:0:#0/1)): niov 0 sz 0 => now niov 3 sz 324
1777481841.486980 [0]       recv: HDR(110ce4e:83e26d0:2ed73607 vendor 1.16) len 324 from udp/192.168.50.95:60698
1777481841.487020 [0]       recv: INFOTS(1777481649.382771377)
1777481841.487062 [0]       recv: DATA(110ce4e:83e26d0:2ed73607:100c2 -> 0:0:0:0 #1)
1777481841.487097 [0]       recv: thread_cputime 0.009302000
1777481841.487162 [0]        tev: nn_xpack_send 324: 0xffffa400139c:20 0xaaaaf5c363f8:36 0xaaaaf5be5864:268 [ udp/239.255.0.1:7400@3 ]
1777481841.487205 [0]        tev: traffic-xmit (1) 324
1777481841.487208 [0] dq.builtin: data(builtin, vendor 1.16): 0:0:0:0 #1: ST0 /ParticipantBuiltinTopicData:{user_data=10<"enclave=/;">,protocol_version=2:1,vendorid=1:16,participant_lease_duration=10000000000,participant_guid={110ce4e:83e26d0:2ed73607:1c1},builtin_endpoint_set=3135,domain_id=0,default_unicast_locator={udp/192.168.50.95:59056},default_multicast_locator={udp/239.255.0.1:7401},metatraffic_unicast_locator={udp/192.168.50.95:59056},metatraffic_multicast_locator={udp/239.255.0.1:7400},adlink_participant_version_info=0:44:0:0:0:"ubuntu/0.9.1/Linux/Linux",cyclone_receive_buffer_size=425984}
1777481841.487332 [0] dq.builtin: SPDP ST0 110ce4e:83e26d0:2ed73607:1c1 (local)
1777481841.487388 [0] dq.builtin: thread_cputime 0.017873000
1777481841.733733 [0]     recvUC: HDR(110cfe5:7645227d:5dd75df7 vendor 1.16) len 116 from udp/192.168.50.95:47636
1777481841.733905 [0]     recvUC: INFOTS(1777481841.733400139)
1777481841.733979 [0]     recvUC: DATA(110cfe5:7645227d:5dd75df7:200c2 -> 0:0:0:0 #116 L(:1c1 2962.315631))
1777481841.734059 [0]     recvUC: HEARTBEAT(#30:116..116 110cfe5:7645227d:5dd75df7:200c2 -> 0:0:0:0: 110ce4e:83e26d0:2ed73607:200c7@116(sync))
1777481841.734200 [0] dq.builtin: data(builtin, vendor 1.16): 110cfe5:7645227d:5dd75df7:200c2 #116: ST0 DCPSParticipantMessage/ParticipantMessageData:{110cfe5:7645227d:5dd75df7:1}:1<0>
1777481841.734398 [0] dq.builtin:  PMD ST0 pp 110cfe5:7645227d:5dd75df7 kind 1 data 1
1777481841.734257 [0]        tev: acknack 110ce4e:83e26d0:2ed73607:200c7 -> 110cfe5:7645227d:5dd75df7:200c2: F#27:117/0:
1777481841.734532 [0]        tev: send acknack(rd 110ce4e:83e26d0:2ed73607:200c7 -> pwr 110cfe5:7645227d:5dd75df7:200c2)
1777481841.734629 [0]        tev: xpack_addmsg 0xffffa4001390 0xaaaaf5c36300 0(control): niov 0 sz 0 => now niov 2 sz 64
1777481841.734804 [0]        tev: nn_xpack_send 64: 0xffffa400139c:20 0xaaaaf5c363e8:44 [ udp/192.168.50.95:42984@3 ]
1777481841.734843 [0]        tev: traffic-xmit (1) 64
1777481841.832345 [0]       recv: HDR(110cfe5:7645227d:5dd75df7 vendor 1.16) len 324 from udp/192.168.50.95:47636
1777481841.832513 [0]       recv: INFOTS(1777480921.718474635)
1777481841.832574 [0]       recv: DATA(110cfe5:7645227d:5dd75df7:100c2 -> 0:0:0:0 #1)
1777481841.832741 [0] dq.builtin: data(builtin, vendor 1.16): 0:0:0:0 #1: ST0 /ParticipantBuiltinTopicData:{user_data=10<"enclave=/;">,protocol_version=2:1,vendorid=1:16,participant_lease_duration=10000000000,participant_guid={110cfe5:7645227d:5dd75df7:1c1},builtin_endpoint_set=3135,domain_id=0,default_unicast_locator={udp/192.168.50.95:42984},default_multicast_locator={udp/239.255.0.1:7401},metatraffic_unicast_locator={udp/192.168.50.95:42984},metatraffic_multicast_locator={udp/239.255.0.1:7400},adlink_participant_version_info=0:44:0:0:0:"ubuntu/0.9.1/Linux/Linux",cyclone_receive_buffer_size=425984}
1777481841.832858 [0] dq.builtin: SPDP ST0 110cfe5:7645227d:5dd75df7:1c1 (known) L(:1c1 2962.414586)
1777481842.436694 [0]        tev: thread_cputime 0.092572000
1777481842.437057 [0]     talker: write_sample 110ce4e:83e26d0:2ed73607:603 #193: ST0 rt/rosout/rcl_interfaces::msg::dds_::Log_:{{1777481842,436744635},20,"talker","Publishing: 'Hello World: 193'","/opt/ros/humble/src/demos/demo_nodes_cpp/src/topics/talker.cpp","operator()",47}
1777481842.437195 [0]     talker:  => EVERYONE
1777481842.437363 [0]     talker: write_sample 110ce4e:83e26d0:2ed73607:1503 #193: ST0 rt/chatter/std_msgs::msg::dds_::String_:{"Hello World: 193"}
1777481842.437469 [0]     talker:  => EVERYONE
1777481843.436824 [0]        tev: thread_cputime 0.092921000
1777481843.436987 [0]     talker: write_sample 110ce4e:83e26d0:2ed73607:603 #194: ST0 rt/rosout/rcl_interfaces::msg::dds_::Log_:{{1777481843,436784412},20,"talker","Publishing: 'Hello World: 194'","/opt/ros/humble/src/demos/demo_nodes_cpp/src/topics/talker.cpp","operator()",47}
1777481843.437102 [0]     talker:  => EVERYONE
1777481843.437251 [0]     talker: write_sample 110ce4e:83e26d0:2ed73607:1503 #194: ST0 rt/chatter/std_msgs::msg::dds_::String_:{"Hello World: 194"}
1777481843.437327 [0]     talker:  => EVERYONE
1777481843.832914 [0]         gc: thread_cputime 0.002473000
1777481844.437085 [0]     talker: write_sample 110ce4e:83e26d0:2ed73607:603 #195: ST0 rt/rosout/rcl_interfaces::msg::dds_::Log_:{{1777481844,436846064},20,"talker","Publishing: 'Hello World: 195'","/opt/ros/humble/src/demos/demo_nodes_cpp/src/topics/talker.cpp","operator()",47}
1777481844.439116 [0]     talker:  => EVERYONE
1777481844.439301 [0]     talker: write_sample 110ce4e:83e26d0:2ed73607:1503 #195: ST0 rt/chatter/std_msgs::msg::dds_::String_:{"Hello World: 195"}
1777481844.439378 [0]     talker:  => EVERYONE
1777481845.436736 [0]        tev: thread_cputime 0.093285000
1777481845.437175 [0]     talker: write_sample 110ce4e:83e26d0:2ed73607:603 #196: ST0 rt/rosout/rcl_interfaces::msg::dds_::Log_:{{1777481845,436896918},20,"talker","Publishing: 'Hello World: 196'","/opt/ros/humble/src/demos/demo_nodes_cpp/src/topics/talker.cpp","operator()",47}
1777481845.437274 [0]     talker:  => EVERYONE
1777481845.437400 [0]     talker: write_sample 110ce4e:83e26d0:2ed73607:1503 #196: ST0 rt/chatter/std_msgs::msg::dds_::String_:{"Hello World: 196"}
1777481845.437454 [0]     talker:  => EVERYONE
1777481846.436811 [0]        tev: thread_cputime 0.093573000
1777481846.437185 [0]     talker: write_sample 110ce4e:83e26d0:2ed73607:603 #197: ST0 rt/rosout/rcl_interfaces::msg::dds_::Log_:{{1777481846,436943982},20,"talker","Publishing: 'Hello World: 197'","/opt/ros/humble/src/demos/demo_nodes_cpp/src/topics/talker.cpp","operator()",47}
1777481846.437359 [0]     talker:  => EVERYONE
1777481846.437578 [0]     talker: write_sample 110ce4e:83e26d0:2ed73607:1503 #197: ST0 rt/chatter/std_msgs::msg::dds_::String_:{"Hello World: 197"}
1777481846.437640 [0]     talker:  => EVERYONE
1777481847.436924 [0]        tev: thread_cputime 0.093891000
1777481847.437167 [0]     talker: write_sample 110ce4e:83e26d0:2ed73607:603 #198: ST0 rt/rosout/rcl_interfaces::msg::dds_::Log_:{{1777481847,436968567},20,"talker","Publishing: 'Hello World: 198'","/opt/ros/humble/src/demos/demo_nodes_cpp/src/topics/talker.cpp","operator()",47}
1777481847.437279 [0]     talker:  => EVERYONE
1777481847.437375 [0]     talker: write_sample 110ce4e:83e26d0:2ed73607:1503 #198: ST0 rt/chatter/std_msgs::msg::dds_::String_:{"Hello World: 198"}
1777481847.437417 [0]     talker:  => EVERYONE
1777481848.436944 [0]        tev: thread_cputime 0.094160000
1777481848.437329 [0]     talker: write_sample 110ce4e:83e26d0:2ed73607:603 #199: ST0 rt/rosout/rcl_interfaces::msg::dds_::Log_:{{1777481848,437066006},20,"talker","Publishing: 'Hello World: 199'","/opt/ros/humble/src/demos/demo_nodes_cpp/src/topics/talker.cpp","operator()",47}
1777481848.437519 [0]     talker:  => EVERYONE
1777481848.437674 [0]     talker: write_sample 110ce4e:83e26d0:2ed73607:1503 #199: ST0 rt/chatter/std_msgs::msg::dds_::String_:{"Hello World: 199"}
1777481848.437708 [0]     talker:  => EVERYONE
1777481849.386348 [0]        tev: write_sample 110ce4e:83e26d0:2ed73607:200c2 #26: ST0 DCPSParticipantMessage/ParticipantMessageData:{110ce4e:83e26d0:2ed73607:1}:1<0>
1777481849.386500 [0]        tev: xpack_addmsg 0xffffa4001390 0xaaaaf5c36300 0(data(110ce4e:83e26d0:2ed73607:200c2:#26/1)): niov 0 sz 0 => now niov 3 sz 84
1777481849.386587 [0]        tev: writer_hbcontrol: wr 110ce4e:83e26d0:2ed73607:200c2 multicasting (rel-prd 1 seq-eq-max 1 seq 26 maxseq 25)
1777481849.386696 [0]        tev: heartbeat(wr 110ce4e:83e26d0:2ed73607:200c2) piggybacked, resched in 0.1 s (min-ack 25, avail-seq 26, xmit 25)
1777481849.386741 [0]        tev: xpack_addmsg 0xffffa4001390 0xaaaaf5c2f010 0(control): niov 3 sz 84 => now niov 4 sz 116
1777481849.386888 [0]        tev: nn_xpack_send 116: 0xffffa400139c:20 0xaaaaf5c363f8:36 0xffffa40027ec:28 0xaaaaf5c2f108:32 [ udp/192.168.50.95:42984@3 ]
1777481849.386929 [0]        tev: traffic-xmit (1) 116
1777481849.386970 [0]        tev: resched pmd(110ce4e:83e26d0:2ed73607:1c1): 8s
1777481849.387166 [0]     recvUC: HDR(110cfe5:7645227d:5dd75df7 vendor 1.16) len 64 from udp/192.168.50.95:47636
1777481849.387244 [0]     recvUC: INFODST(110ce4e:83e26d0:2ed73607)
1777481849.387295 [0]     recvUC: ACKNACK(F#29:27/0: L(:1c1 2969.968975) 110cfe5:7645227d:5dd75df7:200c7 -> 110ce4e:83e26d0:2ed73607:200c2 ACK1 RM0)
1777481849.387332 [0]     recvUC: thread_cputime 0.021313000
1777481849.437226 [0]     talker: write_sample 110ce4e:83e26d0:2ed73607:603 #200: ST0 rt/rosout/rcl_interfaces::msg::dds_::Log_:{{1777481849,437047874},20,"talker","Publishing: 'Hello World: 200'","/opt/ros/humble/src/demos/demo_nodes_cpp/src/topics/talker.cpp","operator()",47}
1777481849.437367 [0]     talker:  => EVERYONE
1777481849.437480 [0]     talker: write_sample 110ce4e:83e26d0:2ed73607:1503 #200: ST0 rt/chatter/std_msgs::msg::dds_::String_:{"Hello World: 200"}
1777481849.437515 [0]     talker:  => EVERYONE
1777481849.486248 [0]        tev: thread_cputime 0.094160000
1777481849.486550 [0]        tev: non-timed queue now has 1 items
1777481849.486632 [0]        tev: xmit spdp 110ce4e:83e26d0:2ed73607:1c1 to 0:0:0:100c7 (resched 8s)
1777481849.486699 [0]        tev: heartbeat(wr 110ce4e:83e26d0:2ed73607:200c2) suppressed, resched in inf s (min-ack 26, avail-seq 26, xmit 26)
1777481849.486759 [0]        tev: xpack_addmsg 0xffffa4001390 0xaaaaf5c36300 0(data(0:0:0:0:#0/1)): niov 0 sz 0 => now niov 3 sz 324
1777481849.487232 [0]        tev: nn_xpack_send 324: 0xffffa400139c:20 0xaaaaf5c363f8:36 0xaaaaf5be5864:268 [ udp/239.255.0.1:7400@3 ]
1777481849.487351 [0]        tev: traffic-xmit (1) 324
1777481849.487302 [0]       recv: HDR(110ce4e:83e26d0:2ed73607 vendor 1.16) len 324 from udp/192.168.50.95:60698
1777481849.487658 [0]       recv: INFOTS(1777481649.382771377)
1777481849.487752 [0]       recv: DATA(110ce4e:83e26d0:2ed73607:100c2 -> 0:0:0:0 #1)
1777481849.487805 [0]       recv: thread_cputime 0.009671000
1777481849.487857 [0] dq.builtin: data(builtin, vendor 1.16): 0:0:0:0 #1: ST0 /ParticipantBuiltinTopicData:{user_data=10<"enclave=/;">,protocol_version=2:1,vendorid=1:16,participant_lease_duration=10000000000,participant_guid={110ce4e:83e26d0:2ed73607:1c1},builtin_endpoint_set=3135,domain_id=0,default_unicast_locator={udp/192.168.50.95:59056},default_multicast_locator={udp/239.255.0.1:7401},metatraffic_unicast_locator={udp/192.168.50.95:59056},metatraffic_multicast_locator={udp/239.255.0.1:7400},adlink_participant_version_info=0:44:0:0:0:"ubuntu/0.9.1/Linux/Linux",cyclone_receive_buffer_size=425984}
1777481849.488025 [0] dq.builtin: SPDP ST0 110ce4e:83e26d0:2ed73607:1c1 (local)
1777481849.488075 [0] dq.builtin: thread_cputime 0.018810000
1777481849.733688 [0]     recvUC: HDR(110cfe5:7645227d:5dd75df7 vendor 1.16) len 116 from udp/192.168.50.95:47636
1777481849.733812 [0]     recvUC: INFOTS(1777481849.733487508)
1777481849.733869 [0]     recvUC: DATA(110cfe5:7645227d:5dd75df7:200c2 -> 0:0:0:0 #117 L(:1c1 2970.315542))
1777481849.733924 [0]     recvUC: HEARTBEAT(#31:117..117 110cfe5:7645227d:5dd75df7:200c2 -> 0:0:0:0: 110ce4e:83e26d0:2ed73607:200c7@117(sync))
1777481849.734002 [0]        tev: acknack 110ce4e:83e26d0:2ed73607:200c7 -> 110cfe5:7645227d:5dd75df7:200c2: F#28:118/0:
1777481849.734029 [0] dq.builtin: data(builtin, vendor 1.16): 110cfe5:7645227d:5dd75df7:200c2 #117: ST0 DCPSParticipantMessage/ParticipantMessageData:{110cfe5:7645227d:5dd75df7:1}:1<0>
1777481849.734033 [0]        tev: send acknack(rd 110ce4e:83e26d0:2ed73607:200c7 -> pwr 110cfe5:7645227d:5dd75df7:200c2)
1777481849.734118 [0] dq.builtin:  PMD ST0 pp 110cfe5:7645227d:5dd75df7 kind 1 data 1
1777481849.734243 [0]        tev: xpack_addmsg 0xffffa4001390 0xaaaaf5c36300 0(control): niov 0 sz 0 => now niov 2 sz 64
1777481849.734520 [0]        tev: nn_xpack_send 64: 0xffffa400139c:20 0xaaaaf5c363e8:44 [ udp/192.168.50.95:42984@3 ]
1777481849.734583 [0]        tev: traffic-xmit (1) 64
1777481849.832278 [0]       recv: HDR(110cfe5:7645227d:5dd75df7 vendor 1.16) len 324 from udp/192.168.50.95:47636
1777481849.832449 [0]       recv: INFOTS(1777480921.718474635)
1777481849.832527 [0]       recv: DATA(110cfe5:7645227d:5dd75df7:100c2 -> 0:0:0:0 #1)
1777481849.832689 [0] dq.builtin: data(builtin, vendor 1.16): 0:0:0:0 #1: ST0 /ParticipantBuiltinTopicData:{user_data=10<"enclave=/;">,protocol_version=2:1,vendorid=1:16,participant_lease_duration=10000000000,participant_guid={110cfe5:7645227d:5dd75df7:1c1},builtin_endpoint_set=3135,domain_id=0,default_unicast_locator={udp/192.168.50.95:42984},default_multicast_locator={udp/239.255.0.1:7401},metatraffic_unicast_locator={udp/192.168.50.95:42984},metatraffic_multicast_locator={udp/239.255.0.1:7400},adlink_participant_version_info=0:44:0:0:0:"ubuntu/0.9.1/Linux/Linux",cyclone_receive_buffer_size=425984}
1777481849.832815 [0] dq.builtin: SPDP ST0 110cfe5:7645227d:5dd75df7:1c1 (known) L(:1c1 2970.414543)
1777481850.437315 [0]     talker: write_sample 110ce4e:83e26d0:2ed73607:603 #201: ST0 rt/rosout/rcl_interfaces::msg::dds_::Log_:{{1777481850,437116421},20,"talker","Publishing: 'Hello World: 201'","/opt/ros/humble/src/demos/demo_nodes_cpp/src/topics/talker.cpp","operator()",47}
1777481850.437495 [0]     talker:  => EVERYONE
1777481850.437603 [0]     talker: write_sample 110ce4e:83e26d0:2ed73607:1503 #201: ST0 rt/chatter/std_msgs::msg::dds_::String_:{"Hello World: 201"}
1777481850.437633 [0]     talker:  => EVERYONE
1777481851.437028 [0]        tev: thread_cputime 0.094160000
1777481851.437411 [0]     talker: write_sample 110ce4e:83e26d0:2ed73607:603 #202: ST0 rt/rosout/rcl_interfaces::msg::dds_::Log_:{{1777481851,437166553},20,"talker","Publishing: 'Hello World: 202'","/opt/ros/humble/src/demos/demo_nodes_cpp/src/topics/talker.cpp","operator()",47}
1777481851.437542 [0]     talker:  => EVERYONE
1777481851.437705 [0]     talker: write_sample 110ce4e:83e26d0:2ed73607:1503 #202: ST0 rt/chatter/std_msgs::msg::dds_::String_:{"Hello World: 202"}
1777481851.437776 [0]     talker:  => EVERYONE
1777481851.833227 [0]         gc: thread_cputime 0.002549000
1777481852.437248 [0]        tev: thread_cputime 0.094160000
1777481852.437450 [0]     talker: write_sample 110ce4e:83e26d0:2ed73607:603 #203: ST0 rt/rosout/rcl_interfaces::msg::dds_::Log_:{{1777481852,437218528},20,"talker","Publishing: 'Hello World: 203'","/opt/ros/humble/src/demos/demo_nodes_cpp/src/topics/talker.cpp","operator()",47}
1777481852.437566 [0]     talker:  => EVERYONE
1777481852.437782 [0]     talker: write_sample 110ce4e:83e26d0:2ed73607:1503 #203: ST0 rt/chatter/std_msgs::msg::dds_::String_:{"Hello World: 203"}
1777481852.437871 [0]     talker:  => EVERYONE
1777481853.437502 [0]     talker: write_sample 110ce4e:83e26d0:2ed73607:603 #204: ST0 rt/rosout/rcl_interfaces::msg::dds_::Log_:{{1777481853,437264697},20,"talker","Publishing: 'Hello World: 204'","/opt/ros/humble/src/demos/demo_nodes_cpp/src/topics/talker.cpp","operator()",47}
1777481853.437684 [0]     talker:  => EVERYONE
1777481853.437864 [0]     talker: write_sample 110ce4e:83e26d0:2ed73607:1503 #204: ST0 rt/chatter/std_msgs::msg::dds_::String_:{"Hello World: 204"}
1777481853.437930 [0]     talker:  => EVERYONE
1777481854.437230 [0]        tev: thread_cputime 0.094160000
1777481854.437510 [0]     talker: write_sample 110ce4e:83e26d0:2ed73607:603 #205: ST0 rt/rosout/rcl_interfaces::msg::dds_::Log_:{{1777481854,437308644},20,"talker","Publishing: 'Hello World: 205'","/opt/ros/humble/src/demos/demo_nodes_cpp/src/topics/talker.cpp","operator()",47}
1777481854.445704 [0]     talker:  => EVERYONE
1777481854.445950 [0]     talker: write_sample 110ce4e:83e26d0:2ed73607:1503 #205: ST0 rt/chatter/std_msgs::msg::dds_::String_:{"Hello World: 205"}
1777481854.446146 [0]     talker:  => EVERYONE
1777481855.437238 [0]        tev: thread_cputime 0.094160000
1777481855.437455 [0]     talker: write_sample 110ce4e:83e26d0:2ed73607:603 #206: ST0 rt/rosout/rcl_interfaces::msg::dds_::Log_:{{1777481855,437312128},20,"talker","Publishing: 'Hello World: 206'","/opt/ros/humble/src/demos/demo_nodes_cpp/src/topics/talker.cpp","operator()",47}
1777481855.437555 [0]     talker:  => EVERYONE
1777481855.437656 [0]     talker: write_sample 110ce4e:83e26d0:2ed73607:1503 #206: ST0 rt/chatter/std_msgs::msg::dds_::String_:{"Hello World: 206"}
1777481855.437710 [0]     talker:  => EVERYONE
1777481856.437307 [0]        tev: thread_cputime 0.094160000
1777481856.437502 [0]     talker: write_sample 110ce4e:83e26d0:2ed73607:603 #207: ST0 rt/rosout/rcl_interfaces::msg::dds_::Log_:{{1777481856,437361200},20,"talker","Publishing: 'Hello World: 207'","/opt/ros/humble/src/demos/demo_nodes_cpp/src/topics/talker.cpp","operator()",47}
1777481856.437575 [0]     talker:  => EVERYONE
1777481856.437672 [0]     talker: write_sample 110ce4e:83e26d0:2ed73607:1503 #207: ST0 rt/chatter/std_msgs::msg::dds_::String_:{"Hello World: 207"}
1777481856.437720 [0]     talker:  => EVERYONE
1777481857.386594 [0]        tev: write_sample 110ce4e:83e26d0:2ed73607:200c2 #27: ST0 DCPSParticipantMessage/ParticipantMessageData:{110ce4e:83e26d0:2ed73607:1}:1<0>
1777481857.386878 [0]        tev: xpack_addmsg 0xffffa4001390 0xaaaaf5c36300 0(data(110ce4e:83e26d0:2ed73607:200c2:#27/1)): niov 0 sz 0 => now niov 3 sz 84
1777481857.386935 [0]        tev: writer_hbcontrol: wr 110ce4e:83e26d0:2ed73607:200c2 multicasting (rel-prd 1 seq-eq-max 1 seq 27 maxseq 26)
1777481857.387019 [0]        tev: heartbeat(wr 110ce4e:83e26d0:2ed73607:200c2) piggybacked, resched in 0.1 s (min-ack 26, avail-seq 27, xmit 26)
1777481857.387112 [0]        tev: xpack_addmsg 0xffffa4001390 0xaaaaf5c2f010 0(control): niov 3 sz 84 => now niov 4 sz 116
1777481857.387359 [0]        tev: nn_xpack_send 116: 0xffffa400139c:20 0xaaaaf5c363f8:36 0xffffa40014dc:28 0xaaaaf5c2f108:32 [ udp/192.168.50.95:42984@3 ]
1777481857.387398 [0]        tev: traffic-xmit (1) 116
1777481857.387478 [0]        tev: resched pmd(110ce4e:83e26d0:2ed73607:1c1): 8s
1777481857.387677 [0]     recvUC: HDR(110cfe5:7645227d:5dd75df7 vendor 1.16) len 64 from udp/192.168.50.95:47636
1777481857.387830 [0]     recvUC: INFODST(110ce4e:83e26d0:2ed73607)
1777481857.387908 [0]     recvUC: ACKNACK(F#30:28/0: L(:1c1 2977.969556) 110cfe5:7645227d:5dd75df7:200c7 -> 110ce4e:83e26d0:2ed73607:200c2 ACK1 RM0)
1777481857.387951 [0]     recvUC: thread_cputime 0.021760000
1777481857.437637 [0]     talker: write_sample 110ce4e:83e26d0:2ed73607:603 #208: ST0 rt/rosout/rcl_interfaces::msg::dds_::Log_:{{1777481857,437448181},20,"talker","Publishing: 'Hello World: 208'","/opt/ros/humble/src/demos/demo_nodes_cpp/src/topics/talker.cpp","operator()",47}
1777481857.437801 [0]     talker:  => EVERYONE
1777481857.437891 [0]     talker: write_sample 110ce4e:83e26d0:2ed73607:1503 #208: ST0 rt/chatter/std_msgs::msg::dds_::String_:{"Hello World: 208"}
1777481857.437940 [0]     talker:  => EVERYONE
1777481857.486369 [0]        tev: thread_cputime 0.095113000
1777481857.486576 [0]        tev: non-timed queue now has 1 items
1777481857.486632 [0]        tev: xmit spdp 110ce4e:83e26d0:2ed73607:1c1 to 0:0:0:100c7 (resched 8s)
1777481857.486677 [0]        tev: heartbeat(wr 110ce4e:83e26d0:2ed73607:200c2) suppressed, resched in inf s (min-ack 27, avail-seq 27, xmit 27)
1777481857.486715 [0]        tev: xpack_addmsg 0xffffa4001390 0xaaaaf5c36300 0(data(0:0:0:0:#0/1)): niov 0 sz 0 => now niov 3 sz 324
1777481857.487019 [0]       recv: HDR(110ce4e:83e26d0:2ed73607 vendor 1.16) len 324 from udp/192.168.50.95:60698
1777481857.487067 [0]       recv: INFOTS(1777481649.382771377)
1777481857.487115 [0]       recv: DATA(110ce4e:83e26d0:2ed73607:100c2 -> 0:0:0:0 #1)
1777481857.487150 [0]       recv: thread_cputime 0.009947000
1777481857.487265 [0]        tev: nn_xpack_send 324: 0xffffa400139c:20 0xaaaaf5c363f8:36 0xaaaaf5be5864:268 [ udp/239.255.0.1:7400@3 ]
1777481857.487377 [0]        tev: traffic-xmit (1) 324
1777481857.487315 [0] dq.builtin: data(builtin, vendor 1.16): 0:0:0:0 #1: ST0 /ParticipantBuiltinTopicData:{user_data=10<"enclave=/;">,protocol_version=2:1,vendorid=1:16,participant_lease_duration=10000000000,participant_guid={110ce4e:83e26d0:2ed73607:1c1},builtin_endpoint_set=3135,domain_id=0,default_unicast_locator={udp/192.168.50.95:59056},default_multicast_locator={udp/239.255.0.1:7401},metatraffic_unicast_locator={udp/192.168.50.95:59056},metatraffic_multicast_locator={udp/239.255.0.1:7400},adlink_participant_version_info=0:44:0:0:0:"ubuntu/0.9.1/Linux/Linux",cyclone_receive_buffer_size=425984}
1777481857.487555 [0] dq.builtin: SPDP ST0 110ce4e:83e26d0:2ed73607:1c1 (local)
1777481857.487615 [0] dq.builtin: thread_cputime 0.019704000
1777481857.734020 [0]     recvUC: HDR(110cfe5:7645227d:5dd75df7 vendor 1.16) len 116 from udp/192.168.50.95:47636
1777481857.734173 [0]     recvUC: INFOTS(1777481857.733620602)
1777481857.734358 [0]     recvUC: DATA(110cfe5:7645227d:5dd75df7:200c2 -> 0:0:0:0 #118 L(:1c1 2978.315900))
1777481857.734447 [0]     recvUC: HEARTBEAT(#32:118..118 110cfe5:7645227d:5dd75df7:200c2 -> 0:0:0:0: 110ce4e:83e26d0:2ed73607:200c7@118(sync))
1777481857.734548 [0]        tev: acknack 110ce4e:83e26d0:2ed73607:200c7 -> 110cfe5:7645227d:5dd75df7:200c2: F#29:119/0:
1777481857.734662 [0]        tev: send acknack(rd 110ce4e:83e26d0:2ed73607:200c7 -> pwr 110cfe5:7645227d:5dd75df7:200c2)
1777481857.734592 [0] dq.builtin: data(builtin, vendor 1.16): 110cfe5:7645227d:5dd75df7:200c2 #118: ST0 DCPSParticipantMessage/ParticipantMessageData:{110cfe5:7645227d:5dd75df7:1}:1<0>
1777481857.734719 [0]        tev: xpack_addmsg 0xffffa4001390 0xaaaaf5c36300 0(control): niov 0 sz 0 => now niov 2 sz 64
1777481857.734781 [0] dq.builtin:  PMD ST0 pp 110cfe5:7645227d:5dd75df7 kind 1 data 1
1777481857.734876 [0]        tev: nn_xpack_send 64: 0xffffa400139c:20 0xaaaaf5c363e8:44 [ udp/192.168.50.95:42984@3 ]
1777481857.734971 [0]        tev: traffic-xmit (1) 64
1777481857.832420 [0]       recv: HDR(110cfe5:7645227d:5dd75df7 vendor 1.16) len 324 from udp/192.168.50.95:47636
1777481857.832673 [0]       recv: INFOTS(1777480921.718474635)
1777481857.832790 [0]       recv: DATA(110cfe5:7645227d:5dd75df7:100c2 -> 0:0:0:0 #1)
1777481857.833095 [0] dq.builtin: data(builtin, vendor 1.16): 0:0:0:0 #1: ST0 /ParticipantBuiltinTopicData:{user_data=10<"enclave=/;">,protocol_version=2:1,vendorid=1:16,participant_lease_duration=10000000000,participant_guid={110cfe5:7645227d:5dd75df7:1c1},builtin_endpoint_set=3135,domain_id=0,default_unicast_locator={udp/192.168.50.95:42984},default_multicast_locator={udp/239.255.0.1:7401},metatraffic_unicast_locator={udp/192.168.50.95:42984},metatraffic_multicast_locator={udp/239.255.0.1:7400},adlink_participant_version_info=0:44:0:0:0:"ubuntu/0.9.1/Linux/Linux",cyclone_receive_buffer_size=425984}
1777481857.833228 [0] dq.builtin: SPDP ST0 110cfe5:7645227d:5dd75df7:1c1 (known) L(:1c1 2978.414954)
1777481858.437757 [0]     talker: write_sample 110ce4e:83e26d0:2ed73607:603 #209: ST0 rt/rosout/rcl_interfaces::msg::dds_::Log_:{{1777481858,437537549},20,"talker","Publishing: 'Hello World: 209'","/opt/ros/humble/src/demos/demo_nodes_cpp/src/topics/talker.cpp","operator()",47}
1777481858.437859 [0]     talker:  => EVERYONE
1777481858.437967 [0]     talker: write_sample 110ce4e:83e26d0:2ed73607:1503 #209: ST0 rt/chatter/std_msgs::msg::dds_::String_:{"Hello World: 209"}
1777481858.438011 [0]     talker:  => EVERYONE
1777481859.437372 [0]        tev: thread_cputime 0.096270000
1777481859.437791 [0]     talker: write_sample 110ce4e:83e26d0:2ed73607:603 #210: ST0 rt/rosout/rcl_interfaces::msg::dds_::Log_:{{1777481859,437553204},20,"talker","Publishing: 'Hello World: 210'","/opt/ros/humble/src/demos/demo_nodes_cpp/src/topics/talker.cpp","operator()",47}
1777481859.446014 [0]     talker:  => EVERYONE
1777481859.446456 [0]     talker: write_sample 110ce4e:83e26d0:2ed73607:1503 #210: ST0 rt/chatter/std_msgs::msg::dds_::String_:{"Hello World: 210"}
1777481859.446661 [0]     talker:  => EVERYONE
1777481859.833150 [0]         gc: thread_cputime 0.002627000
1777481860.437438 [0]        tev: thread_cputime 0.096525000
1777481860.437823 [0]     talker: write_sample 110ce4e:83e26d0:2ed73607:603 #211: ST0 rt/rosout/rcl_interfaces::msg::dds_::Log_:{{1777481860,437629392},20,"talker","Publishing: 'Hello World: 211'","/opt/ros/humble/src/demos/demo_nodes_cpp/src/topics/talker.cpp","operator()",47}
1777481860.437877 [0]     talker:  => EVERYONE
1777481860.437963 [0]     talker: write_sample 110ce4e:83e26d0:2ed73607:1503 #211: ST0 rt/chatter/std_msgs::msg::dds_::String_:{"Hello World: 211"}
1777481860.437998 [0]     talker:  => EVERYONE
1777481861.437534 [0]        tev: thread_cputime 0.096796000
1777481861.437917 [0]     talker: write_sample 110ce4e:83e26d0:2ed73607:603 #212: ST0 rt/rosout/rcl_interfaces::msg::dds_::Log_:{{1777481861,437691359},20,"talker","Publishing: 'Hello World: 212'","/opt/ros/humble/src/demos/demo_nodes_cpp/src/topics/talker.cpp","operator()",47}
1777481861.438042 [0]     talker:  => EVERYONE
1777481861.438144 [0]     talker: write_sample 110ce4e:83e26d0:2ed73607:1503 #212: ST0 rt/chatter/std_msgs::msg::dds_::String_:{"Hello World: 212"}
1777481861.438174 [0]     talker:  => EVERYONE
1777481862.437587 [0]        tev: thread_cputime 0.097046000
1777481862.437928 [0]     talker: write_sample 110ce4e:83e26d0:2ed73607:603 #213: ST0 rt/rosout/rcl_interfaces::msg::dds_::Log_:{{1777481862,437728575},20,"talker","Publishing: 'Hello World: 213'","/opt/ros/humble/src/demos/demo_nodes_cpp/src/topics/talker.cpp","operator()",47}
1777481862.438016 [0]     talker:  => EVERYONE
1777481862.438117 [0]     talker: write_sample 110ce4e:83e26d0:2ed73607:1503 #213: ST0 rt/chatter/std_msgs::msg::dds_::String_:{"Hello World: 213"}
1777481862.438151 [0]     talker:  => EVERYONE
1777481863.437633 [0]        tev: thread_cputime 0.097296000
1777481863.438000 [0]     talker: write_sample 110ce4e:83e26d0:2ed73607:603 #214: ST0 rt/rosout/rcl_interfaces::msg::dds_::Log_:{{1777481863,437773010},20,"talker","Publishing: 'Hello World: 214'","/opt/ros/humble/src/demos/demo_nodes_cpp/src/topics/talker.cpp","operator()",47}
1777481863.438082 [0]     talker:  => EVERYONE
1777481863.438219 [0]     talker: write_sample 110ce4e:83e26d0:2ed73607:1503 #214: ST0 rt/chatter/std_msgs::msg::dds_::String_:{"Hello World: 214"}
1777481863.438252 [0]     talker:  => EVERYONE
1777481864.437666 [0]        tev: thread_cputime 0.097551000
1777481864.437989 [0]     talker: write_sample 110ce4e:83e26d0:2ed73607:603 #215: ST0 rt/rosout/rcl_interfaces::msg::dds_::Log_:{{1777481864,437828664},20,"talker","Publishing: 'Hello World: 215'","/opt/ros/humble/src/demos/demo_nodes_cpp/src/topics/talker.cpp","operator()",47}
1777481864.438052 [0]     talker:  => EVERYONE
1777481864.438135 [0]     talker: write_sample 110ce4e:83e26d0:2ed73607:1503 #215: ST0 rt/chatter/std_msgs::msg::dds_::String_:{"Hello World: 215"}
1777481864.438178 [0]     talker:  => EVERYONE
1777481865.386708 [0]        tev: write_sample 110ce4e:83e26d0:2ed73607:200c2 #28: ST0 DCPSParticipantMessage/ParticipantMessageData:{110ce4e:83e26d0:2ed73607:1}:1<0>
1777481865.386937 [0]        tev: xpack_addmsg 0xffffa4001390 0xaaaaf5c36300 0(data(110ce4e:83e26d0:2ed73607:200c2:#28/1)): niov 0 sz 0 => now niov 3 sz 84
1777481865.386997 [0]        tev: writer_hbcontrol: wr 110ce4e:83e26d0:2ed73607:200c2 multicasting (rel-prd 1 seq-eq-max 1 seq 28 maxseq 27)
1777481865.387066 [0]        tev: heartbeat(wr 110ce4e:83e26d0:2ed73607:200c2) piggybacked, resched in 0.1 s (min-ack 27, avail-seq 28, xmit 27)
1777481865.387101 [0]        tev: xpack_addmsg 0xffffa4001390 0xaaaaf5c2f010 0(control): niov 3 sz 84 => now niov 4 sz 116
1777481865.387545 [0]        tev: nn_xpack_send 116: 0xffffa400139c:20 0xaaaaf5c363f8:36 0xffffa40027ec:28 0xaaaaf5c2f108:32 [ udp/192.168.50.95:42984@3 ]
1777481865.387591 [0]        tev: traffic-xmit (1) 116
1777481865.387630 [0]        tev: resched pmd(110ce4e:83e26d0:2ed73607:1c1): 8s
1777481865.387766 [0]     recvUC: HDR(110cfe5:7645227d:5dd75df7 vendor 1.16) len 64 from udp/192.168.50.95:47636
1777481865.387909 [0]     recvUC: INFODST(110ce4e:83e26d0:2ed73607)
1777481865.387995 [0]     recvUC: ACKNACK(F#31:29/0: L(:1c1 2985.969636) 110cfe5:7645227d:5dd75df7:200c7 -> 110ce4e:83e26d0:2ed73607:200c2 ACK1 RM0)
1777481865.388042 [0]     recvUC: thread_cputime 0.021760000
1777481865.438181 [0]     talker: write_sample 110ce4e:83e26d0:2ed73607:603 #216: ST0 rt/rosout/rcl_interfaces::msg::dds_::Log_:{{1777481865,437905906},20,"talker","Publishing: 'Hello World: 216'","/opt/ros/humble/src/demos/demo_nodes_cpp/src/topics/talker.cpp","operator()",47}
1777481865.438426 [0]     talker:  => EVERYONE
1777481865.438556 [0]     talker: write_sample 110ce4e:83e26d0:2ed73607:1503 #216: ST0 rt/chatter/std_msgs::msg::dds_::String_:{"Hello World: 216"}
1777481865.438604 [0]     talker:  => EVERYONE
1777481865.486495 [0]        tev: thread_cputime 0.098735000
1777481865.486760 [0]        tev: non-timed queue now has 1 items
1777481865.486850 [0]        tev: xmit spdp 110ce4e:83e26d0:2ed73607:1c1 to 0:0:0:100c7 (resched 8s)
1777481865.486893 [0]        tev: heartbeat(wr 110ce4e:83e26d0:2ed73607:200c2) suppressed, resched in inf s (min-ack 28, avail-seq 28, xmit 28)
1777481865.486955 [0]        tev: xpack_addmsg 0xffffa4001390 0xaaaaf5c36300 0(data(0:0:0:0:#0/1)): niov 0 sz 0 => now niov 3 sz 324
1777481865.487230 [0]       recv: HDR(110ce4e:83e26d0:2ed73607 vendor 1.16) len 324 from udp/192.168.50.95:60698
1777481865.487292 [0]       recv: INFOTS(1777481649.382771377)
1777481865.487341 [0]       recv: DATA(110ce4e:83e26d0:2ed73607:100c2 -> 0:0:0:0 #1)
1777481865.487381 [0]       recv: thread_cputime 0.010302000
1777481865.487568 [0]        tev: nn_xpack_send 324: 0xffffa400139c:20 0xaaaaf5c363f8:36 0xaaaaf5be5864:268 [ udp/239.255.0.1:7400@3 ]
1777481865.487616 [0]        tev: traffic-xmit (1) 324
1777481865.487579 [0] dq.builtin: data(builtin, vendor 1.16): 0:0:0:0 #1: ST0 /ParticipantBuiltinTopicData:{user_data=10<"enclave=/;">,protocol_version=2:1,vendorid=1:16,participant_lease_duration=10000000000,participant_guid={110ce4e:83e26d0:2ed73607:1c1},builtin_endpoint_set=3135,domain_id=0,default_unicast_locator={udp/192.168.50.95:59056},default_multicast_locator={udp/239.255.0.1:7401},metatraffic_unicast_locator={udp/192.168.50.95:59056},metatraffic_multicast_locator={udp/239.255.0.1:7400},adlink_participant_version_info=0:44:0:0:0:"ubuntu/0.9.1/Linux/Linux",cyclone_receive_buffer_size=425984}
1777481865.487926 [0] dq.builtin: SPDP ST0 110ce4e:83e26d0:2ed73607:1c1 (local)
1777481865.487974 [0] dq.builtin: thread_cputime 0.020904000
1777481865.734053 [0]     recvUC: HDR(110cfe5:7645227d:5dd75df7 vendor 1.16) len 116 from udp/192.168.50.95:47636
1777481865.734245 [0]     recvUC: INFOTS(1777481865.733727239)
1777481865.734385 [0]     recvUC: DATA(110cfe5:7645227d:5dd75df7:200c2 -> 0:0:0:0 #119 L(:1c1 2986.315972))
1777481865.734483 [0]     recvUC: HEARTBEAT(#33:119..119 110cfe5:7645227d:5dd75df7:200c2 -> 0:0:0:0: 110ce4e:83e26d0:2ed73607:200c7@119(sync))
1777481865.734549 [0]        tev: acknack 110ce4e:83e26d0:2ed73607:200c7 -> 110cfe5:7645227d:5dd75df7:200c2: F#30:120/0:
1777481865.734635 [0]        tev: send acknack(rd 110ce4e:83e26d0:2ed73607:200c7 -> pwr 110cfe5:7645227d:5dd75df7:200c2)
1777481865.734640 [0] dq.builtin: data(builtin, vendor 1.16): 110cfe5:7645227d:5dd75df7:200c2 #119: ST0 DCPSParticipantMessage/ParticipantMessageData:{110cfe5:7645227d:5dd75df7:1}:1<0>
1777481865.734680 [0]        tev: xpack_addmsg 0xffffa4001390 0xaaaaf5c36300 0(control): niov 0 sz 0 => now niov 2 sz 64
1777481865.734737 [0] dq.builtin:  PMD ST0 pp 110cfe5:7645227d:5dd75df7 kind 1 data 1
1777481865.734810 [0]        tev: nn_xpack_send 64: 0xffffa400139c:20 0xaaaaf5c363e8:44 [ udp/192.168.50.95:42984@3 ]
1777481865.734842 [0]        tev: traffic-xmit (1) 64
1777481865.832605 [0]       recv: HDR(110cfe5:7645227d:5dd75df7 vendor 1.16) len 324 from udp/192.168.50.95:47636
1777481865.832856 [0]       recv: INFOTS(1777480921.718474635)
1777481865.833116 [0]       recv: DATA(110cfe5:7645227d:5dd75df7:100c2 -> 0:0:0:0 #1)
1777481865.833311 [0] dq.builtin: data(builtin, vendor 1.16): 0:0:0:0 #1: ST0 /ParticipantBuiltinTopicData:{user_data=10<"enclave=/;">,protocol_version=2:1,vendorid=1:16,participant_lease_duration=10000000000,participant_guid={110cfe5:7645227d:5dd75df7:1c1},builtin_endpoint_set=3135,domain_id=0,default_unicast_locator={udp/192.168.50.95:42984},default_multicast_locator={udp/239.255.0.1:7401},metatraffic_unicast_locator={udp/192.168.50.95:42984},metatraffic_multicast_locator={udp/239.255.0.1:7400},adlink_participant_version_info=0:44:0:0:0:"ubuntu/0.9.1/Linux/Linux",cyclone_receive_buffer_size=425984}
1777481865.833378 [0] dq.builtin: SPDP ST0 110cfe5:7645227d:5dd75df7:1c1 (known) L(:1c1 2986.415107)
1777481866.438120 [0]     talker: write_sample 110ce4e:83e26d0:2ed73607:603 #217: ST0 rt/rosout/rcl_interfaces::msg::dds_::Log_:{{1777481866,437893627},20,"talker","Publishing: 'Hello World: 217'","/opt/ros/humble/src/demos/demo_nodes_cpp/src/topics/talker.cpp","operator()",47}
1777481866.438391 [0]     talker:  => EVERYONE
1777481866.438550 [0]     talker: write_sample 110ce4e:83e26d0:2ed73607:1503 #217: ST0 rt/chatter/std_msgs::msg::dds_::String_:{"Hello World: 217"}
1777481866.438628 [0]     talker:  => EVERYONE
1777481867.437767 [0]        tev: thread_cputime 0.099855000
1777481867.438161 [0]     talker: write_sample 110ce4e:83e26d0:2ed73607:603 #218: ST0 rt/rosout/rcl_interfaces::msg::dds_::Log_:{{1777481867,437941818},20,"talker","Publishing: 'Hello World: 218'","/opt/ros/humble/src/demos/demo_nodes_cpp/src/topics/talker.cpp","operator()",47}
1777481867.438360 [0]     talker:  => EVERYONE
1777481867.438583 [0]     talker: write_sample 110ce4e:83e26d0:2ed73607:1503 #218: ST0 rt/chatter/std_msgs::msg::dds_::String_:{"Hello World: 218"}
1777481867.438644 [0]     talker:  => EVERYONE
1777481867.833612 [0]         gc: thread_cputime 0.002718000
1777481868.437915 [0]        tev: thread_cputime 0.100053000
1777481868.438225 [0]     talker: write_sample 110ce4e:83e26d0:2ed73607:603 #219: ST0 rt/rosout/rcl_interfaces::msg::dds_::Log_:{{1777481868,438017452},20,"talker","Publishing: 'Hello World: 219'","/opt/ros/humble/src/demos/demo_nodes_cpp/src/topics/talker.cpp","operator()",47}
1777481868.438389 [0]     talker:  => EVERYONE
1777481868.438554 [0]     talker: write_sample 110ce4e:83e26d0:2ed73607:1503 #219: ST0 rt/chatter/std_msgs::msg::dds_::String_:{"Hello World: 219"}
1777481868.438606 [0]     talker:  => EVERYONE
1777481869.437913 [0]        tev: thread_cputime 0.100274000
1777481869.438343 [0]     talker: write_sample 110ce4e:83e26d0:2ed73607:603 #220: ST0 rt/rosout/rcl_interfaces::msg::dds_::Log_:{{1777481869,438081169},20,"talker","Publishing: 'Hello World: 220'","/opt/ros/humble/src/demos/demo_nodes_cpp/src/topics/talker.cpp","operator()",47}
1777481869.438478 [0]     talker:  => EVERYONE
1777481869.438590 [0]     talker: write_sample 110ce4e:83e26d0:2ed73607:1503 #220: ST0 rt/chatter/std_msgs::msg::dds_::String_:{"Hello World: 220"}
1777481869.438623 [0]     talker:  => EVERYONE
1777481870.437983 [0]        tev: thread_cputime 0.100531000
1777481870.438373 [0]     talker: write_sample 110ce4e:83e26d0:2ed73607:603 #221: ST0 rt/rosout/rcl_interfaces::msg::dds_::Log_:{{1777481870,438095879},20,"talker","Publishing: 'Hello World: 221'","/opt/ros/humble/src/demos/demo_nodes_cpp/src/topics/talker.cpp","operator()",47}
1777481870.446754 [0]     talker:  => EVERYONE
1777481870.446954 [0]     talker: write_sample 110ce4e:83e26d0:2ed73607:1503 #221: ST0 rt/chatter/std_msgs::msg::dds_::String_:{"Hello World: 221"}
1777481870.447050 [0]     talker:  => EVERYONE
1777481871.438049 [0]        tev: thread_cputime 0.100531000
1777481871.438436 [0]     talker: write_sample 110ce4e:83e26d0:2ed73607:603 #222: ST0 rt/rosout/rcl_interfaces::msg::dds_::Log_:{{1777481871,438146161},20,"talker","Publishing: 'Hello World: 222'","/opt/ros/humble/src/demos/demo_nodes_cpp/src/topics/talker.cpp","operator()",47}
1777481871.438579 [0]     talker:  => EVERYONE
1777481871.438807 [0]     talker: write_sample 110ce4e:83e26d0:2ed73607:1503 #222: ST0 rt/chatter/std_msgs::msg::dds_::String_:{"Hello World: 222"}
1777481871.438839 [0]     talker:  => EVERYONE
1777481872.438055 [0]        tev: thread_cputime 0.100531000
1777481872.438470 [0]     talker: write_sample 110ce4e:83e26d0:2ed73607:603 #223: ST0 rt/rosout/rcl_interfaces::msg::dds_::Log_:{{1777481872,438187182},20,"talker","Publishing: 'Hello World: 223'","/opt/ros/humble/src/demos/demo_nodes_cpp/src/topics/talker.cpp","operator()",47}
1777481872.438591 [0]     talker:  => EVERYONE
1777481872.438702 [0]     talker: write_sample 110ce4e:83e26d0:2ed73607:1503 #223: ST0 rt/chatter/std_msgs::msg::dds_::String_:{"Hello World: 223"}
1777481872.438735 [0]     talker:  => EVERYONE
1777481873.386819 [0]        tev: write_sample 110ce4e:83e26d0:2ed73607:200c2 #29: ST0 DCPSParticipantMessage/ParticipantMessageData:{110ce4e:83e26d0:2ed73607:1}:1<0>
1777481873.387066 [0]        tev: xpack_addmsg 0xffffa4001390 0xaaaaf5c36300 0(data(110ce4e:83e26d0:2ed73607:200c2:#29/1)): niov 0 sz 0 => now niov 3 sz 84
1777481873.387135 [0]        tev: writer_hbcontrol: wr 110ce4e:83e26d0:2ed73607:200c2 multicasting (rel-prd 1 seq-eq-max 1 seq 29 maxseq 28)
1777481873.387186 [0]        tev: heartbeat(wr 110ce4e:83e26d0:2ed73607:200c2) piggybacked, resched in 0.1 s (min-ack 28, avail-seq 29, xmit 28)
1777481873.387248 [0]        tev: xpack_addmsg 0xffffa4001390 0xaaaaf5c2f010 0(control): niov 3 sz 84 => now niov 4 sz 116
1777481873.387457 [0]        tev: nn_xpack_send 116: 0xffffa400139c:20 0xaaaaf5c363f8:36 0xffffa40014dc:28 0xaaaaf5c2f108:32 [ udp/192.168.50.95:42984@3 ]
1777481873.387499 [0]        tev: traffic-xmit (1) 116
1777481873.387543 [0]        tev: resched pmd(110ce4e:83e26d0:2ed73607:1c1): 8s
1777481873.387822 [0]     recvUC: HDR(110cfe5:7645227d:5dd75df7 vendor 1.16) len 64 from udp/192.168.50.95:47636
1777481873.387870 [0]     recvUC: INFODST(110ce4e:83e26d0:2ed73607)
1777481873.387948 [0]     recvUC: ACKNACK(F#32:30/0: L(:1c1 2993.969602) 110cfe5:7645227d:5dd75df7:200c7 -> 110ce4e:83e26d0:2ed73607:200c2 ACK1 RM0)
1777481873.388002 [0]     recvUC: thread_cputime 0.021760000
1777481873.438111 [0]        tev: thread_cputime 0.100531000
1777481873.438536 [0]     talker: write_sample 110ce4e:83e26d0:2ed73607:603 #224: ST0 rt/rosout/rcl_interfaces::msg::dds_::Log_:{{1777481873,438250015},20,"talker","Publishing: 'Hello World: 224'","/opt/ros/humble/src/demos/demo_nodes_cpp/src/topics/talker.cpp","operator()",47}
1777481873.438730 [0]     talker:  => EVERYONE
1777481873.438898 [0]     talker: write_sample 110ce4e:83e26d0:2ed73607:1503 #224: ST0 rt/chatter/std_msgs::msg::dds_::String_:{"Hello World: 224"}
1777481873.438968 [0]     talker:  => EVERYONE
1777481873.486661 [0]        tev: non-timed queue now has 1 items
1777481873.486865 [0]        tev: xmit spdp 110ce4e:83e26d0:2ed73607:1c1 to 0:0:0:100c7 (resched 8s)
1777481873.486968 [0]        tev: heartbeat(wr 110ce4e:83e26d0:2ed73607:200c2) suppressed, resched in inf s (min-ack 29, avail-seq 29, xmit 29)
1777481873.487033 [0]        tev: xpack_addmsg 0xffffa4001390 0xaaaaf5c36300 0(data(0:0:0:0:#0/1)): niov 0 sz 0 => now niov 3 sz 324
1777481873.487481 [0]       recv: HDR(110ce4e:83e26d0:2ed73607 vendor 1.16) len 324 from udp/192.168.50.95:60698
1777481873.487560 [0]       recv: INFOTS(1777481649.382771377)
1777481873.487692 [0]       recv: DATA(110ce4e:83e26d0:2ed73607:100c2 -> 0:0:0:0 #1)
1777481873.487765 [0]       recv: thread_cputime 0.010704000
1777481873.487885 [0]        tev: nn_xpack_send 324: 0xffffa400139c:20 0xaaaaf5c363f8:36 0xaaaaf5be5864:268 [ udp/239.255.0.1:7400@3 ]
1777481873.487942 [0]        tev: traffic-xmit (1) 324
1777481873.487962 [0] dq.builtin: data(builtin, vendor 1.16): 0:0:0:0 #1: ST0 /ParticipantBuiltinTopicData:{user_data=10<"enclave=/;">,protocol_version=2:1,vendorid=1:16,participant_lease_duration=10000000000,participant_guid={110ce4e:83e26d0:2ed73607:1c1},builtin_endpoint_set=3135,domain_id=0,default_unicast_locator={udp/192.168.50.95:59056},default_multicast_locator={udp/239.255.0.1:7401},metatraffic_unicast_locator={udp/192.168.50.95:59056},metatraffic_multicast_locator={udp/239.255.0.1:7400},adlink_participant_version_info=0:44:0:0:0:"ubuntu/0.9.1/Linux/Linux",cyclone_receive_buffer_size=425984}
1777481873.488547 [0] dq.builtin: SPDP ST0 110ce4e:83e26d0:2ed73607:1c1 (local)
1777481873.488739 [0] dq.builtin: thread_cputime 0.022128000
1777481873.734121 [0]     recvUC: HDR(110cfe5:7645227d:5dd75df7 vendor 1.16) len 116 from udp/192.168.50.95:47636
1777481873.734377 [0]     recvUC: INFOTS(1777481873.733829225)
1777481873.734484 [0]     recvUC: DATA(110cfe5:7645227d:5dd75df7:200c2 -> 0:0:0:0 #120 L(:1c1 2994.316102))
1777481873.734554 [0]     recvUC: HEARTBEAT(#34:120..120 110cfe5:7645227d:5dd75df7:200c2 -> 0:0:0:0: 110ce4e:83e26d0:2ed73607:200c7@120(sync))
1777481873.734664 [0]        tev: acknack 110ce4e:83e26d0:2ed73607:200c7 -> 110cfe5:7645227d:5dd75df7:200c2: F#31:121/0:
1777481873.734726 [0]        tev: send acknack(rd 110ce4e:83e26d0:2ed73607:200c7 -> pwr 110cfe5:7645227d:5dd75df7:200c2)
1777481873.734773 [0]        tev: xpack_addmsg 0xffffa4001390 0xaaaaf5c36300 0(control): niov 0 sz 0 => now niov 2 sz 64
1777481873.734735 [0] dq.builtin: data(builtin, vendor 1.16): 110cfe5:7645227d:5dd75df7:200c2 #120: ST0 DCPSParticipantMessage/ParticipantMessageData:{110cfe5:7645227d:5dd75df7:1}:1<0>
1777481873.734930 [0]        tev: nn_xpack_send 64: 0xffffa400139c:20 0xaaaaf5c363e8:44 [ udp/192.168.50.95:42984@3 ]
1777481873.734980 [0]        tev: traffic-xmit (1) 64
1777481873.734936 [0] dq.builtin:  PMD ST0 pp 110cfe5:7645227d:5dd75df7 kind 1 data 1
1777481873.832983 [0]       recv: HDR(110cfe5:7645227d:5dd75df7 vendor 1.16) len 324 from udp/192.168.50.95:47636
1777481873.833248 [0]       recv: INFOTS(1777480921.718474635)
1777481873.833502 [0]       recv: DATA(110cfe5:7645227d:5dd75df7:100c2 -> 0:0:0:0 #1)
1777481873.833809 [0] dq.builtin: data(builtin, vendor 1.16): 0:0:0:0 #1: ST0 /ParticipantBuiltinTopicData:{user_data=10<"enclave=/;">,protocol_version=2:1,vendorid=1:16,participant_lease_duration=10000000000,participant_guid={110cfe5:7645227d:5dd75df7:1c1},builtin_endpoint_set=3135,domain_id=0,default_unicast_locator={udp/192.168.50.95:42984},default_multicast_locator={udp/239.255.0.1:7401},metatraffic_unicast_locator={udp/192.168.50.95:42984},metatraffic_multicast_locator={udp/239.255.0.1:7400},adlink_participant_version_info=0:44:0:0:0:"ubuntu/0.9.1/Linux/Linux",cyclone_receive_buffer_size=425984}
1777481873.833973 [0] dq.builtin: SPDP ST0 110cfe5:7645227d:5dd75df7:1c1 (known) L(:1c1 2994.415690)
1777481874.438178 [0]        tev: thread_cputime 0.100531000
1777481874.438610 [0]     talker: write_sample 110ce4e:83e26d0:2ed73607:603 #225: ST0 rt/rosout/rcl_interfaces::msg::dds_::Log_:{{1777481874,438380550},20,"talker","Publishing: 'Hello World: 225'","/opt/ros/humble/src/demos/demo_nodes_cpp/src/topics/talker.cpp","operator()",47}
1777481874.438728 [0]     talker:  => EVERYONE
1777481874.438842 [0]     talker: write_sample 110ce4e:83e26d0:2ed73607:1503 #225: ST0 rt/chatter/std_msgs::msg::dds_::String_:{"Hello World: 225"}
1777481874.438894 [0]     talker:  => EVERYONE
1777481875.438378 [0]        tev: thread_cputime 0.100531000
1777481875.438599 [0]     talker: write_sample 110ce4e:83e26d0:2ed73607:603 #226: ST0 rt/rosout/rcl_interfaces::msg::dds_::Log_:{{1777481875,438387738},20,"talker","Publishing: 'Hello World: 226'","/opt/ros/humble/src/demos/demo_nodes_cpp/src/topics/talker.cpp","operator()",47}
1777481875.440499 [0]     talker:  => EVERYONE
1777481875.440665 [0]     talker: write_sample 110ce4e:83e26d0:2ed73607:1503 #226: ST0 rt/chatter/std_msgs::msg::dds_::String_:{"Hello World: 226"}
1777481875.440727 [0]     talker:  => EVERYONE
1777481875.833757 [0]         gc: thread_cputime 0.002812000
1777481876.438595 [0]     talker: write_sample 110ce4e:83e26d0:2ed73607:603 #227: ST0 rt/rosout/rcl_interfaces::msg::dds_::Log_:{{1777481876,438443300},20,"talker","Publishing: 'Hello World: 227'","/opt/ros/humble/src/demos/demo_nodes_cpp/src/topics/talker.cpp","operator()",47}
1777481876.438708 [0]     talker:  => EVERYONE
1777481876.438831 [0]     talker: write_sample 110ce4e:83e26d0:2ed73607:1503 #227: ST0 rt/chatter/std_msgs::msg::dds_::String_:{"Hello World: 227"}
1777481876.438867 [0]     talker:  => EVERYONE
1777481877.438447 [0]        tev: thread_cputime 0.100531000
1777481877.438722 [0]     talker: write_sample 110ce4e:83e26d0:2ed73607:603 #228: ST0 rt/rosout/rcl_interfaces::msg::dds_::Log_:{{1777481877,438463967},20,"talker","Publishing: 'Hello World: 228'","/opt/ros/humble/src/demos/demo_nodes_cpp/src/topics/talker.cpp","operator()",47}
1777481877.438840 [0]     talker:  => EVERYONE
1777481877.438983 [0]     talker: write_sample 110ce4e:83e26d0:2ed73607:1503 #228: ST0 rt/chatter/std_msgs::msg::dds_::String_:{"Hello World: 228"}
1777481877.439038 [0]     talker:  => EVERYONE
1777481878.438776 [0]     talker: write_sample 110ce4e:83e26d0:2ed73607:603 #229: ST0 rt/rosout/rcl_interfaces::msg::dds_::Log_:{{1777481878,438502574},20,"talker","Publishing: 'Hello World: 229'","/opt/ros/humble/src/demos/demo_nodes_cpp/src/topics/talker.cpp","operator()",47}
1777481878.438959 [0]     talker:  => EVERYONE
1777481878.439124 [0]     talker: write_sample 110ce4e:83e26d0:2ed73607:1503 #229: ST0 rt/chatter/std_msgs::msg::dds_::String_:{"Hello World: 229"}
1777481878.439157 [0]     talker:  => EVERYONE
1777481879.438435 [0]        tev: thread_cputime 0.100531000
1777481879.438630 [0]     talker: write_sample 110ce4e:83e26d0:2ed73607:603 #230: ST0 rt/rosout/rcl_interfaces::msg::dds_::Log_:{{1777481879,438475757},20,"talker","Publishing: 'Hello World: 230'","/opt/ros/humble/src/demos/demo_nodes_cpp/src/topics/talker.cpp","operator()",47}
1777481879.438702 [0]     talker:  => EVERYONE
1777481879.438799 [0]     talker: write_sample 110ce4e:83e26d0:2ed73607:1503 #230: ST0 rt/chatter/std_msgs::msg::dds_::String_:{"Hello World: 230"}
1777481879.438831 [0]     talker:  => EVERYONE
1777481880.438499 [0]        tev: thread_cputime 0.100531000
1777481880.438752 [0]     talker: write_sample 110ce4e:83e26d0:2ed73607:603 #231: ST0 rt/rosout/rcl_interfaces::msg::dds_::Log_:{{1777481880,438622120},20,"talker","Publishing: 'Hello World: 231'","/opt/ros/humble/src/demos/demo_nodes_cpp/src/topics/talker.cpp","operator()",47}
1777481880.447129 [0]     talker:  => EVERYONE
1777481880.447361 [0]     talker: write_sample 110ce4e:83e26d0:2ed73607:1503 #231: ST0 rt/chatter/std_msgs::msg::dds_::String_:{"Hello World: 231"}
1777481880.447428 [0]     talker:  => EVERYONE
1777481881.386939 [0]        tev: write_sample 110ce4e:83e26d0:2ed73607:200c2 #30: ST0 DCPSParticipantMessage/ParticipantMessageData:{110ce4e:83e26d0:2ed73607:1}:1<0>
1777481881.387174 [0]        tev: xpack_addmsg 0xffffa4001390 0xaaaaf5c36300 0(data(110ce4e:83e26d0:2ed73607:200c2:#30/1)): niov 0 sz 0 => now niov 3 sz 84
1777481881.387227 [0]        tev: writer_hbcontrol: wr 110ce4e:83e26d0:2ed73607:200c2 multicasting (rel-prd 1 seq-eq-max 1 seq 30 maxseq 29)
1777481881.387277 [0]        tev: heartbeat(wr 110ce4e:83e26d0:2ed73607:200c2) piggybacked, resched in 0.1 s (min-ack 29, avail-seq 30, xmit 29)
1777481881.387326 [0]        tev: xpack_addmsg 0xffffa4001390 0xaaaaf5c2f010 0(control): niov 3 sz 84 => now niov 4 sz 116
1777481881.387519 [0]        tev: nn_xpack_send 116: 0xffffa400139c:20 0xaaaaf5c363f8:36 0xffffa40027ec:28 0xaaaaf5c2f108:32 [ udp/192.168.50.95:42984@3 ]
1777481881.387560 [0]        tev: traffic-xmit (1) 116
1777481881.387610 [0]        tev: resched pmd(110ce4e:83e26d0:2ed73607:1c1): 8s
1777481881.387834 [0]     recvUC: HDR(110cfe5:7645227d:5dd75df7 vendor 1.16) len 64 from udp/192.168.50.95:47636
1777481881.387886 [0]     recvUC: INFODST(110ce4e:83e26d0:2ed73607)
1777481881.387941 [0]     recvUC: ACKNACK(F#33:31/0: L(:1c1 3001.969619) 110cfe5:7645227d:5dd75df7:200c7 -> 110ce4e:83e26d0:2ed73607:200c2 ACK1 RM0)
1777481881.387989 [0]     recvUC: thread_cputime 0.022595000
1777481881.438516 [0]        tev: thread_cputime 0.100531000
1777481881.438735 [0]     talker: write_sample 110ce4e:83e26d0:2ed73607:603 #232: ST0 rt/rosout/rcl_interfaces::msg::dds_::Log_:{{1777481881,438553419},20,"talker","Publishing: 'Hello World: 232'","/opt/ros/humble/src/demos/demo_nodes_cpp/src/topics/talker.cpp","operator()",47}
1777481881.438908 [0]     talker:  => EVERYONE
1777481881.439034 [0]     talker: write_sample 110ce4e:83e26d0:2ed73607:1503 #232: ST0 rt/chatter/std_msgs::msg::dds_::String_:{"Hello World: 232"}
1777481881.439088 [0]     talker:  => EVERYONE
1777481881.486816 [0]        tev: non-timed queue now has 1 items
1777481881.487005 [0]        tev: xmit spdp 110ce4e:83e26d0:2ed73607:1c1 to 0:0:0:100c7 (resched 8s)
1777481881.487107 [0]        tev: heartbeat(wr 110ce4e:83e26d0:2ed73607:200c2) suppressed, resched in inf s (min-ack 30, avail-seq 30, xmit 30)
1777481881.487157 [0]        tev: xpack_addmsg 0xffffa4001390 0xaaaaf5c36300 0(data(0:0:0:0:#0/1)): niov 0 sz 0 => now niov 3 sz 324
1777481881.487485 [0]       recv: HDR(110ce4e:83e26d0:2ed73607 vendor 1.16) len 324 from udp/192.168.50.95:60698
1777481881.487535 [0]       recv: INFOTS(1777481649.382771377)
1777481881.487603 [0]       recv: DATA(110ce4e:83e26d0:2ed73607:100c2 -> 0:0:0:0 #1)
1777481881.487646 [0]       recv: thread_cputime 0.011333000
1777481881.487802 [0] dq.builtin: data(builtin, vendor 1.16): 0:0:0:0 #1: ST0 /ParticipantBuiltinTopicData:{user_data=10<"enclave=/;">,protocol_version=2:1,vendorid=1:16,participant_lease_duration=10000000000,participant_guid={110ce4e:83e26d0:2ed73607:1c1},builtin_endpoint_set=3135,domain_id=0,default_unicast_locator={udp/192.168.50.95:59056},default_multicast_locator={udp/239.255.0.1:7401},metatraffic_unicast_locator={udp/192.168.50.95:59056},metatraffic_multicast_locator={udp/239.255.0.1:7400},adlink_participant_version_info=0:44:0:0:0:"ubuntu/0.9.1/Linux/Linux",cyclone_receive_buffer_size=425984}
1777481881.487852 [0] dq.builtin: SPDP ST0 110ce4e:83e26d0:2ed73607:1c1 (local)
1777481881.487888 [0] dq.builtin: thread_cputime 0.023167000
1777481881.487991 [0]        tev: nn_xpack_send 324: 0xffffa400139c:20 0xaaaaf5c363f8:36 0xaaaaf5be5864:268 [ udp/239.255.0.1:7400@3 ]
1777481881.488022 [0]        tev: traffic-xmit (1) 324
1777481881.734337 [0]     recvUC: HDR(110cfe5:7645227d:5dd75df7 vendor 1.16) len 116 from udp/192.168.50.95:47636
1777481881.734587 [0]     recvUC: INFOTS(1777481881.733997168)
1777481881.734661 [0]     recvUC: DATA(110cfe5:7645227d:5dd75df7:200c2 -> 0:0:0:0 #121 L(:1c1 3002.316282))
1777481881.734742 [0]     recvUC: HEARTBEAT(#35:121..121 110cfe5:7645227d:5dd75df7:200c2 -> 0:0:0:0: 110ce4e:83e26d0:2ed73607:200c7@121(sync))
1777481881.734869 [0] dq.builtin: data(builtin, vendor 1.16): 110cfe5:7645227d:5dd75df7:200c2 #121: ST0 DCPSParticipantMessage/ParticipantMessageData:{110cfe5:7645227d:5dd75df7:1}:1<0>
1777481881.734934 [0] dq.builtin:  PMD ST0 pp 110cfe5:7645227d:5dd75df7 kind 1 data 1
1777481881.735020 [0]        tev: acknack 110ce4e:83e26d0:2ed73607:200c7 -> 110cfe5:7645227d:5dd75df7:200c2: F#32:122/0:
1777481881.735053 [0]        tev: send acknack(rd 110ce4e:83e26d0:2ed73607:200c7 -> pwr 110cfe5:7645227d:5dd75df7:200c2)
1777481881.735088 [0]        tev: xpack_addmsg 0xffffa4001390 0xaaaaf5c36300 0(control): niov 0 sz 0 => now niov 2 sz 64
1777481881.735258 [0]        tev: nn_xpack_send 64: 0xffffa400139c:20 0xaaaaf5c363e8:44 [ udp/192.168.50.95:42984@3 ]
1777481881.735304 [0]        tev: traffic-xmit (1) 64
1777481881.833029 [0]       recv: HDR(110cfe5:7645227d:5dd75df7 vendor 1.16) len 324 from udp/192.168.50.95:47636
1777481881.833230 [0]       recv: INFOTS(1777480921.718474635)
1777481881.833338 [0]       recv: DATA(110cfe5:7645227d:5dd75df7:100c2 -> 0:0:0:0 #1)
1777481881.833602 [0] dq.builtin: data(builtin, vendor 1.16): 0:0:0:0 #1: ST0 /ParticipantBuiltinTopicData:{user_data=10<"enclave=/;">,protocol_version=2:1,vendorid=1:16,participant_lease_duration=10000000000,participant_guid={110cfe5:7645227d:5dd75df7:1c1},builtin_endpoint_set=3135,domain_id=0,default_unicast_locator={udp/192.168.50.95:42984},default_multicast_locator={udp/239.255.0.1:7401},metatraffic_unicast_locator={udp/192.168.50.95:42984},metatraffic_multicast_locator={udp/239.255.0.1:7400},adlink_participant_version_info=0:44:0:0:0:"ubuntu/0.9.1/Linux/Linux",cyclone_receive_buffer_size=425984}
1777481881.833844 [0] dq.builtin: SPDP ST0 110cfe5:7645227d:5dd75df7:1c1 (known) L(:1c1 3002.415523)
1777481882.438626 [0]        tev: thread_cputime 0.100531000
1777481882.438870 [0]     talker: write_sample 110ce4e:83e26d0:2ed73607:603 #233: ST0 rt/rosout/rcl_interfaces::msg::dds_::Log_:{{1777481882,438709773},20,"talker","Publishing: 'Hello World: 233'","/opt/ros/humble/src/demos/demo_nodes_cpp/src/topics/talker.cpp","operator()",47}
1777481882.438938 [0]     talker:  => EVERYONE
1777481882.439135 [0]     talker: write_sample 110ce4e:83e26d0:2ed73607:1503 #233: ST0 rt/chatter/std_msgs::msg::dds_::String_:{"Hello World: 233"}
1777481882.439180 [0]     talker:  => EVERYONE
1777481883.438667 [0]        tev: thread_cputime 0.100531000
1777481883.438995 [0]     talker: write_sample 110ce4e:83e26d0:2ed73607:603 #234: ST0 rt/rosout/rcl_interfaces::msg::dds_::Log_:{{1777481883,438738235},20,"talker","Publishing: 'Hello World: 234'","/opt/ros/humble/src/demos/demo_nodes_cpp/src/topics/talker.cpp","operator()",47}
1777481883.439131 [0]     talker:  => EVERYONE
1777481883.439283 [0]     talker: write_sample 110ce4e:83e26d0:2ed73607:1503 #234: ST0 rt/chatter/std_msgs::msg::dds_::String_:{"Hello World: 234"}
1777481883.439320 [0]     talker:  => EVERYONE
1777481883.834387 [0]         gc: thread_cputime 0.003127000
1777481884.438739 [0]        tev: thread_cputime 0.100531000
1777481884.439038 [0]     talker: write_sample 110ce4e:83e26d0:2ed73607:603 #235: ST0 rt/rosout/rcl_interfaces::msg::dds_::Log_:{{1777481884,438787454},20,"talker","Publishing: 'Hello World: 235'","/opt/ros/humble/src/demos/demo_nodes_cpp/src/topics/talker.cpp","operator()",47}
1777481884.439145 [0]     talker:  => EVERYONE
1777481884.439292 [0]     talker: write_sample 110ce4e:83e26d0:2ed73607:1503 #235: ST0 rt/chatter/std_msgs::msg::dds_::String_:{"Hello World: 235"}
1777481884.439325 [0]     talker:  => EVERYONE
1777481885.439046 [0]     talker: write_sample 110ce4e:83e26d0:2ed73607:603 #236: ST0 rt/rosout/rcl_interfaces::msg::dds_::Log_:{{1777481885,438809395},20,"talker","Publishing: 'Hello World: 236'","/opt/ros/humble/src/demos/demo_nodes_cpp/src/topics/talker.cpp","operator()",47}
1777481885.439230 [0]     talker:  => EVERYONE
1777481885.439362 [0]     talker: write_sample 110ce4e:83e26d0:2ed73607:1503 #236: ST0 rt/chatter/std_msgs::msg::dds_::String_:{"Hello World: 236"}
1777481885.447558 [0]     talker:  => EVERYONE
1777481886.438722 [0]        tev: thread_cputime 0.100531000
1777481886.439086 [0]     talker: write_sample 110ce4e:83e26d0:2ed73607:603 #237: ST0 rt/rosout/rcl_interfaces::msg::dds_::Log_:{{1777481886,438847004},20,"talker","Publishing: 'Hello World: 237'","/opt/ros/humble/src/demos/demo_nodes_cpp/src/topics/talker.cpp","operator()",47}
1777481886.439217 [0]     talker:  => EVERYONE
1777481886.439367 [0]     talker: write_sample 110ce4e:83e26d0:2ed73607:1503 #237: ST0 rt/chatter/std_msgs::msg::dds_::String_:{"Hello World: 237"}
1777481886.439447 [0]     talker:  => EVERYONE
1777481887.438846 [0]        tev: thread_cputime 0.100531000
1777481887.439175 [0]     talker: write_sample 110ce4e:83e26d0:2ed73607:603 #238: ST0 rt/rosout/rcl_interfaces::msg::dds_::Log_:{{1777481887,438922106},20,"talker","Publishing: 'Hello World: 238'","/opt/ros/humble/src/demos/demo_nodes_cpp/src/topics/talker.cpp","operator()",47}
1777481887.439350 [0]     talker:  => EVERYONE
1777481887.439532 [0]     talker: write_sample 110ce4e:83e26d0:2ed73607:1503 #238: ST0 rt/chatter/std_msgs::msg::dds_::String_:{"Hello World: 238"}
1777481887.439564 [0]     talker:  => EVERYONE
1777481888.438908 [0]        tev: thread_cputime 0.100531000
1777481888.439228 [0]     talker: write_sample 110ce4e:83e26d0:2ed73607:603 #239: ST0 rt/rosout/rcl_interfaces::msg::dds_::Log_:{{1777481888,438996844},20,"talker","Publishing: 'Hello World: 239'","/opt/ros/humble/src/demos/demo_nodes_cpp/src/topics/talker.cpp","operator()",47}
1777481888.439351 [0]     talker:  => EVERYONE
1777481888.439641 [0]     talker: write_sample 110ce4e:83e26d0:2ed73607:1503 #239: ST0 rt/chatter/std_msgs::msg::dds_::String_:{"Hello World: 239"}
1777481888.439673 [0]     talker:  => EVERYONE
1777481889.387125 [0]        tev: write_sample 110ce4e:83e26d0:2ed73607:200c2 #31: ST0 DCPSParticipantMessage/ParticipantMessageData:{110ce4e:83e26d0:2ed73607:1}:1<0>
1777481889.387426 [0]        tev: xpack_addmsg 0xffffa4001390 0xaaaaf5c36300 0(data(110ce4e:83e26d0:2ed73607:200c2:#31/1)): niov 0 sz 0 => now niov 3 sz 84
1777481889.387485 [0]        tev: writer_hbcontrol: wr 110ce4e:83e26d0:2ed73607:200c2 multicasting (rel-prd 1 seq-eq-max 1 seq 31 maxseq 30)
1777481889.387536 [0]        tev: heartbeat(wr 110ce4e:83e26d0:2ed73607:200c2) piggybacked, resched in 0.1 s (min-ack 30, avail-seq 31, xmit 30)
1777481889.387572 [0]        tev: xpack_addmsg 0xffffa4001390 0xaaaaf5c2f010 0(control): niov 3 sz 84 => now niov 4 sz 116
1777481889.388021 [0]        tev: nn_xpack_send 116: 0xffffa400139c:20 0xaaaaf5c363f8:36 0xffffa40014dc:28 0xaaaaf5c2f108:32 [ udp/192.168.50.95:42984@3 ]
1777481889.388085 [0]        tev: traffic-xmit (1) 116
1777481889.388158 [0]        tev: resched pmd(110ce4e:83e26d0:2ed73607:1c1): 8s
1777481889.388179 [0]     recvUC: HDR(110cfe5:7645227d:5dd75df7 vendor 1.16) len 64 from udp/192.168.50.95:47636
1777481889.388249 [0]     recvUC: INFODST(110ce4e:83e26d0:2ed73607)
1777481889.388303 [0]     recvUC: ACKNACK(F#34:32/0: L(:1c1 3009.969959) 110cfe5:7645227d:5dd75df7:200c7 -> 110ce4e:83e26d0:2ed73607:200c2 ACK1 RM0)
1777481889.388346 [0]     recvUC: thread_cputime 0.022595000
1777481889.439166 [0]     talker: write_sample 110ce4e:83e26d0:2ed73607:603 #240: ST0 rt/rosout/rcl_interfaces::msg::dds_::Log_:{{1777481889,439036623},20,"talker","Publishing: 'Hello World: 240'","/opt/ros/humble/src/demos/demo_nodes_cpp/src/topics/talker.cpp","operator()",47}
1777481889.439246 [0]     talker:  => EVERYONE
1777481889.439341 [0]     talker: write_sample 110ce4e:83e26d0:2ed73607:1503 #240: ST0 rt/chatter/std_msgs::msg::dds_::String_:{"Hello World: 240"}
1777481889.439382 [0]     talker:  => EVERYONE
1777481889.486899 [0]        tev: thread_cputime 0.100531000
1777481889.487128 [0]        tev: non-timed queue now has 1 items
1777481889.487199 [0]        tev: xmit spdp 110ce4e:83e26d0:2ed73607:1c1 to 0:0:0:100c7 (resched 8s)
1777481889.487271 [0]        tev: heartbeat(wr 110ce4e:83e26d0:2ed73607:200c2) suppressed, resched in inf s (min-ack 31, avail-seq 31, xmit 31)
1777481889.487316 [0]        tev: xpack_addmsg 0xffffa4001390 0xaaaaf5c36300 0(data(0:0:0:0:#0/1)): niov 0 sz 0 => now niov 3 sz 324
1777481889.487757 [0]       recv: HDR(110ce4e:83e26d0:2ed73607 vendor 1.16) len 324 from udp/192.168.50.95:60698
1777481889.487830 [0]       recv: INFOTS(1777481649.382771377)
1777481889.487916 [0]       recv: DATA(110ce4e:83e26d0:2ed73607:100c2 -> 0:0:0:0 #1)
1777481889.487958 [0]       recv: thread_cputime 0.011739000
1777481889.488113 [0] dq.builtin: data(builtin, vendor 1.16): 0:0:0:0 #1: ST0 /ParticipantBuiltinTopicData:{user_data=10<"enclave=/;">,protocol_version=2:1,vendorid=1:16,participant_lease_duration=10000000000,participant_guid={110ce4e:83e26d0:2ed73607:1c1},builtin_endpoint_set=3135,domain_id=0,default_unicast_locator={udp/192.168.50.95:59056},default_multicast_locator={udp/239.255.0.1:7401},metatraffic_unicast_locator={udp/192.168.50.95:59056},metatraffic_multicast_locator={udp/239.255.0.1:7400},adlink_participant_version_info=0:44:0:0:0:"ubuntu/0.9.1/Linux/Linux",cyclone_receive_buffer_size=425984}
1777481889.488176 [0] dq.builtin: SPDP ST0 110ce4e:83e26d0:2ed73607:1c1 (local)
1777481889.488213 [0] dq.builtin: thread_cputime 0.024057000
1777481889.488333 [0]        tev: nn_xpack_send 324: 0xffffa400139c:20 0xaaaaf5c363f8:36 0xaaaaf5be5864:268 [ udp/239.255.0.1:7400@3 ]
1777481889.488364 [0]        tev: traffic-xmit (1) 324
1777481889.734562 [0]     recvUC: HDR(110cfe5:7645227d:5dd75df7 vendor 1.16) len 116 from udp/192.168.50.95:47636
1777481889.734772 [0]     recvUC: INFOTS(1777481889.734155943)
1777481889.735163 [0]     recvUC: DATA(110cfe5:7645227d:5dd75df7:200c2 -> 0:0:0:0 #122 L(:1c1 3010.316466))
1777481889.735403 [0]     recvUC: HEARTBEAT(#36:122..122 110cfe5:7645227d:5dd75df7:200c2 -> 0:0:0:0: 110ce4e:83e26d0:2ed73607:200c7@122(sync))
1777481889.735477 [0]        tev: acknack 110ce4e:83e26d0:2ed73607:200c7 -> 110cfe5:7645227d:5dd75df7:200c2: F#33:123/0:
1777481889.735523 [0]        tev: send acknack(rd 110ce4e:83e26d0:2ed73607:200c7 -> pwr 110cfe5:7645227d:5dd75df7:200c2)
1777481889.735562 [0]        tev: xpack_addmsg 0xffffa4001390 0xaaaaf5c36300 0(control): niov 0 sz 0 => now niov 2 sz 64
1777481889.735625 [0] dq.builtin: data(builtin, vendor 1.16): 110cfe5:7645227d:5dd75df7:200c2 #122: ST0 DCPSParticipantMessage/ParticipantMessageData:{110cfe5:7645227d:5dd75df7:1}:1<0>
1777481889.735765 [0] dq.builtin:  PMD ST0 pp 110cfe5:7645227d:5dd75df7 kind 1 data 1
1777481889.735716 [0]        tev: nn_xpack_send 64: 0xffffa400139c:20 0xaaaaf5c363e8:44 [ udp/192.168.50.95:42984@3 ]
1777481889.735976 [0]        tev: traffic-xmit (1) 64
1777481889.832957 [0]       recv: HDR(110cfe5:7645227d:5dd75df7 vendor 1.16) len 324 from udp/192.168.50.95:47636
1777481889.833158 [0]       recv: INFOTS(1777480921.718474635)
1777481889.833282 [0]       recv: DATA(110cfe5:7645227d:5dd75df7:100c2 -> 0:0:0:0 #1)
1777481889.833570 [0] dq.builtin: data(builtin, vendor 1.16): 0:0:0:0 #1: ST0 /ParticipantBuiltinTopicData:{user_data=10<"enclave=/;">,protocol_version=2:1,vendorid=1:16,participant_lease_duration=10000000000,participant_guid={110cfe5:7645227d:5dd75df7:1c1},builtin_endpoint_set=3135,domain_id=0,default_unicast_locator={udp/192.168.50.95:42984},default_multicast_locator={udp/239.255.0.1:7401},metatraffic_unicast_locator={udp/192.168.50.95:42984},metatraffic_multicast_locator={udp/239.255.0.1:7400},adlink_participant_version_info=0:44:0:0:0:"ubuntu/0.9.1/Linux/Linux",cyclone_receive_buffer_size=425984}
1777481889.833776 [0] dq.builtin: SPDP ST0 110cfe5:7645227d:5dd75df7:1c1 (known) L(:1c1 3010.415488)
1777481890.439202 [0]     talker: write_sample 110ce4e:83e26d0:2ed73607:603 #241: ST0 rt/rosout/rcl_interfaces::msg::dds_::Log_:{{1777481890,439024611},20,"talker","Publishing: 'Hello World: 241'","/opt/ros/humble/src/demos/demo_nodes_cpp/src/topics/talker.cpp","operator()",47}
1777481890.439330 [0]     talker:  => EVERYONE
1777481890.447749 [0]     talker: write_sample 110ce4e:83e26d0:2ed73607:1503 #241: ST0 rt/chatter/std_msgs::msg::dds_::String_:{"Hello World: 241"}
1777481890.447890 [0]     talker:  => EVERYONE
1777481891.438879 [0]        tev: thread_cputime 0.100531000
1777481891.439268 [0]     talker: write_sample 110ce4e:83e26d0:2ed73607:603 #242: ST0 rt/rosout/rcl_interfaces::msg::dds_::Log_:{{1777481891,439121136},20,"talker","Publishing: 'Hello World: 242'","/opt/ros/humble/src/demos/demo_nodes_cpp/src/topics/talker.cpp","operator()",47}
1777481891.439327 [0]     talker:  => EVERYONE
1777481891.439417 [0]     talker: write_sample 110ce4e:83e26d0:2ed73607:1503 #242: ST0 rt/chatter/std_msgs::msg::dds_::String_:{"Hello World: 242"}
1777481891.439449 [0]     talker:  => EVERYONE
1777481891.834327 [0]         gc: thread_cputime 0.003371000
1777481892.439027 [0]        tev: thread_cputime 0.100531000
1777481892.439396 [0]     talker: write_sample 110ce4e:83e26d0:2ed73607:603 #243: ST0 rt/rosout/rcl_interfaces::msg::dds_::Log_:{{1777481892,439147085},20,"talker","Publishing: 'Hello World: 243'","/opt/ros/humble/src/demos/demo_nodes_cpp/src/topics/talker.cpp","operator()",47}
1777481892.439493 [0]     talker:  => EVERYONE
1777481892.439595 [0]     talker: write_sample 110ce4e:83e26d0:2ed73607:1503 #243: ST0 rt/chatter/std_msgs::msg::dds_::String_:{"Hello World: 243"}
1777481892.439633 [0]     talker:  => EVERYONE
1777481893.439158 [0]        tev: thread_cputime 0.100561000
1777481893.439456 [0]     talker: write_sample 110ce4e:83e26d0:2ed73607:603 #244: ST0 rt/rosout/rcl_interfaces::msg::dds_::Log_:{{1777481893,439218560},20,"talker","Publishing: 'Hello World: 244'","/opt/ros/humble/src/demos/demo_nodes_cpp/src/topics/talker.cpp","operator()",47}
1777481893.439563 [0]     talker:  => EVERYONE
1777481893.439780 [0]     talker: write_sample 110ce4e:83e26d0:2ed73607:1503 #244: ST0 rt/chatter/std_msgs::msg::dds_::String_:{"Hello World: 244"}
1777481893.439821 [0]     talker:  => EVERYONE
1777481894.439167 [0]        tev: thread_cputime 0.100814000
1777481894.439619 [0]     talker: write_sample 110ce4e:83e26d0:2ed73607:603 #245: ST0 rt/rosout/rcl_interfaces::msg::dds_::Log_:{{1777481894,439371594},20,"talker","Publishing: 'Hello World: 245'","/opt/ros/humble/src/demos/demo_nodes_cpp/src/topics/talker.cpp","operator()",47}
1777481894.439779 [0]     talker:  => EVERYONE
1777481894.440005 [0]     talker: write_sample 110ce4e:83e26d0:2ed73607:1503 #245: ST0 rt/chatter/std_msgs::msg::dds_::String_:{"Hello World: 245"}
1777481894.440076 [0]     talker:  => EVERYONE
1777481895.439234 [0]        tev: thread_cputime 0.100941000
1777481895.439693 [0]     talker: write_sample 110ce4e:83e26d0:2ed73607:603 #246: ST0 rt/rosout/rcl_interfaces::msg::dds_::Log_:{{1777481895,439360832},20,"talker","Publishing: 'Hello World: 246'","/opt/ros/humble/src/demos/demo_nodes_cpp/src/topics/talker.cpp","operator()",47}
1777481895.439783 [0]     talker:  => EVERYONE
1777481895.439923 [0]     talker: write_sample 110ce4e:83e26d0:2ed73607:1503 #246: ST0 rt/chatter/std_msgs::msg::dds_::String_:{"Hello World: 246"}
1777481895.439958 [0]     talker:  => EVERYONE
1777481896.439196 [0]        tev: thread_cputime 0.101269000
1777481896.439528 [0]     talker: write_sample 110ce4e:83e26d0:2ed73607:603 #247: ST0 rt/rosout/rcl_interfaces::msg::dds_::Log_:{{1777481896,439382826},20,"talker","Publishing: 'Hello World: 247'","/opt/ros/humble/src/demos/demo_nodes_cpp/src/topics/talker.cpp","operator()",47}
1777481896.439583 [0]     talker:  => EVERYONE
1777481896.439655 [0]     talker: write_sample 110ce4e:83e26d0:2ed73607:1503 #247: ST0 rt/chatter/std_msgs::msg::dds_::String_:{"Hello World: 247"}
1777481896.439684 [0]     talker:  => EVERYONE
1777481897.387330 [0]        tev: write_sample 110ce4e:83e26d0:2ed73607:200c2 #32: ST0 DCPSParticipantMessage/ParticipantMessageData:{110ce4e:83e26d0:2ed73607:1}:1<0>
1777481897.387545 [0]        tev: xpack_addmsg 0xffffa4001390 0xaaaaf5c36300 0(data(110ce4e:83e26d0:2ed73607:200c2:#32/1)): niov 0 sz 0 => now niov 3 sz 84
1777481897.387646 [0]        tev: writer_hbcontrol: wr 110ce4e:83e26d0:2ed73607:200c2 multicasting (rel-prd 1 seq-eq-max 1 seq 32 maxseq 31)
1777481897.387701 [0]        tev: heartbeat(wr 110ce4e:83e26d0:2ed73607:200c2) piggybacked, resched in 0.1 s (min-ack 31, avail-seq 32, xmit 31)
1777481897.387745 [0]        tev: xpack_addmsg 0xffffa4001390 0xaaaaf5c2f010 0(control): niov 3 sz 84 => now niov 4 sz 116
1777481897.388359 [0]     recvUC: HDR(110cfe5:7645227d:5dd75df7 vendor 1.16) len 64 from udp/192.168.50.95:47636
1777481897.388461 [0]     recvUC: INFODST(110ce4e:83e26d0:2ed73607)
1777481897.388380 [0]        tev: nn_xpack_send 116: 0xffffa400139c:20 0xaaaaf5c363f8:36 0xffffa40027ec:28 0xaaaaf5c2f108:32 [ udp/192.168.50.95:42984@3 ]
1777481897.388527 [0]     recvUC: ACKNACK(F#35:33/0: L(:1c1 3017.970191) 110cfe5:7645227d:5dd75df7:200c7 -> 110ce4e:83e26d0:2ed73607:200c2 ACK1 RM0)
1777481897.388693 [0]     recvUC: thread_cputime 0.022595000
1777481897.388759 [0]        tev: traffic-xmit (1) 116
1777481897.388809 [0]        tev: resched pmd(110ce4e:83e26d0:2ed73607:1c1): 8s
1777481897.439301 [0]        tev: thread_cputime 0.102179000
1777481897.439568 [0]     talker: write_sample 110ce4e:83e26d0:2ed73607:603 #248: ST0 rt/rosout/rcl_interfaces::msg::dds_::Log_:{{1777481897,439361063},20,"talker","Publishing: 'Hello World: 248'","/opt/ros/humble/src/demos/demo_nodes_cpp/src/topics/talker.cpp","operator()",47}
1777481897.439644 [0]     talker:  => EVERYONE
1777481897.439733 [0]     talker: write_sample 110ce4e:83e26d0:2ed73607:1503 #248: ST0 rt/chatter/std_msgs::msg::dds_::String_:{"Hello World: 248"}
1777481897.439764 [0]     talker:  => EVERYONE
1777481897.487072 [0]        tev: non-timed queue now has 1 items
1777481897.487239 [0]        tev: xmit spdp 110ce4e:83e26d0:2ed73607:1c1 to 0:0:0:100c7 (resched 8s)
1777481897.487392 [0]        tev: heartbeat(wr 110ce4e:83e26d0:2ed73607:200c2) suppressed, resched in inf s (min-ack 32, avail-seq 32, xmit 32)
1777481897.487449 [0]        tev: xpack_addmsg 0xffffa4001390 0xaaaaf5c36300 0(data(0:0:0:0:#0/1)): niov 0 sz 0 => now niov 3 sz 324
1777481897.487827 [0]       recv: HDR(110ce4e:83e26d0:2ed73607 vendor 1.16) len 324 from udp/192.168.50.95:60698
1777481897.487883 [0]       recv: INFOTS(1777481649.382771377)
1777481897.487937 [0]       recv: DATA(110ce4e:83e26d0:2ed73607:100c2 -> 0:0:0:0 #1)
1777481897.487976 [0]       recv: thread_cputime 0.012042000
1777481897.488103 [0]        tev: nn_xpack_send 324: 0xffffa400139c:20 0xaaaaf5c363f8:36 0xaaaaf5be5864:268 [ udp/239.255.0.1:7400@3 ]
1777481897.488139 [0]        tev: traffic-xmit (1) 324
1777481897.488117 [0] dq.builtin: data(builtin, vendor 1.16): 0:0:0:0 #1: ST0 /ParticipantBuiltinTopicData:{user_data=10<"enclave=/;">,protocol_version=2:1,vendorid=1:16,participant_lease_duration=10000000000,participant_guid={110ce4e:83e26d0:2ed73607:1c1},builtin_endpoint_set=3135,domain_id=0,default_unicast_locator={udp/192.168.50.95:59056},default_multicast_locator={udp/239.255.0.1:7401},metatraffic_unicast_locator={udp/192.168.50.95:59056},metatraffic_multicast_locator={udp/239.255.0.1:7400},adlink_participant_version_info=0:44:0:0:0:"ubuntu/0.9.1/Linux/Linux",cyclone_receive_buffer_size=425984}
1777481897.488264 [0] dq.builtin: SPDP ST0 110ce4e:83e26d0:2ed73607:1c1 (local)
1777481897.488306 [0] dq.builtin: thread_cputime 0.025489000
1777481897.734838 [0]     recvUC: HDR(110cfe5:7645227d:5dd75df7 vendor 1.16) len 116 from udp/192.168.50.95:47636
1777481897.734987 [0]     recvUC: INFOTS(1777481897.734377884)
1777481897.735079 [0]     recvUC: DATA(110cfe5:7645227d:5dd75df7:200c2 -> 0:0:0:0 #123 L(:1c1 3018.316715))
1777481897.735175 [0]     recvUC: HEARTBEAT(#37:123..123 110cfe5:7645227d:5dd75df7:200c2 -> 0:0:0:0: 110ce4e:83e26d0:2ed73607:200c7@123(sync))
1777481897.735275 [0]        tev: acknack 110ce4e:83e26d0:2ed73607:200c7 -> 110cfe5:7645227d:5dd75df7:200c2: F#34:124/0:
1777481897.735308 [0]        tev: send acknack(rd 110ce4e:83e26d0:2ed73607:200c7 -> pwr 110cfe5:7645227d:5dd75df7:200c2)
1777481897.735307 [0] dq.builtin: data(builtin, vendor 1.16): 110cfe5:7645227d:5dd75df7:200c2 #123: ST0 DCPSParticipantMessage/ParticipantMessageData:{110cfe5:7645227d:5dd75df7:1}:1<0>
1777481897.735349 [0]        tev: xpack_addmsg 0xffffa4001390 0xaaaaf5c36300 0(control): niov 0 sz 0 => now niov 2 sz 64
1777481897.735416 [0] dq.builtin:  PMD ST0 pp 110cfe5:7645227d:5dd75df7 kind 1 data 1
1777481897.735507 [0]        tev: nn_xpack_send 64: 0xffffa400139c:20 0xaaaaf5c363e8:44 [ udp/192.168.50.95:42984@3 ]
1777481897.735545 [0]        tev: traffic-xmit (1) 64
1777481897.833083 [0]       recv: HDR(110cfe5:7645227d:5dd75df7 vendor 1.16) len 324 from udp/192.168.50.95:47636
1777481897.833317 [0]       recv: INFOTS(1777480921.718474635)
1777481897.833470 [0]       recv: DATA(110cfe5:7645227d:5dd75df7:100c2 -> 0:0:0:0 #1)
1777481897.833768 [0] dq.builtin: data(builtin, vendor 1.16): 0:0:0:0 #1: ST0 /ParticipantBuiltinTopicData:{user_data=10<"enclave=/;">,protocol_version=2:1,vendorid=1:16,participant_lease_duration=10000000000,participant_guid={110cfe5:7645227d:5dd75df7:1c1},builtin_endpoint_set=3135,domain_id=0,default_unicast_locator={udp/192.168.50.95:42984},default_multicast_locator={udp/239.255.0.1:7401},metatraffic_unicast_locator={udp/192.168.50.95:42984},metatraffic_multicast_locator={udp/239.255.0.1:7400},adlink_participant_version_info=0:44:0:0:0:"ubuntu/0.9.1/Linux/Linux",cyclone_receive_buffer_size=425984}
1777481897.833919 [0] dq.builtin: SPDP ST0 110cfe5:7645227d:5dd75df7:1c1 (known) L(:1c1 3018.415636)
1777481898.439363 [0]        tev: thread_cputime 0.103203000
1777481898.439612 [0]     talker: write_sample 110ce4e:83e26d0:2ed73607:603 #249: ST0 rt/rosout/rcl_interfaces::msg::dds_::Log_:{{1777481898,439437596},20,"talker","Publishing: 'Hello World: 249'","/opt/ros/humble/src/demos/demo_nodes_cpp/src/topics/talker.cpp","operator()",47}
1777481898.439750 [0]     talker:  => EVERYONE
1777481898.439823 [0]     talker: write_sample 110ce4e:83e26d0:2ed73607:1503 #249: ST0 rt/chatter/std_msgs::msg::dds_::String_:{"Hello World: 249"}
1777481898.439853 [0]     talker:  => EVERYONE
1777481899.068091 [0]     talker: write_sample 110ce4e:83e26d0:2ed73607:403 #12: ST0 ros_discovery_info/rmw_dds_common::msg::dds_::ParticipantEntitiesInfo_:{{{{1,16,206,78,8,62,38,208,46,215,54,7,0,0,1,193,0,0,0,0,0,0,0,0}}},{{"/","talker",{{{{1,16,206,78,8,62,38,208,46,215,54,7,0,0,8,4,0,0,0,0,0,0,0,0}}}{{{1,16,206,78,8,62,38,208,46,215,54,7,0,0,10,4,0,0,0,0,0,0,0,0}}}{{{1,16,206,78,8,62,38,208,46,215,54,7,0,0,12,4,0,0,0,0,0,0,0,0}}}{{{1,16,206,78,8,62,38,208,46,215,54,7,0,0,14,4,0,0,0,0,0,0,0,0}}}{{{1,16,206,78,8,62,38,208,46,215,54,7,0,0,16,4,0,0,0,0,0,0,0,0}}}{{{1,16,206,78,8,62,38,208,46,215,54,7,0,0,18,4,0,0,0,0,0,0,0,0}}}{{{1,16,206,78,8,62,38,208,46,215,54,7,0,0,20,4,0,0,0,0,0,0,0,0}}}},{{{{1,16,206,78,8,62,38,208,46,215,54,7,0,0,7,3,0,0,0,0,0,0,0,0}}}{{{1,16,206,78,8,62,38,208,46,215,54,7,0,0,9,3,0,0,0,0,0,0,0,0}}}{{{1,16,206,78,8,62,38,208,46,215,54,7,0,0,11,3,0,0,0,0,0,0,0,0}}}{{{1,16,206,78,8,62,38,208,46,215,54,7,0,0,13,3,0,0,0,0,0,0,0,0}}}{{{1,16,206,78,8,62,38,208,46,215,54,7,0,0,15,3,0,0,0,0,0,0,0,0}}}{{{1,16,206,78,8,62,38,208,46,215,54,7,0,0,17,3,0,0,0,0,0,0,0,0}}}{{{1,16,206,78,8,62,38,208,46,215,54,7,0,0,19,3,0,0,0,0,0,0,0,0}}}{{{1,16,206,78
1777481899.068266 [0]     talker: xpack_addmsg 0xaaaaf5beb720 0xaaaaf5c36300 0(data(110ce4e:83e26d0:2ed73607:403:#12/1)): niov 0 sz 0 => now niov 3 sz 476
1777481899.068334 [0]     talker: writer_hbcontrol: wr 110ce4e:83e26d0:2ed73607:403 multicasting (rel-prd 1 seq-eq-max 1 seq 12 maxseq 11)
1777481899.068394 [0]     talker: heartbeat(wr 110ce4e:83e26d0:2ed73607:403) piggybacked, resched in 0.1 s (min-ack 11, avail-seq 12, xmit 11)
1777481899.068428 [0]     talker: xpack_addmsg 0xaaaaf5beb720 0xaaaaf5c2f010 0(control): niov 3 sz 476 => now niov 4 sz 508
1777481899.068612 [0]     talker: nn_xpack_send 508: 0xaaaaf5beb72c:20 0xaaaaf5c363f8:36 0xffff8c0016f0:420 0xaaaaf5c2f108:32 [ udp/192.168.50.95:42984@3 ]
1777481899.068661 [0]     talker: traffic-xmit (1) 508
1777481899.068695 [0]     talker:  => EVERYONE
1777481899.068749 [0]     talker: unblock_throttled_writer(guid 110ce4e:83e26d0:2ed73607:603) ...
1777481899.068777 [0]     talker: writer_set_state(110ce4e:83e26d0:2ed73607:603) state transition 0 -> 1
1777481899.068812 [0]     talker: delete_writer(guid 110ce4e:83e26d0:2ed73607:603) ...
1777481899.068839 [0]     talker: delete_writer(guid 110ce4e:83e26d0:2ed73607:603) - no unack'ed samples
1777481899.068870 [0]     talker: delete_writer_nolinger(guid 110ce4e:83e26d0:2ed73607:603) ...
1777481899.068911 [0]     talker: write_sample 0:0:0:3c2 #14: ST3 DCPSPublication/org::eclipse::cyclonedds::builtin::DCPSPublication:(blob)
1777481899.068938 [0]     talker:  => EVERYONE
1777481899.068984 [0]     recvUC: HDR(110cfe5:7645227d:5dd75df7 vendor 1.16) len 64 from udp/192.168.50.95:47636
1777481899.069086 [0]     recvUC: INFODST(110ce4e:83e26d0:2ed73607)
1777481899.068997 [0]     talker: writer_set_state(110ce4e:83e26d0:2ed73607:603) state transition 1 -> 3
1777481899.069216 [0]     talker: write_sample 110ce4e:83e26d0:2ed73607:403 #13: ST0 ros_discovery_info/rmw_dds_common::msg::dds_::ParticipantEntitiesInfo_:{{{{1,16,206,78,8,62,38,208,46,215,54,7,0,0,1,193,0,0,0,0,0,0,0,0}}},{{"/","talker",{{{{1,16,206,78,8,62,38,208,46,215,54,7,0,0,8,4,0,0,0,0,0,0,0,0}}}{{{1,16,206,78,8,62,38,208,46,215,54,7,0,0,10,4,0,0,0,0,0,0,0,0}}}{{{1,16,206,78,8,62,38,208,46,215,54,7,0,0,12,4,0,0,0,0,0,0,0,0}}}{{{1,16,206,78,8,62,38,208,46,215,54,7,0,0,14,4,0,0,0,0,0,0,0,0}}}{{{1,16,206,78,8,62,38,208,46,215,54,7,0,0,16,4,0,0,0,0,0,0,0,0}}}{{{1,16,206,78,8,62,38,208,46,215,54,7,0,0,18,4,0,0,0,0,0,0,0,0}}}{{{1,16,206,78,8,62,38,208,46,215,54,7,0,0,20,4,0,0,0,0,0,0,0,0}}}},{{{{1,16,206,78,8,62,38,208,46,215,54,7,0,0,7,3,0,0,0,0,0,0,0,0}}}{{{1,16,206,78,8,62,38,208,46,215,54,7,0,0,9,3,0,0,0,0,0,0,0,0}}}{{{1,16,206,78,8,62,38,208,46,215,54,7,0,0,11,3,0,0,0,0,0,0,0,0}}}{{{1,16,206,78,8,62,38,208,46,215,54,7,0,0,13,3,0,0,0,0,0,0,0,0}}}{{{1,16,206,78,8,62,38,208,46,215,54,7,0,0,15,3,0,0,0,0,0,0,0,0}}}{{{1,16,206,78,8,62,38,208,46,215,54,7,0,0,17,3,0,0,0,0,0,0,0,0}}}{{{1,16,206,78,8,62,38,208,46,215,54,7,0,0,19,3,0,0,0,0,0,0,0,0}}}}}}}
1777481899.069269 [0]         gc: gc 0xffff8c001a90: not yet, shortsleep
1777481899.069536 [0]     talker: xpack_addmsg 0xaaaaf5beb720 0xaaaaf5c17440 0(data(110ce4e:83e26d0:2ed73607:403:#13/1)): niov 0 sz 0 => now niov 3 sz 452
1777481899.069574 [0]     talker: writer_hbcontrol: wr 110ce4e:83e26d0:2ed73607:403 multicasting (rel-prd 1 seq-eq-max 1 seq 13 maxseq 11)
1777481899.069615 [0]     talker: heartbeat(wr 110ce4e:83e26d0:2ed73607:403 final) piggybacked, resched in 0.0987946 s (min-ack 11, avail-seq 13, xmit 12)
1777481899.069656 [0]     talker: xpack_addmsg 0xaaaaf5beb720 0xaaaaf5c24850 0(control): niov 3 sz 452 => now niov 4 sz 484
1777481899.069691 [0]     recvUC: ACKNACK(F#10:13/0: L(:1c1 3019.650818) 110cfe5:7645227d:5dd75df7:504 -> 110ce4e:83e26d0:2ed73607:403 ACK1 RM0)
1777481899.069735 [0]     recvUC: thread_cputime 0.023018000
1777481899.069781 [0]     talker: nn_xpack_send 484: 0xaaaaf5beb72c:20 0xaaaaf5c320b8:36 0xaaaaf5c2ed00:396 0xaaaaf5c32168:32 [ udp/192.168.50.95:42984@3 ]
1777481899.069809 [0]     talker: traffic-xmit (1) 484
1777481899.069839 [0]     talker:  => EVERYONE
1777481899.069878 [0]     talker: unblock_throttled_writer(guid 110ce4e:83e26d0:2ed73607:1503) ...
1777481899.069905 [0]     talker: writer_set_state(110ce4e:83e26d0:2ed73607:1503) state transition 0 -> 1
1777481899.069934 [0]     talker: delete_writer(guid 110ce4e:83e26d0:2ed73607:1503) ...
1777481899.069960 [0]     talker: delete_writer(guid 110ce4e:83e26d0:2ed73607:1503) - no unack'ed samples
1777481899.069986 [0]     talker: delete_writer_nolinger(guid 110ce4e:83e26d0:2ed73607:1503) ...
1777481899.070022 [0]     talker: write_sample 0:0:0:3c2 #15: ST3 DCPSPublication/org::eclipse::cyclonedds::builtin::DCPSPublication:(blob)
1777481899.070049 [0]     talker:  => EVERYONE
1777481899.070093 [0]     talker: writer_set_state(110ce4e:83e26d0:2ed73607:1503) state transition 1 -> 3
1777481899.070633 [0]         gc: thread_cputime 0.003897000
1777481899.070678 [0]         gc: gc 0xffff8c001a90: deleting
1777481899.070707 [0]         gc: gc_delete_writer(0xffff8c001a90, 110ce4e:83e26d0:2ed73607:603)
1777481899.070817 [0]         gc: write_sample 110ce4e:83e26d0:2ed73607:3c2 #11: ST3 DCPSPublication/PublicationBuiltinTopicData:{endpoint_guid={110ce4e:83e26d0:2ed73607:603}}
1777481899.070885 [0]         gc: non-timed queue now has 1 items
1777481899.070935 [0]        tev: xpack_addmsg 0xffffa4001390 0xaaaaf5c36300 0(data(110ce4e:83e26d0:2ed73607:3c2:#11/1)): niov 0 sz 0 => now niov 3 sz 96
1777481899.071004 [0]         gc: unref_participant(110ce4e:83e26d0:2ed73607:1c1 @ 0xaaaaf5bdf510 <- 110ce4e:83e26d0:2ed73607:603 @ 0xaaaaf5bf5d74) user 21 builtin 8
1777481899.071115 [0]         gc: gc 0xaaaaf5c46240: deleting
1777481899.071149 [0]         gc: gc_delete_writer(0xaaaaf5c46240, 110ce4e:83e26d0:2ed73607:1503)
1777481899.071216 [0]         gc: write_sample 110ce4e:83e26d0:2ed73607:3c2 #12: ST3 DCPSPublication/PublicationBuiltinTopicData:{endpoint_guid={110ce4e:83e26d0:2ed73607:1503}}
1777481899.071290 [0]         gc: non-timed queue now has 1 items
1777481899.071349 [0]         gc: unref_participant(110ce4e:83e26d0:2ed73607:1c1 @ 0xaaaaf5bdf510 <- 110ce4e:83e26d0:2ed73607:1503 @ 0xaaaaf5c37aa4) user 20 builtin 8
1777481899.071384 [0]         gc: gc 0xffffb4001470: not yet, shortsleep
1777481899.071437 [0]        tev: xpack_addmsg 0xffffa4001390 0xaaaaf5c2f010 0(data(110ce4e:83e26d0:2ed73607:3c2:#12/1)): niov 3 sz 96 => now niov 5 sz 172
1777481899.071561 [0]        tev: nn_xpack_send 172: 0xffffa400139c:20 0xaaaaf5c363f8:48 0xffffb40013f4:28 0xaaaaf5c2f108:48 0xffffb4001904:28 [ udp/192.168.50.95:42984@3 ]
1777481899.071599 [0]        tev: traffic-xmit (1) 172
1777481899.071874 [0]     talker: write_sample 110ce4e:83e26d0:2ed73607:403 #14: ST0 ros_discovery_info/rmw_dds_common::msg::dds_::ParticipantEntitiesInfo_:{{{{1,16,206,78,8,62,38,208,46,215,54,7,0,0,1,193,0,0,0,0,0,0,0,0}}},{{"/","talker",{{{{1,16,206,78,8,62,38,208,46,215,54,7,0,0,8,4,0,0,0,0,0,0,0,0}}}{{{1,16,206,78,8,62,38,208,46,215,54,7,0,0,10,4,0,0,0,0,0,0,0,0}}}{{{1,16,206,78,8,62,38,208,46,215,54,7,0,0,12,4,0,0,0,0,0,0,0,0}}}{{{1,16,206,78,8,62,38,208,46,215,54,7,0,0,14,4,0,0,0,0,0,0,0,0}}}{{{1,16,206,78,8,62,38,208,46,215,54,7,0,0,16,4,0,0,0,0,0,0,0,0}}}{{{1,16,206,78,8,62,38,208,46,215,54,7,0,0,18,4,0,0,0,0,0,0,0,0}}}},{{{{1,16,206,78,8,62,38,208,46,215,54,7,0,0,7,3,0,0,0,0,0,0,0,0}}}{{{1,16,206,78,8,62,38,208,46,215,54,7,0,0,9,3,0,0,0,0,0,0,0,0}}}{{{1,16,206,78,8,62,38,208,46,215,54,7,0,0,11,3,0,0,0,0,0,0,0,0}}}{{{1,16,206,78,8,62,38,208,46,215,54,7,0,0,13,3,0,0,0,0,0,0,0,0}}}{{{1,16,206,78,8,62,38,208,46,215,54,7,0,0,15,3,0,0,0,0,0,0,0,0}}}{{{1,16,206,78,8,62,38,208,46,215,54,7,0,0,17,3,0,0,0,0,0,0,0,0}}}{{{1,16,206,78,8,62,38,208,46,215,54,7,0,0,19,3,0,0,0,0,0,0,0,0}}}}}}}
1777481899.072019 [0]     talker: xpack_addmsg 0xaaaaf5beb720 0xaaaaf5c17440 0(data(110ce4e:83e26d0:2ed73607:403:#14/1)): niov 0 sz 0 => now niov 3 sz 428
1777481899.072051 [0]     talker: writer_hbcontrol: wr 110ce4e:83e26d0:2ed73607:403 multicasting (rel-prd 1 seq-eq-max 1 seq 14 maxseq 12)
1777481899.072084 [0]     talker: heartbeat(wr 110ce4e:83e26d0:2ed73607:403 final) piggybacked, resched in 0.0962676 s (min-ack 12, avail-seq 14, xmit 13)
1777481899.072114 [0]     talker: xpack_addmsg 0xaaaaf5beb720 0xaaaaf5c24850 0(control): niov 3 sz 428 => now niov 4 sz 460
1777481899.072205 [0]     talker: nn_xpack_send 460: 0xaaaaf5beb72c:20 0xaaaaf5c320b8:36 0xaaaaf5c24630:372 0xaaaaf5c32168:32 [ udp/192.168.50.95:42984@3 ]
1777481899.072235 [0]     talker: traffic-xmit (1) 460
1777481899.072263 [0]     talker:  => EVERYONE
1777481899.072307 [0]     talker: delete_reader_guid(guid 110ce4e:83e26d0:2ed73607:1404) ...
1777481899.072340 [0]     talker: write_sample 0:0:0:4c2 #13: ST3 DCPSSubscription/org::eclipse::cyclonedds::builtin::DCPSSubscription:(blob)
1777481899.072366 [0]     talker:  => EVERYONE
1777481899.072507 [0]         gc: gc 0xffffb4001470: deleting
1777481899.072558 [0]         gc: gc 0xffffb4001930: deleting
1777481899.072588 [0]         gc: gc 0xaaaaf5bf4730: deleting
1777481899.072615 [0]         gc: gc_delete_reader(0xaaaaf5bf4730, 110ce4e:83e26d0:2ed73607:1404)
1777481899.072656 [0]         gc: update_reader_init_acknack_count (110ce4e:83e26d0:2ed73607:1404, 2): reader no longer exists
1777481899.072737 [0]         gc: write_sample 110ce4e:83e26d0:2ed73607:4c2 #9: ST3 DCPSSubscription/SubscriptionBuiltinTopicData:{endpoint_guid={110ce4e:83e26d0:2ed73607:1404}}
1777481899.072776 [0]         gc: non-timed queue now has 1 items
1777481899.072817 [0]         gc: unref_participant(110ce4e:83e26d0:2ed73607:1c1 @ 0xaaaaf5bdf510 <- 110ce4e:83e26d0:2ed73607:1404 @ 0xaaaaf5c358b4) user 19 builtin 8
1777481899.072852 [0]         gc: gc 0xffffb4001470: not yet, shortsleep
1777481899.072940 [0]        tev: xpack_addmsg 0xffffa4001390 0xaaaaf5c36300 0(data(110ce4e:83e26d0:2ed73607:4c2:#9/1)): niov 0 sz 0 => now niov 3 sz 96
1777481899.073094 [0]        tev: nn_xpack_send 96: 0xffffa400139c:20 0xaaaaf5c363f8:48 0xaaaaf5c31834:28 [ udp/192.168.50.95:42984@3 ]
1777481899.073171 [0]        tev: traffic-xmit (1) 96
1777481899.073504 [0]     talker: write_sample 110ce4e:83e26d0:2ed73607:403 #15: ST0 ros_discovery_info/rmw_dds_common::msg::dds_::ParticipantEntitiesInfo_:{{{{1,16,206,78,8,62,38,208,46,215,54,7,0,0,1,193,0,0,0,0,0,0,0,0}}},{{"/","talker",{{{{1,16,206,78,8,62,38,208,46,215,54,7,0,0,8,4,0,0,0,0,0,0,0,0}}}{{{1,16,206,78,8,62,38,208,46,215,54,7,0,0,10,4,0,0,0,0,0,0,0,0}}}{{{1,16,206,78,8,62,38,208,46,215,54,7,0,0,12,4,0,0,0,0,0,0,0,0}}}{{{1,16,206,78,8,62,38,208,46,215,54,7,0,0,14,4,0,0,0,0,0,0,0,0}}}{{{1,16,206,78,8,62,38,208,46,215,54,7,0,0,16,4,0,0,0,0,0,0,0,0}}}},{{{{1,16,206,78,8,62,38,208,46,215,54,7,0,0,7,3,0,0,0,0,0,0,0,0}}}{{{1,16,206,78,8,62,38,208,46,215,54,7,0,0,9,3,0,0,0,0,0,0,0,0}}}{{{1,16,206,78,8,62,38,208,46,215,54,7,0,0,11,3,0,0,0,0,0,0,0,0}}}{{{1,16,206,78,8,62,38,208,46,215,54,7,0,0,13,3,0,0,0,0,0,0,0,0}}}{{{1,16,206,78,8,62,38,208,46,215,54,7,0,0,15,3,0,0,0,0,0,0,0,0}}}{{{1,16,206,78,8,62,38,208,46,215,54,7,0,0,19,3,0,0,0,0,0,0,0,0}}}}}}}
1777481899.073642 [0]     talker: xpack_addmsg 0xaaaaf5beb720 0xaaaaf5c17440 0(data(110ce4e:83e26d0:2ed73607:403:#15/1)): niov 0 sz 0 => now niov 3 sz 380
1777481899.073695 [0]     talker: writer_hbcontrol: wr 110ce4e:83e26d0:2ed73607:403 multicasting (rel-prd 1 seq-eq-max 1 seq 15 maxseq 12)
1777481899.073746 [0]     talker: heartbeat(wr 110ce4e:83e26d0:2ed73607:403 final) piggybacked, resched in 0.0947351 s (min-ack 12, avail-seq 15, xmit 14)
1777481899.073795 [0]     talker: xpack_addmsg 0xaaaaf5beb720 0xaaaaf5c24850 0(control): niov 3 sz 380 => now niov 4 sz 412
1777481899.073934 [0]     talker: nn_xpack_send 412: 0xaaaaf5beb72c:20 0xaaaaf5c320b8:36 0xaaaaf5c1df30:324 0xaaaaf5c32168:32 [ udp/192.168.50.95:42984@3 ]
1777481899.073982 [0]     talker: traffic-xmit (1) 412
1777481899.074011 [0]         gc: gc 0xffffb4001470: deleting
1777481899.074027 [0]     talker:  => EVERYONE
1777481899.074342 [0]     talker: delete_reader_guid(guid 110ce4e:83e26d0:2ed73607:1204) ...
1777481899.074410 [0]     talker: write_sample 0:0:0:4c2 #14: ST3 DCPSSubscription/org::eclipse::cyclonedds::builtin::DCPSSubscription:(blob)
1777481899.074457 [0]     talker:  => EVERYONE
1777481899.074600 [0]         gc: gc 0xaaaaf5bf4730: not yet, shortsleep
1777481899.075789 [0]         gc: gc 0xaaaaf5bf4730: deleting
1777481899.075849 [0]         gc: gc_delete_reader(0xaaaaf5bf4730, 110ce4e:83e26d0:2ed73607:1204)
1777481899.075925 [0]         gc: write_sample 110ce4e:83e26d0:2ed73607:4c2 #10: ST3 DCPSSubscription/SubscriptionBuiltinTopicData:{endpoint_guid={110ce4e:83e26d0:2ed73607:1204}}
1777481899.076038 [0]         gc: non-timed queue now has 1 items
1777481899.076110 [0]         gc: unref_participant(110ce4e:83e26d0:2ed73607:1c1 @ 0xaaaaf5bdf510 <- 110ce4e:83e26d0:2ed73607:1204 @ 0xaaaaf5c23574) user 18 builtin 8
1777481899.076163 [0]         gc: gc 0xffffb4001930: deleting
1777481899.076301 [0]     talker: unblock_throttled_writer(guid 110ce4e:83e26d0:2ed73607:1103) ...
1777481899.076355 [0]     talker: writer_set_state(110ce4e:83e26d0:2ed73607:1103) state transition 0 -> 1
1777481899.076416 [0]     talker: delete_writer(guid 110ce4e:83e26d0:2ed73607:1103) ...
1777481899.076460 [0]     talker: delete_writer(guid 110ce4e:83e26d0:2ed73607:1103) - no unack'ed samples
1777481899.076502 [0]     talker: delete_writer_nolinger(guid 110ce4e:83e26d0:2ed73607:1103) ...
1777481899.076553 [0]     talker: write_sample 0:0:0:3c2 #16: ST3 DCPSPublication/org::eclipse::cyclonedds::builtin::DCPSPublication:(blob)
1777481899.076598 [0]     talker:  => EVERYONE
1777481899.076664 [0]     talker: writer_set_state(110ce4e:83e26d0:2ed73607:1103) state transition 1 -> 3
1777481899.076782 [0]         gc: gc 0xaaaaf5c20e80: not yet, shortsleep
1777481899.076336 [0]        tev: xpack_addmsg 0xffffa4001390 0xaaaaf5c36300 0(data(110ce4e:83e26d0:2ed73607:4c2:#10/1)): niov 0 sz 0 => now niov 3 sz 96
1777481899.077290 [0]        tev: nn_xpack_send 96: 0xffffa400139c:20 0xaaaaf5c363f8:48 0xffffb40014d4:28 [ udp/192.168.50.95:42984@3 ]
1777481899.077364 [0]        tev: traffic-xmit (1) 96
1777481899.077939 [0]         gc: gc 0xaaaaf5c20e80: deleting
1777481899.078000 [0]         gc: gc_delete_writer(0xaaaaf5c20e80, 110ce4e:83e26d0:2ed73607:1103)
1777481899.078094 [0]         gc: write_sample 110ce4e:83e26d0:2ed73607:3c2 #13: ST3 DCPSPublication/PublicationBuiltinTopicData:{endpoint_guid={110ce4e:83e26d0:2ed73607:1103}}
1777481899.078190 [0]         gc: non-timed queue now has 1 items
1777481899.078353 [0]         gc: unref_participant(110ce4e:83e26d0:2ed73607:1c1 @ 0xaaaaf5bdf510 <- 110ce4e:83e26d0:2ed73607:1103 @ 0xaaaaf5c22284) user 17 builtin 8
1777481899.078415 [0]         gc: gc 0xffffb4001930: deleting
1777481899.078454 [0]        tev: xpack_addmsg 0xffffa4001390 0xaaaaf5c36300 0(data(110ce4e:83e26d0:2ed73607:3c2:#13/1)): niov 0 sz 0 => now niov 3 sz 96
1777481899.078792 [0]        tev: nn_xpack_send 96: 0xffffa400139c:20 0xaaaaf5c363f8:48 0xffffb4001564:28 [ udp/192.168.50.95:42984@3 ]
1777481899.078899 [0]        tev: traffic-xmit (1) 96
1777481899.079330 [0]     talker: write_sample 110ce4e:83e26d0:2ed73607:403 #16: ST0 ros_discovery_info/rmw_dds_common::msg::dds_::ParticipantEntitiesInfo_:{{{{1,16,206,78,8,62,38,208,46,215,54,7,0,0,1,193,0,0,0,0,0,0,0,0}}},{{"/","talker",{{{{1,16,206,78,8,62,38,208,46,215,54,7,0,0,8,4,0,0,0,0,0,0,0,0}}}{{{1,16,206,78,8,62,38,208,46,215,54,7,0,0,10,4,0,0,0,0,0,0,0,0}}}{{{1,16,206,78,8,62,38,208,46,215,54,7,0,0,12,4,0,0,0,0,0,0,0,0}}}{{{1,16,206,78,8,62,38,208,46,215,54,7,0,0,14,4,0,0,0,0,0,0,0,0}}}},{{{{1,16,206,78,8,62,38,208,46,215,54,7,0,0,7,3,0,0,0,0,0,0,0,0}}}{{{1,16,206,78,8,62,38,208,46,215,54,7,0,0,9,3,0,0,0,0,0,0,0,0}}}{{{1,16,206,78,8,62,38,208,46,215,54,7,0,0,11,3,0,0,0,0,0,0,0,0}}}{{{1,16,206,78,8,62,38,208,46,215,54,7,0,0,13,3,0,0,0,0,0,0,0,0}}}{{{1,16,206,78,8,62,38,208,46,215,54,7,0,0,19,3,0,0,0,0,0,0,0,0}}}}}}}
1777481899.079484 [0]     talker: xpack_addmsg 0xaaaaf5beb720 0xaaaaf5c17440 0(data(110ce4e:83e26d0:2ed73607:403:#16/1)): niov 0 sz 0 => now niov 3 sz 332
1777481899.079553 [0]     talker: writer_hbcontrol: wr 110ce4e:83e26d0:2ed73607:403 multicasting (rel-prd 1 seq-eq-max 1 seq 16 maxseq 12)
1777481899.079639 [0]     talker: heartbeat(wr 110ce4e:83e26d0:2ed73607:403 final) piggybacked, resched in 0.088883 s (min-ack 12, avail-seq 16, xmit 15)
1777481899.079697 [0]     talker: xpack_addmsg 0xaaaaf5beb720 0xaaaaf5c24850 0(control): niov 3 sz 332 => now niov 4 sz 364
1777481899.079894 [0]     talker: nn_xpack_send 364: 0xaaaaf5beb72c:20 0xaaaaf5c320b8:36 0xaaaaf5c24b70:276 0xaaaaf5c32168:32 [ udp/192.168.50.95:42984@3 ]
1777481899.079962 [0]     talker: traffic-xmit (1) 364
1777481899.080019 [0]     talker:  => EVERYONE
1777481899.080089 [0]     talker: delete_reader_guid(guid 110ce4e:83e26d0:2ed73607:1004) ...
1777481899.080153 [0]     talker: write_sample 0:0:0:4c2 #15: ST3 DCPSSubscription/org::eclipse::cyclonedds::builtin::DCPSSubscription:(blob)
1777481899.080204 [0]     talker:  => EVERYONE
1777481899.080390 [0]         gc: gc 0xaaaaf5c20e80: deleting
1777481899.080474 [0]         gc: gc_delete_reader(0xaaaaf5c20e80, 110ce4e:83e26d0:2ed73607:1004)
1777481899.080596 [0]         gc: write_sample 110ce4e:83e26d0:2ed73607:4c2 #11: ST3 DCPSSubscription/SubscriptionBuiltinTopicData:{endpoint_guid={110ce4e:83e26d0:2ed73607:1004}}
1777481899.080699 [0]         gc: non-timed queue now has 1 items
1777481899.080781 [0]         gc: unref_participant(110ce4e:83e26d0:2ed73607:1c1 @ 0xaaaaf5bdf510 <- 110ce4e:83e26d0:2ed73607:1004 @ 0xaaaaf5c1da14) user 16 builtin 8
1777481899.080849 [0]         gc: gc 0xffffb4001930: deleting
1777481899.081001 [0]        tev: xpack_addmsg 0xffffa4001390 0xaaaaf5c36300 0(data(110ce4e:83e26d0:2ed73607:4c2:#11/1)): niov 0 sz 0 => now niov 3 sz 96
1777481899.081173 [0]        tev: nn_xpack_send 96: 0xffffa400139c:20 0xaaaaf5c363f8:48 0xffffb40015f4:28 [ udp/192.168.50.95:42984@3 ]
1777481899.081251 [0]        tev: traffic-xmit (1) 96
1777481899.080860 [0]     talker: unblock_throttled_writer(guid 110ce4e:83e26d0:2ed73607:f03) ...
1777481899.081400 [0]     talker: writer_set_state(110ce4e:83e26d0:2ed73607:f03) state transition 0 -> 1
1777481899.081452 [0]     talker: delete_writer(guid 110ce4e:83e26d0:2ed73607:f03) ...
1777481899.081504 [0]     talker: delete_writer(guid 110ce4e:83e26d0:2ed73607:f03) - no unack'ed samples
1777481899.081552 [0]     talker: delete_writer_nolinger(guid 110ce4e:83e26d0:2ed73607:f03) ...
1777481899.081611 [0]     talker: write_sample 0:0:0:3c2 #17: ST3 DCPSPublication/org::eclipse::cyclonedds::builtin::DCPSPublication:(blob)
1777481899.081661 [0]     talker:  => EVERYONE
1777481899.081737 [0]     talker: writer_set_state(110ce4e:83e26d0:2ed73607:f03) state transition 1 -> 3
1777481899.081871 [0]         gc: gc 0xaaaaf5c20e80: deleting
1777481899.081952 [0]         gc: gc_delete_writer(0xaaaaf5c20e80, 110ce4e:83e26d0:2ed73607:f03)
1777481899.082117 [0]         gc: write_sample 110ce4e:83e26d0:2ed73607:3c2 #14: ST3 DCPSPublication/PublicationBuiltinTopicData:{endpoint_guid={110ce4e:83e26d0:2ed73607:f03}}
1777481899.082246 [0]         gc: non-timed queue now has 1 items
1777481899.082436 [0]         gc: unref_participant(110ce4e:83e26d0:2ed73607:1c1 @ 0xaaaaf5bdf510 <- 110ce4e:83e26d0:2ed73607:f03 @ 0xaaaaf5c1c534) user 15 builtin 8
1777481899.082485 [0]        tev: xpack_addmsg 0xffffa4001390 0xaaaaf5c36300 0(data(110ce4e:83e26d0:2ed73607:3c2:#14/1)): niov 0 sz 0 => now niov 3 sz 96
1777481899.082507 [0]         gc: gc 0xffffb4001930: not yet, shortsleep
1777481899.082660 [0]        tev: nn_xpack_send 96: 0xffffa400139c:20 0xaaaaf5c363f8:48 0xffffb4001684:28 [ udp/192.168.50.95:42984@3 ]
1777481899.082738 [0]        tev: traffic-xmit (1) 96
1777481899.083077 [0]     talker: write_sample 110ce4e:83e26d0:2ed73607:403 #17: ST0 ros_discovery_info/rmw_dds_common::msg::dds_::ParticipantEntitiesInfo_:{{{{1,16,206,78,8,62,38,208,46,215,54,7,0,0,1,193,0,0,0,0,0,0,0,0}}},{{"/","talker",{{{{1,16,206,78,8,62,38,208,46,215,54,7,0,0,8,4,0,0,0,0,0,0,0,0}}}{{{1,16,206,78,8,62,38,208,46,215,54,7,0,0,10,4,0,0,0,0,0,0,0,0}}}{{{1,16,206,78,8,62,38,208,46,215,54,7,0,0,12,4,0,0,0,0,0,0,0,0}}}},{{{{1,16,206,78,8,62,38,208,46,215,54,7,0,0,7,3,0,0,0,0,0,0,0,0}}}{{{1,16,206,78,8,62,38,208,46,215,54,7,0,0,9,3,0,0,0,0,0,0,0,0}}}{{{1,16,206,78,8,62,38,208,46,215,54,7,0,0,11,3,0,0,0,0,0,0,0,0}}}{{{1,16,206,78,8,62,38,208,46,215,54,7,0,0,19,3,0,0,0,0,0,0,0,0}}}}}}}
1777481899.083139 [0]     talker: xpack_addmsg 0xaaaaf5beb720 0xaaaaf5c17440 0(data(110ce4e:83e26d0:2ed73607:403:#17/1)): niov 0 sz 0 => now niov 3 sz 284
1777481899.083172 [0]     talker: writer_hbcontrol: wr 110ce4e:83e26d0:2ed73607:403 multicasting (rel-prd 1 seq-eq-max 1 seq 17 maxseq 12)
1777481899.083206 [0]     talker: heartbeat(wr 110ce4e:83e26d0:2ed73607:403 final) piggybacked, resched in 0.084907 s (min-ack 12, avail-seq 17, xmit 16)
1777481899.083243 [0]     talker: xpack_addmsg 0xaaaaf5beb720 0xaaaaf5c24850 0(control): niov 3 sz 284 => now niov 4 sz 316
1777481899.083370 [0]     talker: nn_xpack_send 316: 0xaaaaf5beb72c:20 0xaaaaf5c320b8:36 0xaaaaf5c18c00:228 0xaaaaf5c32168:32 [ udp/192.168.50.95:42984@3 ]
1777481899.083403 [0]     talker: traffic-xmit (1) 316
1777481899.083438 [0]     talker:  => EVERYONE
1777481899.083478 [0]     talker: delete_reader_guid(guid 110ce4e:83e26d0:2ed73607:e04) ...
1777481899.083513 [0]     talker: write_sample 0:0:0:4c2 #16: ST3 DCPSSubscription/org::eclipse::cyclonedds::builtin::DCPSSubscription:(blob)
1777481899.083540 [0]     talker:  => EVERYONE
1777481899.083757 [0]         gc: gc 0xffffb4001930: deleting
1777481899.083814 [0]         gc: gc 0xaaaaf5c20e80: deleting
1777481899.083843 [0]         gc: gc_delete_reader(0xaaaaf5c20e80, 110ce4e:83e26d0:2ed73607:e04)
1777481899.083892 [0]         gc: write_sample 110ce4e:83e26d0:2ed73607:4c2 #12: ST3 DCPSSubscription/SubscriptionBuiltinTopicData:{endpoint_guid={110ce4e:83e26d0:2ed73607:e04}}
1777481899.083938 [0]         gc: non-timed queue now has 1 items
1777481899.083983 [0]         gc: unref_participant(110ce4e:83e26d0:2ed73607:1c1 @ 0xaaaaf5bdf510 <- 110ce4e:83e26d0:2ed73607:e04 @ 0xaaaaf5c15ef4) user 14 builtin 8
1777481899.084022 [0]         gc: gc 0xffffb4001930: not yet, shortsleep
1777481899.083983 [0]        tev: xpack_addmsg 0xffffa4001390 0xaaaaf5c36300 0(data(110ce4e:83e26d0:2ed73607:4c2:#12/1)): niov 0 sz 0 => now niov 3 sz 96
1777481899.084063 [0]     talker: unblock_throttled_writer(guid 110ce4e:83e26d0:2ed73607:d03) ...
1777481899.084175 [0]     talker: writer_set_state(110ce4e:83e26d0:2ed73607:d03) state transition 0 -> 1
1777481899.084203 [0]     talker: delete_writer(guid 110ce4e:83e26d0:2ed73607:d03) ...
1777481899.084238 [0]     talker: delete_writer(guid 110ce4e:83e26d0:2ed73607:d03) - no unack'ed samples
1777481899.084270 [0]     talker: delete_writer_nolinger(guid 110ce4e:83e26d0:2ed73607:d03) ...
1777481899.084309 [0]     talker: write_sample 0:0:0:3c2 #18: ST3 DCPSPublication/org::eclipse::cyclonedds::builtin::DCPSPublication:(blob)
1777481899.084379 [0]     talker:  => EVERYONE
1777481899.084205 [0]        tev: nn_xpack_send 96: 0xffffa400139c:20 0xaaaaf5c363f8:48 0xffffb4001714:28 [ udp/192.168.50.95:42984@3 ]
1777481899.084460 [0]        tev: traffic-xmit (1) 96
1777481899.084480 [0]     talker: writer_set_state(110ce4e:83e26d0:2ed73607:d03) state transition 1 -> 3
1777481899.085155 [0]         gc: gc 0xffffb4001930: deleting
1777481899.085203 [0]         gc: gc 0xaaaaf5c20e80: deleting
1777481899.085234 [0]         gc: gc_delete_writer(0xaaaaf5c20e80, 110ce4e:83e26d0:2ed73607:d03)
1777481899.085295 [0]         gc: write_sample 110ce4e:83e26d0:2ed73607:3c2 #15: ST3 DCPSPublication/PublicationBuiltinTopicData:{endpoint_guid={110ce4e:83e26d0:2ed73607:d03}}
1777481899.085345 [0]         gc: non-timed queue now has 1 items
1777481899.085403 [0]         gc: unref_participant(110ce4e:83e26d0:2ed73607:1c1 @ 0xaaaaf5bdf510 <- 110ce4e:83e26d0:2ed73607:d03 @ 0xaaaaf5c14ae4) user 13 builtin 8
1777481899.085443 [0]         gc: gc 0xffffb4001930: not yet, shortsleep
1777481899.085412 [0]        tev: xpack_addmsg 0xffffa4001390 0xaaaaf5c36300 0(data(110ce4e:83e26d0:2ed73607:3c2:#15/1)): niov 0 sz 0 => now niov 3 sz 96
1777481899.085597 [0]     talker: write_sample 110ce4e:83e26d0:2ed73607:403 #18: ST0 ros_discovery_info/rmw_dds_common::msg::dds_::ParticipantEntitiesInfo_:{{{{1,16,206,78,8,62,38,208,46,215,54,7,0,0,1,193,0,0,0,0,0,0,0,0}}},{{"/","talker",{{{{1,16,206,78,8,62,38,208,46,215,54,7,0,0,8,4,0,0,0,0,0,0,0,0}}}{{{1,16,206,78,8,62,38,208,46,215,54,7,0,0,10,4,0,0,0,0,0,0,0,0}}}},{{{{1,16,206,78,8,62,38,208,46,215,54,7,0,0,7,3,0,0,0,0,0,0,0,0}}}{{{1,16,206,78,8,62,38,208,46,215,54,7,0,0,9,3,0,0,0,0,0,0,0,0}}}{{{1,16,206,78,8,62,38,208,46,215,54,7,0,0,19,3,0,0,0,0,0,0,0,0}}}}}}}
1777481899.085635 [0]        tev: nn_xpack_send 96: 0xffffa400139c:20 0xaaaaf5c363f8:48 0xffffb40017a4:28 [ udp/192.168.50.95:42984@3 ]
1777481899.085689 [0]        tev: traffic-xmit (1) 96
1777481899.085651 [0]     talker: xpack_addmsg 0xaaaaf5beb720 0xaaaaf5c17440 0(data(110ce4e:83e26d0:2ed73607:403:#18/1)): niov 0 sz 0 => now niov 3 sz 236
1777481899.085784 [0]     talker: writer_hbcontrol: wr 110ce4e:83e26d0:2ed73607:403 multicasting (rel-prd 1 seq-eq-max 1 seq 18 maxseq 12)
1777481899.085822 [0]     talker: heartbeat(wr 110ce4e:83e26d0:2ed73607:403 final) piggybacked, resched in 0.0822997 s (min-ack 12, avail-seq 18, xmit 17)
1777481899.085853 [0]     talker: xpack_addmsg 0xaaaaf5beb720 0xaaaaf5c24850 0(control): niov 3 sz 236 => now niov 4 sz 268
1777481899.085968 [0]     talker: nn_xpack_send 268: 0xaaaaf5beb72c:20 0xaaaaf5c320b8:36 0xaaaaf5c1f250:180 0xaaaaf5c32168:32 [ udp/192.168.50.95:42984@3 ]
1777481899.086001 [0]     talker: traffic-xmit (1) 268
1777481899.086030 [0]     talker:  => EVERYONE
1777481899.086067 [0]     talker: delete_reader_guid(guid 110ce4e:83e26d0:2ed73607:c04) ...
1777481899.086101 [0]     talker: write_sample 0:0:0:4c2 #17: ST3 DCPSSubscription/org::eclipse::cyclonedds::builtin::DCPSSubscription:(blob)
1777481899.086130 [0]     talker:  => EVERYONE
1777481899.086553 [0]         gc: gc 0xffffb4001930: deleting
1777481899.086596 [0]         gc: gc 0xaaaaf5c103c0: deleting
1777481899.086638 [0]         gc: gc_delete_reader(0xaaaaf5c103c0, 110ce4e:83e26d0:2ed73607:c04)
1777481899.086687 [0]         gc: write_sample 110ce4e:83e26d0:2ed73607:4c2 #13: ST3 DCPSSubscription/SubscriptionBuiltinTopicData:{endpoint_guid={110ce4e:83e26d0:2ed73607:c04}}
1777481899.086740 [0]         gc: non-timed queue now has 1 items
1777481899.086795 [0]         gc: unref_participant(110ce4e:83e26d0:2ed73607:1c1 @ 0xaaaaf5bdf510 <- 110ce4e:83e26d0:2ed73607:c04 @ 0xaaaaf5c0e004) user 12 builtin 8
1777481899.086797 [0]        tev: xpack_addmsg 0xffffa4001390 0xaaaaf5c36300 0(data(110ce4e:83e26d0:2ed73607:4c2:#13/1)): niov 0 sz 0 => now niov 3 sz 96
1777481899.086828 [0]         gc: gc 0xffffb4001930: not yet, shortsleep
1777481899.086930 [0]        tev: nn_xpack_send 96: 0xffffa400139c:20 0xaaaaf5c363f8:48 0xffffb4001834:28 [ udp/192.168.50.95:42984@3 ]
1777481899.086993 [0]        tev: traffic-xmit (1) 96
1777481899.087141 [0]     talker: unblock_throttled_writer(guid 110ce4e:83e26d0:2ed73607:b03) ...
1777481899.087174 [0]     talker: writer_set_state(110ce4e:83e26d0:2ed73607:b03) state transition 0 -> 1
1777481899.087201 [0]     talker: delete_writer(guid 110ce4e:83e26d0:2ed73607:b03) ...
1777481899.087228 [0]     talker: delete_writer(guid 110ce4e:83e26d0:2ed73607:b03) - no unack'ed samples
1777481899.087254 [0]     talker: delete_writer_nolinger(guid 110ce4e:83e26d0:2ed73607:b03) ...
1777481899.087286 [0]     talker: write_sample 0:0:0:3c2 #19: ST3 DCPSPublication/org::eclipse::cyclonedds::builtin::DCPSPublication:(blob)
1777481899.087314 [0]     talker:  => EVERYONE
1777481899.087360 [0]     talker: writer_set_state(110ce4e:83e26d0:2ed73607:b03) state transition 1 -> 3
1777481899.087975 [0]         gc: gc 0xffffb4001930: deleting
1777481899.088012 [0]         gc: gc 0xaaaaf5c0e3c0: deleting
1777481899.088040 [0]         gc: gc_delete_writer(0xaaaaf5c0e3c0, 110ce4e:83e26d0:2ed73607:b03)
1777481899.088113 [0]         gc: write_sample 110ce4e:83e26d0:2ed73607:3c2 #16: ST3 DCPSPublication/PublicationBuiltinTopicData:{endpoint_guid={110ce4e:83e26d0:2ed73607:b03}}
1777481899.088166 [0]         gc: non-timed queue now has 1 items
1777481899.088216 [0]        tev: xpack_addmsg 0xffffa4001390 0xaaaaf5c36300 0(data(110ce4e:83e26d0:2ed73607:3c2:#16/1)): niov 0 sz 0 => now niov 3 sz 96
1777481899.088224 [0]         gc: unref_participant(110ce4e:83e26d0:2ed73607:1c1 @ 0xaaaaf5bdf510 <- 110ce4e:83e26d0:2ed73607:b03 @ 0xaaaaf5c0ccc4) user 11 builtin 8
1777481899.088290 [0]         gc: gc 0xffffb40019c0: not yet, shortsleep
1777481899.088308 [0]        tev: nn_xpack_send 96: 0xffffa400139c:20 0xaaaaf5c363f8:48 0xffffb4001994:28 [ udp/192.168.50.95:42984@3 ]
1777481899.088437 [0]        tev: traffic-xmit (1) 96
1777481899.088440 [0]     talker: write_sample 110ce4e:83e26d0:2ed73607:403 #19: ST0 ros_discovery_info/rmw_dds_common::msg::dds_::ParticipantEntitiesInfo_:{{{{1,16,206,78,8,62,38,208,46,215,54,7,0,0,1,193,0,0,0,0,0,0,0,0}}},{{"/","talker",{{{{1,16,206,78,8,62,38,208,46,215,54,7,0,0,8,4,0,0,0,0,0,0,0,0}}}},{{{{1,16,206,78,8,62,38,208,46,215,54,7,0,0,7,3,0,0,0,0,0,0,0,0}}}{{{1,16,206,78,8,62,38,208,46,215,54,7,0,0,19,3,0,0,0,0,0,0,0,0}}}}}}}
1777481899.088517 [0]     talker: xpack_addmsg 0xaaaaf5beb720 0xaaaaf5c17440 0(data(110ce4e:83e26d0:2ed73607:403:#19/1)): niov 0 sz 0 => now niov 3 sz 188
1777481899.088547 [0]     talker: writer_hbcontrol: wr 110ce4e:83e26d0:2ed73607:403 multicasting (rel-prd 1 seq-eq-max 1 seq 19 maxseq 12)
1777481899.088578 [0]     talker: heartbeat(wr 110ce4e:83e26d0:2ed73607:403 final) piggybacked, resched in 0.079409 s (min-ack 12, avail-seq 19, xmit 18)
1777481899.088606 [0]     talker: xpack_addmsg 0xaaaaf5beb720 0xaaaaf5c24850 0(control): niov 3 sz 188 => now niov 4 sz 220
1777481899.088681 [0]     talker: nn_xpack_send 220: 0xaaaaf5beb72c:20 0xaaaaf5c320b8:36 0xaaaaf5c009c0:132 0xaaaaf5c32168:32 [ udp/192.168.50.95:42984@3 ]
1777481899.088709 [0]     talker: traffic-xmit (1) 220
1777481899.088736 [0]     talker:  => EVERYONE
1777481899.088769 [0]     talker: delete_reader_guid(guid 110ce4e:83e26d0:2ed73607:a04) ...
1777481899.088800 [0]     talker: write_sample 0:0:0:4c2 #18: ST3 DCPSSubscription/org::eclipse::cyclonedds::builtin::DCPSSubscription:(blob)
1777481899.088826 [0]     talker:  => EVERYONE
1777481899.089441 [0]         gc: gc 0xffffb40019c0: deleting
1777481899.089507 [0]         gc: gc 0xaaaaf5c14d90: deleting
1777481899.089558 [0]         gc: gc_delete_reader(0xaaaaf5c14d90, 110ce4e:83e26d0:2ed73607:a04)
1777481899.089638 [0]         gc: write_sample 110ce4e:83e26d0:2ed73607:4c2 #14: ST3 DCPSSubscription/SubscriptionBuiltinTopicData:{endpoint_guid={110ce4e:83e26d0:2ed73607:a04}}
1777481899.089722 [0]         gc: non-timed queue now has 1 items
1777481899.089815 [0]         gc: unref_participant(110ce4e:83e26d0:2ed73607:1c1 @ 0xaaaaf5bdf510 <- 110ce4e:83e26d0:2ed73607:a04 @ 0xaaaaf5c053a4) user 10 builtin 8
1777481899.089890 [0]         gc: gc 0xffffb4001a50: not yet, shortsleep
1777481899.089901 [0]     talker: unblock_throttled_writer(guid 110ce4e:83e26d0:2ed73607:903) ...
1777481899.090081 [0]     talker: writer_set_state(110ce4e:83e26d0:2ed73607:903) state transition 0 -> 1
1777481899.090147 [0]     talker: delete_writer(guid 110ce4e:83e26d0:2ed73607:903) ...
1777481899.089816 [0]        tev: xpack_addmsg 0xffffa4001390 0xaaaaf5c36300 0(data(110ce4e:83e26d0:2ed73607:4c2:#14/1)): niov 0 sz 0 => now niov 3 sz 96
1777481899.090211 [0]     talker: delete_writer(guid 110ce4e:83e26d0:2ed73607:903) - no unack'ed samples
1777481899.090336 [0]     talker: delete_writer_nolinger(guid 110ce4e:83e26d0:2ed73607:903) ...
1777481899.090419 [0]     talker: write_sample 0:0:0:3c2 #20: ST3 DCPSPublication/org::eclipse::cyclonedds::builtin::DCPSPublication:(blob)
1777481899.090471 [0]     talker:  => EVERYONE
1777481899.090546 [0]        tev: nn_xpack_send 96: 0xffffa400139c:20 0xaaaaf5c363f8:48 0xffffb4001a24:28 [ udp/192.168.50.95:42984@3 ]
1777481899.090603 [0]        tev: traffic-xmit (1) 96
1777481899.090646 [0]     talker: writer_set_state(110ce4e:83e26d0:2ed73607:903) state transition 1 -> 3
1777481899.091111 [0]         gc: gc 0xffffb4001a50: deleting
1777481899.091174 [0]         gc: gc 0xaaaaf5c02600: deleting
1777481899.091224 [0]         gc: gc_delete_writer(0xaaaaf5c02600, 110ce4e:83e26d0:2ed73607:903)
1777481899.091333 [0]         gc: write_sample 110ce4e:83e26d0:2ed73607:3c2 #17: ST3 DCPSPublication/PublicationBuiltinTopicData:{endpoint_guid={110ce4e:83e26d0:2ed73607:903}}
1777481899.091440 [0]         gc: non-timed queue now has 1 items
1777481899.091534 [0]        tev: xpack_addmsg 0xffffa4001390 0xaaaaf5c36300 0(data(110ce4e:83e26d0:2ed73607:3c2:#17/1)): niov 0 sz 0 => now niov 3 sz 96
1777481899.091539 [0]         gc: unref_participant(110ce4e:83e26d0:2ed73607:1c1 @ 0xaaaaf5bdf510 <- 110ce4e:83e26d0:2ed73607:903 @ 0xaaaaf5c039d4) user 9 builtin 8
1777481899.091687 [0]        tev: nn_xpack_send 96: 0xffffa400139c:20 0xaaaaf5c363f8:48 0xffffb4001ab4:28 [ udp/192.168.50.95:42984@3 ]
1777481899.091738 [0]        tev: traffic-xmit (1) 96
1777481899.091781 [0]         gc: gc 0xffffb4001ae0: not yet, shortsleep
1777481899.092012 [0]     talker: write_sample 110ce4e:83e26d0:2ed73607:403 #20: ST0 ros_discovery_info/rmw_dds_common::msg::dds_::ParticipantEntitiesInfo_:{{{{1,16,206,78,8,62,38,208,46,215,54,7,0,0,1,193,0,0,0,0,0,0,0,0}}},{{"/","talker",{},{{{{1,16,206,78,8,62,38,208,46,215,54,7,0,0,19,3,0,0,0,0,0,0,0,0}}}}}}}
1777481899.092084 [0]     talker: xpack_addmsg 0xaaaaf5beb720 0xaaaaf5c17440 0(data(110ce4e:83e26d0:2ed73607:403:#20/1)): niov 0 sz 0 => now niov 3 sz 140
1777481899.092138 [0]     talker: writer_hbcontrol: wr 110ce4e:83e26d0:2ed73607:403 multicasting (rel-prd 1 seq-eq-max 1 seq 20 maxseq 12)
1777481899.092193 [0]     talker: heartbeat(wr 110ce4e:83e26d0:2ed73607:403 final) piggybacked, resched in 0.0758491 s (min-ack 12, avail-seq 20, xmit 19)
1777481899.092246 [0]     talker: xpack_addmsg 0xaaaaf5beb720 0xaaaaf5c24850 0(control): niov 3 sz 140 => now niov 4 sz 172
1777481899.092376 [0]     talker: nn_xpack_send 172: 0xaaaaf5beb72c:20 0xaaaaf5c320b8:36 0xaaaaf5c1fac0:84 0xaaaaf5c32168:32 [ udp/192.168.50.95:42984@3 ]
1777481899.092427 [0]     talker: traffic-xmit (1) 172
1777481899.092484 [0]     talker:  => EVERYONE
1777481899.092557 [0]     talker: delete_reader_guid(guid 110ce4e:83e26d0:2ed73607:804) ...
1777481899.092616 [0]     talker: write_sample 0:0:0:4c2 #19: ST3 DCPSSubscription/org::eclipse::cyclonedds::builtin::DCPSSubscription:(blob)
1777481899.092665 [0]     talker:  => EVERYONE
1777481899.092986 [0]         gc: gc 0xffffb4001ae0: deleting
1777481899.093057 [0]         gc: gc 0xaaaaf5c01540: deleting
1777481899.093129 [0]         gc: gc_delete_reader(0xaaaaf5c01540, 110ce4e:83e26d0:2ed73607:804)
1777481899.093210 [0]         gc: write_sample 110ce4e:83e26d0:2ed73607:4c2 #15: ST3 DCPSSubscription/SubscriptionBuiltinTopicData:{endpoint_guid={110ce4e:83e26d0:2ed73607:804}}
1777481899.093289 [0]         gc: non-timed queue now has 1 items
1777481899.093415 [0]        tev: xpack_addmsg 0xffffa4001390 0xaaaaf5c36300 0(data(110ce4e:83e26d0:2ed73607:4c2:#15/1)): niov 0 sz 0 => now niov 3 sz 96
1777481899.093418 [0]         gc: unref_participant(110ce4e:83e26d0:2ed73607:1c1 @ 0xaaaaf5bdf510 <- 110ce4e:83e26d0:2ed73607:804 @ 0xaaaaf5bff584) user 8 builtin 8
1777481899.093566 [0]        tev: nn_xpack_send 96: 0xffffa400139c:20 0xaaaaf5c363f8:48 0xffffb4001b44:28 [ udp/192.168.50.95:42984@3 ]
1777481899.093698 [0]         gc: gc 0xffffb4001b70: not yet, shortsleep
1777481899.093648 [0]     talker: unblock_throttled_writer(guid 110ce4e:83e26d0:2ed73607:703) ...
1777481899.093894 [0]     talker: writer_set_state(110ce4e:83e26d0:2ed73607:703) state transition 0 -> 1
1777481899.093844 [0]        tev: traffic-xmit (1) 96
1777481899.093962 [0]     talker: delete_writer(guid 110ce4e:83e26d0:2ed73607:703) ...
1777481899.094026 [0]     talker: delete_writer(guid 110ce4e:83e26d0:2ed73607:703) - no unack'ed samples
1777481899.094076 [0]     talker: delete_writer_nolinger(guid 110ce4e:83e26d0:2ed73607:703) ...
1777481899.094135 [0]     talker: write_sample 0:0:0:3c2 #21: ST3 DCPSPublication/org::eclipse::cyclonedds::builtin::DCPSPublication:(blob)
1777481899.094185 [0]     talker:  => EVERYONE
1777481899.094326 [0]     talker: writer_set_state(110ce4e:83e26d0:2ed73607:703) state transition 1 -> 3
1777481899.094866 [0]         gc: gc 0xffffb4001b70: deleting
1777481899.094928 [0]         gc: gc 0xaaaaf5c01540: deleting
1777481899.094997 [0]         gc: gc_delete_writer(0xaaaaf5c01540, 110ce4e:83e26d0:2ed73607:703)
1777481899.095116 [0]         gc: write_sample 110ce4e:83e26d0:2ed73607:3c2 #18: ST3 DCPSPublication/PublicationBuiltinTopicData:{endpoint_guid={110ce4e:83e26d0:2ed73607:703}}
1777481899.095198 [0]         gc: non-timed queue now has 1 items
1777481899.095305 [0]        tev: xpack_addmsg 0xffffa4001390 0xaaaaf5c36300 0(data(110ce4e:83e26d0:2ed73607:3c2:#18/1)): niov 0 sz 0 => now niov 3 sz 96
1777481899.095320 [0]         gc: unref_participant(110ce4e:83e26d0:2ed73607:1c1 @ 0xaaaaf5bdf510 <- 110ce4e:83e26d0:2ed73607:703 @ 0xaaaaf5bfdfc4) user 7 builtin 8
1777481899.095532 [0]         gc: gc 0xffffb4001c00: not yet, shortsleep
1777481899.095679 [0]     talker: write_sample 110ce4e:83e26d0:2ed73607:403 #21: ST0 ros_discovery_info/rmw_dds_common::msg::dds_::ParticipantEntitiesInfo_:{{{{1,16,206,78,8,62,38,208,46,215,54,7,0,0,1,193,0,0,0,0,0,0,0,0}}},{{"/","talker",{},{}}}}
1777481899.095728 [0]        tev: nn_xpack_send 96: 0xffffa400139c:20 0xaaaaf5c363f8:48 0xffffb4001bd4:28 [ udp/192.168.50.95:42984@3 ]
1777481899.095985 [0]        tev: traffic-xmit (1) 96
1777481899.095931 [0]     talker: xpack_addmsg 0xaaaaf5beb720 0xaaaaf5c17440 0(data(110ce4e:83e26d0:2ed73607:403:#21/1)): niov 0 sz 0 => now niov 3 sz 116
1777481899.096126 [0]     talker: writer_hbcontrol: wr 110ce4e:83e26d0:2ed73607:403 multicasting (rel-prd 1 seq-eq-max 1 seq 21 maxseq 12)
1777481899.096188 [0]     talker: heartbeat(wr 110ce4e:83e26d0:2ed73607:403 final) piggybacked, resched in 0.072168 s (min-ack 12, avail-seq 21, xmit 20)
1777481899.096245 [0]     talker: xpack_addmsg 0xaaaaf5beb720 0xaaaaf5c24850 0(control): niov 3 sz 116 => now niov 4 sz 148
1777481899.096392 [0]     talker: nn_xpack_send 148: 0xaaaaf5beb72c:20 0xaaaaf5c320b8:36 0xaaaaf5c32850:60 0xaaaaf5c32168:32 [ udp/192.168.50.95:42984@3 ]
1777481899.096446 [0]     talker: traffic-xmit (1) 148
1777481899.096497 [0]     talker:  => EVERYONE
1777481899.096553 [0]     talker: unblock_throttled_writer(guid 110ce4e:83e26d0:2ed73607:1303) ...
1777481899.096602 [0]     talker: writer_set_state(110ce4e:83e26d0:2ed73607:1303) state transition 0 -> 1
1777481899.096662 [0]     talker: delete_writer(guid 110ce4e:83e26d0:2ed73607:1303) ...
1777481899.096701 [0]         gc: gc 0xffffb4001c00: deleting
1777481899.096712 [0]     talker: delete_writer(guid 110ce4e:83e26d0:2ed73607:1303) - no unack'ed samples
1777481899.096842 [0]     talker: delete_writer_nolinger(guid 110ce4e:83e26d0:2ed73607:1303) ...
1777481899.096903 [0]     talker: write_sample 0:0:0:3c2 #22: ST3 DCPSPublication/org::eclipse::cyclonedds::builtin::DCPSPublication:(blob)
1777481899.096992 [0]     talker:  => EVERYONE
1777481899.097071 [0]     talker: writer_set_state(110ce4e:83e26d0:2ed73607:1303) state transition 1 -> 3
1777481899.097197 [0]         gc: gc 0xaaaaf5c01540: deleting
1777481899.097281 [0]         gc: gc_delete_writer(0xaaaaf5c01540, 110ce4e:83e26d0:2ed73607:1303)
1777481899.097385 [0]         gc: write_sample 110ce4e:83e26d0:2ed73607:3c2 #19: ST3 DCPSPublication/PublicationBuiltinTopicData:{endpoint_guid={110ce4e:83e26d0:2ed73607:1303}}
1777481899.097467 [0]         gc: non-timed queue now has 1 items
1777481899.097568 [0]         gc: unref_participant(110ce4e:83e26d0:2ed73607:1c1 @ 0xaaaaf5bdf510 <- 110ce4e:83e26d0:2ed73607:1303 @ 0xaaaaf5c2e174) user 6 builtin 8
1777481899.097602 [0]        tev: xpack_addmsg 0xffffa4001390 0xaaaaf5c36300 0(data(110ce4e:83e26d0:2ed73607:3c2:#19/1)): niov 0 sz 0 => now niov 3 sz 96
1777481899.097626 [0]         gc: gc 0xffffb4001c90: not yet, shortsleep
1777481899.097773 [0]        tev: nn_xpack_send 96: 0xffffa400139c:20 0xaaaaf5c363f8:48 0xffffb4001c64:28 [ udp/192.168.50.95:42984@3 ]
1777481899.097827 [0]        tev: traffic-xmit (1) 96
1777481899.098366 [0]     talker: write_sample 110ce4e:83e26d0:2ed73607:403 #22: ST0 ros_discovery_info/rmw_dds_common::msg::dds_::ParticipantEntitiesInfo_:{{{{1,16,206,78,8,62,38,208,46,215,54,7,0,0,1,193,0,0,0,0,0,0,0,0}}},{}}
1777481899.098493 [0]     talker: xpack_addmsg 0xaaaaf5beb720 0xaaaaf5c17440 0(data(110ce4e:83e26d0:2ed73607:403:#22/1)): niov 0 sz 0 => now niov 3 sz 88
1777481899.098551 [0]     talker: writer_hbcontrol: wr 110ce4e:83e26d0:2ed73607:403 multicasting (rel-prd 1 seq-eq-max 1 seq 22 maxseq 12)
1777481899.098609 [0]     talker: heartbeat(wr 110ce4e:83e26d0:2ed73607:403 final) piggybacked, resched in 0.0695535 s (min-ack 12, avail-seq 22, xmit 21)
1777481899.098661 [0]     talker: xpack_addmsg 0xaaaaf5beb720 0xaaaaf5c24850 0(control): niov 3 sz 88 => now niov 4 sz 120
1777481899.098783 [0]     talker: nn_xpack_send 120: 0xaaaaf5beb72c:20 0xaaaaf5c320b8:36 0xaaaaf5c32820:32 0xaaaaf5c32168:32 [ udp/192.168.50.95:42984@3 ]
1777481899.098824 [0]     talker: traffic-xmit (1) 120
1777481899.098864 [0]     talker:  => EVERYONE
1777481899.099216 [0]     talker: unblock_throttled_writer(guid 110ce4e:83e26d0:2ed73607:403) ...
1777481899.099272 [0]     talker: writer_set_state(110ce4e:83e26d0:2ed73607:403) state transition 0 -> 1
1777481899.099338 [0]     talker: delete_writer(guid 110ce4e:83e26d0:2ed73607:403) ...
1777481899.099240 [0]         gc: gc 0xffffb4001c90: deleting
1777481899.099387 [0]     talker: writer_set_state(110ce4e:83e26d0:2ed73607:403) state transition 1 -> 2
1777481899.099442 [0]     talker: delete_writer(guid 110ce4e:83e26d0:2ed73607:403) - unack'ed samples, will delete when ack'd or at t = 3010.681169
1777481899.167959 [0]        tev: heartbeat(wr 110ce4e:83e26d0:2ed73607:403) suppressed, resched in 0.1 s (min-ack 12, avail-seq 22, xmit 22)
1777481899.170878 [0]        tev: writer_hbcontrol: wr 110ce4e:83e26d0:2ed73607:3c2 multicasting (rel-prd 1 seq-eq-max 1 seq 19 maxseq 10)
1777481899.170934 [0]        tev: heartbeat(wr 110ce4e:83e26d0:2ed73607:3c2) sent, resched in 0.1 s (min-ack 10, avail-seq 19, xmit 19)
1777481899.170971 [0]        tev: xpack_addmsg 0xffffa4001390 0xaaaaf5c36300 0(control): niov 0 sz 0 => now niov 2 sz 52
1777481899.171111 [0]        tev: nn_xpack_send 52: 0xffffa400139c:20 0xaaaaf5c363f8:32 [ udp/192.168.50.95:42984@3 ]
1777481899.171145 [0]        tev: traffic-xmit (1) 52
1777481899.171459 [0]     recvUC: HDR(110cfe5:7645227d:5dd75df7 vendor 1.16) len 64 from udp/192.168.50.95:47636
1777481899.171638 [0]     recvUC: INFODST(110ce4e:83e26d0:2ed73607)
1777481899.171738 [0]     recvUC: ACKNACK(F#7:20/0: L(:1c1 3019.753365) 110cfe5:7645227d:5dd75df7:3c7 -> 110ce4e:83e26d0:2ed73607:3c2 ACK9 RM9)
1777481899.172807 [0]        tev: writer_hbcontrol: wr 110ce4e:83e26d0:2ed73607:4c2 multicasting (rel-prd 1 seq-eq-max 1 seq 15 maxseq 8)
1777481899.172846 [0]        tev: heartbeat(wr 110ce4e:83e26d0:2ed73607:4c2) sent, resched in 0.1 s (min-ack 8, avail-seq 15, xmit 15)
1777481899.172922 [0]        tev: xpack_addmsg 0xffffa4001390 0xaaaaf5c36300 0(control): niov 0 sz 0 => now niov 2 sz 52
1777481899.173000 [0]        tev: nn_xpack_send 52: 0xffffa400139c:20 0xaaaaf5c363f8:32 [ udp/192.168.50.95:42984@3 ]
1777481899.173031 [0]        tev: traffic-xmit (1) 52
1777481899.173147 [0]     recvUC: HDR(110cfe5:7645227d:5dd75df7 vendor 1.16) len 64 from udp/192.168.50.95:47636
1777481899.173188 [0]     recvUC: INFODST(110ce4e:83e26d0:2ed73607)
1777481899.173274 [0]     recvUC: ACKNACK(F#5:16/0: L(:1c1 3019.754922) 110cfe5:7645227d:5dd75df7:4c7 -> 110ce4e:83e26d0:2ed73607:4c2 ACK7 RM7)
1777481899.268045 [0]        tev: writer_hbcontrol: wr 110ce4e:83e26d0:2ed73607:403 multicasting (rel-prd 1 seq-eq-max 1 seq 22 maxseq 12)
1777481899.268163 [0]        tev: heartbeat(wr 110ce4e:83e26d0:2ed73607:403) sent, resched in 0.1 s (min-ack 12, avail-seq 22, xmit 22)
1777481899.268203 [0]        tev: xpack_addmsg 0xffffa4001390 0xaaaaf5c36300 0(control): niov 0 sz 0 => now niov 2 sz 52
1777481899.268376 [0]        tev: nn_xpack_send 52: 0xffffa400139c:20 0xaaaaf5c363f8:32 [ udp/192.168.50.95:42984@3 ]
1777481899.268410 [0]        tev: traffic-xmit (1) 52
1777481899.268702 [0]     recvUC: HDR(110cfe5:7645227d:5dd75df7 vendor 1.16) len 64 from udp/192.168.50.95:47636
1777481899.268828 [0]     recvUC: INFODST(110ce4e:83e26d0:2ed73607)
1777481899.268900 [0]     recvUC: ACKNACK(F#11:23/0: L(:1c1 3019.850531) 110cfe5:7645227d:5dd75df7:504 -> 110ce4e:83e26d0:2ed73607:403remove_acked_messages: deleting lingering writer 110ce4e:83e26d0:2ed73607:403
1777481899.268932 [0]     recvUC: delete_writer_nolinger(guid 110ce4e:83e26d0:2ed73607:403) ...
1777481899.268982 [0]     recvUC: write_sample 0:0:0:3c2 #23: ST3 DCPSPublication/org::eclipse::cyclonedds::builtin::DCPSPublication:(blob)
1777481899.269013 [0]     recvUC:  => EVERYONE
1777481899.269190 [0]     recvUC: writer_set_state(110ce4e:83e26d0:2ed73607:403) state transition 2 -> 3
1777481899.269489 [0]         gc: gc 0xffff94001ff0: not yet, shortsleep
1777481899.269571 [0]     recvUC:  ACK10 RM0)
1777481899.270607 [0]         gc: gc 0xffff94001ff0: deleting
1777481899.270644 [0]         gc: gc_delete_writer(0xffff94001ff0, 110ce4e:83e26d0:2ed73607:403)
1777481899.270752 [0]         gc: write_sample 110ce4e:83e26d0:2ed73607:3c2 #20: ST3 DCPSPublication/PublicationBuiltinTopicData:{endpoint_guid={110ce4e:83e26d0:2ed73607:403}}
1777481899.270818 [0]         gc: non-timed queue now has 1 items
1777481899.270882 [0]        tev: writer_hbcontrol: wr 110ce4e:83e26d0:2ed73607:3c2 multicasting (rel-prd 1 seq-eq-max 1 seq 20 maxseq 19)
1777481899.270926 [0]        tev: heartbeat(wr 110ce4e:83e26d0:2ed73607:3c2) sent, resched in 0.1 s (min-ack 19, avail-seq 20, xmit 19)
1777481899.270965 [0]        tev: xpack_addmsg 0xffffa4001390 0xaaaaf5c2f010 0(control): niov 0 sz 0 => now niov 2 sz 52
1777481899.270899 [0]         gc: unref_participant(110ce4e:83e26d0:2ed73607:1c1 @ 0xaaaaf5bdf510 <- 110ce4e:83e26d0:2ed73607:403 @ 0xaaaaf5bef3c4) user 5 builtin 8
1777481899.271011 [0]        tev: xpack_addmsg 0xffffa4001390 0xaaaaf5c36300 0(data(110ce4e:83e26d0:2ed73607:3c2:#20/1)): niov 2 sz 52 => now niov 4 sz 128
1777481899.270981 [0]     talker: delete_reader_guid(guid 110ce4e:83e26d0:2ed73607:504) ...
1777481899.271116 [0]     talker: write_sample 0:0:0:4c2 #20: ST3 DCPSSubscription/org::eclipse::cyclonedds::builtin::DCPSSubscription:(blob)
1777481899.271143 [0]        tev: nn_xpack_send 128: 0xffffa400139c:20 0xaaaaf5c2f108:32 0xaaaaf5c363f8:48 0xffffb4001a24:28 [ udp/192.168.50.95:42984@3 ]
1777481899.271270 [0]     talker:  => EVERYONE
1777481899.271318 [0]        tev: traffic-xmit (1) 128
1777481899.271383 [0]     recvUC: HDR(110cfe5:7645227d:5dd75df7 vendor 1.16) len 64 from udp/192.168.50.95:47636
1777481899.271529 [0]     recvUC: INFODST(110ce4e:83e26d0:2ed73607)
1777481899.271400 [0]         gc: gc 0xaaaaf5c01540: deleting
1777481899.271642 [0]         gc: gc_delete_reader(0xaaaaf5c01540, 110ce4e:83e26d0:2ed73607:504)
1777481899.271727 [0]         gc: update_reader_init_acknack_count (110ce4e:83e26d0:2ed73607:504, 3): reader no longer exists
1777481899.271594 [0]     recvUC: ACKNACK(F#8:21/0: L(:1c1 3019.853261) 110cfe5:7645227d:5dd75df7:3c7 -> 110ce4e:83e26d0:2ed73607:3c2 ACK1 RM1)
1777481899.271797 [0]         gc: write_sample 110ce4e:83e26d0:2ed73607:4c2 #16: ST3 DCPSSubscription/SubscriptionBuiltinTopicData:{endpoint_guid={110ce4e:83e26d0:2ed73607:504}}
1777481899.271847 [0]         gc: non-timed queue now has 1 items
1777481899.271911 [0]         gc: unref_participant(110ce4e:83e26d0:2ed73607:1c1 @ 0xaaaaf5bdf510 <- 110ce4e:83e26d0:2ed73607:504 @ 0xaaaaf5bf2e44) user 4 builtin 8
1777481899.271977 [0]        tev: xpack_addmsg 0xffffa4001390 0xaaaaf5c2f010 0(data(110ce4e:83e26d0:2ed73607:4c2:#16/1)): niov 0 sz 0 => now niov 3 sz 96
1777481899.271978 [0]     talker: delete_reader_guid(guid 110ce4e:83e26d0:2ed73607:107) ...
1777481899.272079 [0]        tev: nn_xpack_send 96: 0xffffa400139c:20 0xaaaaf5c2f108:48 0xffffac0056f4:28 [ udp/192.168.50.95:42984@3 ]
1777481899.272109 [0]        tev: traffic-xmit (1) 96
1777481899.272180 [0]     talker: write_sample 0:0:0:4c2 #21: ST3 DCPSSubscription/org::eclipse::cyclonedds::builtin::DCPSSubscription:(blob)
1777481899.272228 [0]     talker:  => EVERYONE
1777481899.272309 [0]         gc: gc 0xaaaaf5c01540: deleting
1777481899.272349 [0]         gc: gc_delete_reader(0xaaaaf5c01540, 110ce4e:83e26d0:2ed73607:107)
1777481899.272414 [0]         gc: unref_participant(110ce4e:83e26d0:2ed73607:1c1 @ 0xaaaaf5bdf510 <- 110ce4e:83e26d0:2ed73607:107 @ 0xaaaaf5be6834) user 3 builtin 8
1777481899.272442 [0]     talker: delete_reader_guid(guid 110ce4e:83e26d0:2ed73607:307) ...
1777481899.272495 [0]     talker: write_sample 0:0:0:4c2 #22: ST3 DCPSSubscription/org::eclipse::cyclonedds::builtin::DCPSSubscription:(blob)
1777481899.272525 [0]     talker:  => EVERYONE
1777481899.272585 [0]         gc: gc 0xaaaaf5be69b0: deleting
1777481899.272618 [0]         gc: gc_delete_reader(0xaaaaf5be69b0, 110ce4e:83e26d0:2ed73607:307)
1777481899.272663 [0]         gc: unref_participant(110ce4e:83e26d0:2ed73607:1c1 @ 0xaaaaf5bdf510 <- 110ce4e:83e26d0:2ed73607:307 @ 0xaaaaf5be9774) user 2 builtin 8
1777481899.272714 [0]     talker: delete_reader_guid(guid 110ce4e:83e26d0:2ed73607:207) ...
1777481899.272764 [0]         gc: gc 0xaaaaf5be69b0: deleting
1777481899.272805 [0]     talker: write_sample 0:0:0:4c2 #23: ST3 DCPSSubscription/org::eclipse::cyclonedds::builtin::DCPSSubscription:(blob)
1777481899.272882 [0]     talker:  => EVERYONE
1777481899.272898 [0]        tev: writer_hbcontrol: wr 110ce4e:83e26d0:2ed73607:4c2 multicasting (rel-prd 1 seq-eq-max 1 seq 16 maxseq 15)
1777481899.272958 [0]         gc: gc 0xaaaaf5be69b0: not yet, shortsleep
1777481899.272961 [0]        tev: heartbeat(wr 110ce4e:83e26d0:2ed73607:4c2) sent, resched in 0.1 s (min-ack 15, avail-seq 16, xmit 16)
1777481899.273043 [0]        tev: xpack_addmsg 0xffffa4001390 0xaaaaf5c2f010 0(control): niov 0 sz 0 => now niov 2 sz 52
1777481899.273127 [0]        tev: nn_xpack_send 52: 0xffffa400139c:20 0xaaaaf5c2f108:32 [ udp/192.168.50.95:42984@3 ]
1777481899.273161 [0]        tev: traffic-xmit (1) 52
1777481899.273366 [0]     recvUC: HDR(110cfe5:7645227d:5dd75df7 vendor 1.16) len 64 from udp/192.168.50.95:47636
1777481899.273430 [0]     recvUC: INFODST(110ce4e:83e26d0:2ed73607)
1777481899.273475 [0]     recvUC: ACKNACK(F#6:17/0: L(:1c1 3019.855162) 110cfe5:7645227d:5dd75df7:4c7 -> 110ce4e:83e26d0:2ed73607:4c2 ACK1 RM1)
1777481899.274075 [0]         gc: gc 0xaaaaf5be69b0: deleting
1777481899.274114 [0]         gc: gc_delete_reader(0xaaaaf5be69b0, 110ce4e:83e26d0:2ed73607:207)
1777481899.274161 [0]         gc: unref_participant(110ce4e:83e26d0:2ed73607:1c1 @ 0xaaaaf5bdf510 <- 110ce4e:83e26d0:2ed73607:207 @ 0xaaaaf5be7bb4) user 1 builtin 8
1777481899.274209 [0]     talker: delete_participant(110ce4e:83e26d0:2ed73607:1c1)
1777481899.274220 [0]         gc: gc 0xaaaaf5be69b0: deleting
1777481899.274253 [0]     talker: write_sample 0:0:0:100c2 #3: ST3 DCPSParticipant/org::eclipse::cyclonedds::builtin::DCPSParticipant:(blob)
1777481899.274324 [0]         gc: gc 0xaaaaf5be9b00: deleting
1777481899.274396 [0]     talker:  => EVERYONE
1777481899.274450 [0]         gc: gc 0xaaaaf5be7f40: deleting
1777481899.274469 [0]     talker: trigger_recv_threads: 0 many 0xaaaaf5bdec50
1777481899.274478 [0]         gc: gc 0xffffb4001ae0: deleting
1777481899.274566 [0]         gc: gc 0xaaaaf5bea530: deleting
1777481899.274604 [0]         gc: gc_delete_participant(0xaaaaf5bea530, 110ce4e:83e26d0:2ed73607:1c1)
1777481899.274638 [0]         gc: unref_participant(110ce4e:83e26d0:2ed73607:1c1 @ 0xaaaaf5bdf510 <- 0:0:0:0 @ (nil)) user 0 builtin 8
1777481899.274530 [0]     talker: trigger_recv_threads: 1 single udp/239.255.0.1:7401
1777481899.274576 [0]       recv: done
1777481899.274740 [0]         gc: write_sample 110ce4e:83e26d0:2ed73607:100c2 #2: ST3 DCPSParticipant/ParticipantBuiltinTopicData:{participant_guid={110ce4e:83e26d0:2ed73607:1c1}}
1777481899.274812 [0]         gc: non-timed queue now has 1 items
1777481899.274836 [0]     talker: trigger_recv_threads: 2 single udp/192.168.50.95:59056
1777481899.274846 [0]         gc: delete_writer_nolinger(guid 110ce4e:83e26d0:2ed73607:100c2) ...
1777481899.274926 [0]         gc: delete_writer_nolinger(guid 110ce4e:83e26d0:2ed73607:100c2) ...
1777481899.274962 [0]         gc: writer_set_state(110ce4e:83e26d0:2ed73607:100c2) state transition 0 -> 3
1777481899.274892 [0]     recvMC: done
1777481899.275014 [0]         gc: delete_writer_nolinger(guid 110ce4e:83e26d0:2ed73607:3c2) ...
1777481899.274940 [0]     recvUC: done
1777481899.274989 [0]        tev: xpack_addmsg 0xffffa4001390 0xaaaaf5c2f010 0(data(0:0:0:0:#0/1)): niov 0 sz 0 => now niov 3 sz 96
1777481899.275161 [0]         gc: delete_writer_nolinger(guid 110ce4e:83e26d0:2ed73607:3c2) ...
1777481899.275204 [0]         gc: writer_set_state(110ce4e:83e26d0:2ed73607:3c2) state transition 0 -> 3
1777481899.275265 [0]         gc: delete_writer_nolinger(guid 110ce4e:83e26d0:2ed73607:4c2) ...
1777481899.275295 [0]         gc: delete_writer_nolinger(guid 110ce4e:83e26d0:2ed73607:4c2) ...
1777481899.275325 [0]         gc: writer_set_state(110ce4e:83e26d0:2ed73607:4c2) state transition 0 -> 3
1777481899.275356 [0]         gc: delete_writer_nolinger(guid 110ce4e:83e26d0:2ed73607:200c2) ...
1777481899.275357 [0]        tev: nn_xpack_send 96: 0xffffa400139c:20 0xaaaaf5c2f108:48 0xffffb4001714:28 [ udp/239.255.0.1:7400@3 ]
1777481899.275445 [0]        tev: traffic-xmit (1) 96
1777481899.275417 [0]         gc: delete_writer_nolinger(guid 110ce4e:83e26d0:2ed73607:200c2) ...
1777481899.275523 [0]         gc: writer_set_state(110ce4e:83e26d0:2ed73607:200c2) state transition 0 -> 3
1777481899.275555 [0]         gc: delete_reader_guid(guid 110ce4e:83e26d0:2ed73607:100c7) ...
1777481899.275616 [0]         gc: delete_reader_guid(guid 110ce4e:83e26d0:2ed73607:3c7) ...
1777481899.275650 [0]         gc: delete_reader_guid(guid 110ce4e:83e26d0:2ed73607:4c7) ...
1777481899.275714 [0]         gc: delete_reader_guid(guid 110ce4e:83e26d0:2ed73607:200c7) ...
1777481899.275775 [0]         gc: delete_writer_nolinger(guid 110ce4e:83e26d0:2ed73607:ff0003c2) - unknown guid
1777481899.275806 [0]         gc: delete_reader_guid(guid 110ce4e:83e26d0:2ed73607:ff0003c7) - unknown guid
1777481899.275834 [0]         gc: delete_writer_nolinger(guid 110ce4e:83e26d0:2ed73607:ff0004c2) - unknown guid
1777481899.275859 [0] dq.builtin: thread_cputime 0.026406000
1777481899.275863 [0]         gc: delete_reader_guid(guid 110ce4e:83e26d0:2ed73607:ff0004c7) - unknown guid
1777481899.275868 [0]     talker: delete_proxy_participant_by_guid(110cfe5:7645227d:5dd75df7:1c1) - deleting
1777481899.275984 [0]         gc: delete_writer_nolinger(guid 110ce4e:83e26d0:2ed73607:ff0200c2) - unknown guid
1777481899.276021 [0]         gc: delete_reader_guid(guid 110ce4e:83e26d0:2ed73607:ff0200c7) - unknown guid
1777481899.276041 [0]     talker: write_sample 0:0:0:100c2 #4: ST3 DCPSParticipant/org::eclipse::cyclonedds::builtin::DCPSParticipant:(blob)
1777481899.276107 [0]     talker:  => EVERYONE
1777481899.276051 [0]         gc: delete_writer_nolinger(guid 110ce4e:83e26d0:2ed73607:201c3) - unknown guid
1777481899.276201 [0]         gc: delete_reader_guid(guid 110ce4e:83e26d0:2ed73607:201c4) - unknown guid
1777481899.276240 [0]         gc: delete_writer_nolinger(guid 110ce4e:83e26d0:2ed73607:ff0101c2) - unknown guid
1777481899.276167 [0]     talker: delete_ppt(110cfe5:7645227d:5dd75df7:1c1) - deleting dependent proxy participants
1777481899.276314 [0]         gc: delete_reader_guid(guid 110ce4e:83e26d0:2ed73607:ff0101c7) - unknown guid
1777481899.276351 [0]         gc: delete_writer_nolinger(guid 110ce4e:83e26d0:2ed73607:ff0202c3) - unknown guid
1777481899.276366 [0]     talker: delete_ppt(110cfe5:7645227d:5dd75df7:1c1) - deleting endpoints
1777481899.276387 [0]         gc: delete_reader_guid(guid 110ce4e:83e26d0:2ed73607:ff0202c4) - unknown guid
1777481899.276439 [0]         gc: gc 0xffffb4001ae0: deleting
1777481899.276472 [0]         gc: gc_delete_writer(0xffffb4001ae0, 110ce4e:83e26d0:2ed73607:100c2)
1777481899.276485 [0]     talker: delete_proxy_reader (110cfe5:7645227d:5dd75df7:504) write_sample 0:0:0:4c2 #24: ST3 DCPSSubscription/org::eclipse::cyclonedds::builtin::DCPSSubscription:(blob)
1777481899.276520 [0]         gc: unref_participant(110ce4e:83e26d0:2ed73607:1c1 @ 0xaaaaf5bdf510 <- 110ce4e:83e26d0:2ed73607:100c2 @ 0xaaaaf5be2684) user 0 builtin 7
1777481899.276552 [0]     talker:  => EVERYONE
1777481899.276604 [0]         gc: gc 0xffffb4001f10: deleting
1777481899.276624 [0]     talker: - deleting
1777481899.276639 [0]         gc: gc_delete_writer(0xffffb4001f10, 110ce4e:83e26d0:2ed73607:3c2)
1777481899.276689 [0]     talker: delete_proxy_writer (110cfe5:7645227d:5dd75df7:703) - deleting
1777481899.276756 [0]         gc: unref_participant(110ce4e:83e26d0:2ed73607:1c1 @ 0xaaaaf5bdf510 <- 110ce4e:83e26d0:2ed73607:3c2 @ 0xaaaaf5be3714) user 0 builtin 6
1777481899.276790 [0]         gc: gc 0xffffb4002340: deleting
1777481899.276827 [0]         gc: gc_delete_writer(0xffffb4002340, 110ce4e:83e26d0:2ed73607:4c2)
1777481899.276792 [0]     talker: write_sample 0:0:0:3c2 #24: ST3 DCPSPublication/org::eclipse::cyclonedds::builtin::DCPSPublication:(blob)
1777481899.276874 [0]         gc: unref_participant(110ce4e:83e26d0:2ed73607:1c1 @ 0xaaaaf5bdf510 <- 110ce4e:83e26d0:2ed73607:4c2 @ 0xaaaaf5be2ec4) user 0 builtin 5
1777481899.276905 [0]     talker:  => EVERYONE
1777481899.276963 [0]         gc: gc 0xffffb4002770: deleting
1777481899.277008 [0]     talker: delete_proxy_writer (110cfe5:7645227d:5dd75df7:603) - deleting
1777481899.277010 [0]         gc: gc_delete_writer(0xffffb4002770, 110ce4e:83e26d0:2ed73607:200c2)
1777481899.277053 [0]     talker: write_sample 0:0:0:3c2 #25: ST3 DCPSPublication/org::eclipse::cyclonedds::builtin::DCPSPublication:(blob)
1777481899.277141 [0]         gc: unref_participant(110ce4e:83e26d0:2ed73607:1c1 @ 0xaaaaf5bdf510 <- 110ce4e:83e26d0:2ed73607:200c2 @ 0xaaaaf5be3fc4) user 0 builtin 4
1777481899.277159 [0]     talker:  => EVERYONE
1777481899.277187 [0]         gc: gc 0xffffb4001620: deleting
1777481899.277224 [0]         gc: gc_delete_reader(0xffffb4001620, 110ce4e:83e26d0:2ed73607:100c7)
1777481899.277247 [0]     talker: delete_proxy_writer (110cfe5:7645227d:5dd75df7:403) - deleting
1777481899.277258 [0]         gc: unref_participant(110ce4e:83e26d0:2ed73607:1c1 @ 0xaaaaf5bdf510 <- 110ce4e:83e26d0:2ed73607:100c7 @ 0xaaaaf5be4574) user 0 builtin 3
1777481899.277347 [0]         gc: gc 0xffffb4002ba0: deleting
1777481899.277385 [0]         gc: gc_delete_reader(0xffffb4002ba0, 110ce4e:83e26d0:2ed73607:3c7)
1777481899.277305 [0]     talker: write_sample 0:0:0:3c2 #26: ST3 DCPSPublication/org::eclipse::cyclonedds::builtin::DCPSPublication:(blob)
1777481899.277431 [0]     talker:  => EVERYONE
1777481899.277450 [0]         gc: update_reader_init_acknack_count (110ce4e:83e26d0:2ed73607:3c7, 3): reader no longer exists
1777481899.277518 [0]         gc: unref_participant(110ce4e:83e26d0:2ed73607:1c1 @ 0xaaaaf5bdf510 <- 110ce4e:83e26d0:2ed73607:3c7 @ 0xaaaaf5be4c74) user 0 builtin 2
1777481899.277475 [0]     talker: delete_proxy_reader (110cfe5:7645227d:5dd75df7:200c7) - deleting
1777481899.277578 [0]         gc: gc 0xffffb4002fd0: deleting
1777481899.277615 [0]         gc: gc_delete_reader(0xffffb4002fd0, 110ce4e:83e26d0:2ed73607:4c7)
1777481899.277660 [0]         gc: update_reader_init_acknack_count (110ce4e:83e26d0:2ed73607:4c7, 3): reader no longer exists
1777481899.277694 [0]         gc: unref_participant(110ce4e:83e26d0:2ed73607:1c1 @ 0xaaaaf5bdf510 <- 110ce4e:83e26d0:2ed73607:4c7 @ 0xaaaaf5be48f4) user 0 builtin 1
1777481899.277672 [0]     talker: delete_proxy_writer (110cfe5:7645227d:5dd75df7:200c2) - deleting
1777481899.277723 [0]         gc: gc 0xffffb4003400: deleting
1777481899.277797 [0]         gc: gc_delete_reader(0xffffb4003400, 110ce4e:83e26d0:2ed73607:200c7)
1777481899.277846 [0]         gc: unref_participant(110ce4e:83e26d0:2ed73607:1c1 @ 0xaaaaf5bdf510 <- 110ce4e:83e26d0:2ed73607:200c7 @ 0xaaaaf5be4ff4) user 0 builtin 0
1777481899.277762 [0]     talker: delete_proxy_reader (110cfe5:7645227d:5dd75df7:4c7) - deleting
1777481899.277886 [0]         gc: remove_deleted_participant_guid(110ce4e:83e26d0:2ed73607:1c1 for_what=1)
1777481899.277923 [0]     talker: delete_proxy_writer (110cfe5:7645227d:5dd75df7:4c2) - deleting
1777481899.277967 [0]         gc: gc 0xaaaaf5bea530: not yet, shortsleep
1777481899.278045 [0]     talker: delete_proxy_reader (110cfe5:7645227d:5dd75df7:3c7) - deleting
1777481899.278081 [0]     talker: delete_proxy_writer (110cfe5:7645227d:5dd75df7:3c2) - deleting
1777481899.278118 [0]     talker: delete_proxy_reader (110cfe5:7645227d:5dd75df7:100c7) - deleting
1777481899.279120 [0]         gc: gc 0xaaaaf5bea530: deleting
1777481899.279160 [0]         gc: gc_delete_proxy_reader(0xaaaaf5bea530, 110cfe5:7645227d:5dd75df7:504)
1777481899.279195 [0]         gc: unref_proxy_participant(110cfe5:7645227d:5dd75df7:1c1): refc=11
1777481899.279238 [0]         gc: gc 0xaaaaf5c01540: deleting
1777481899.279267 [0]         gc: gc_delete_proxy_writer_dqueue(0xaaaaf5c01540, 110cfe5:7645227d:5dd75df7:703)
1777481899.279304 [0]         gc: gc 0xaaaaf5c43d50: deleting
1777481899.279332 [0]         gc: gc_delete_proxy_writer_dqueue(0xaaaaf5c43d50, 110cfe5:7645227d:5dd75df7:603)
1777481899.279352 [0]    dq.user: gc_delete_proxy_writer_dqueue_bubble(0xaaaaf5c01540, 110cfe5:7645227d:5dd75df7:703)
1777481899.279360 [0]         gc: gc 0xaaaaf5c0cf70: deleting
1777481899.279493 [0]         gc: gc_delete_proxy_writer_dqueue(0xaaaaf5c0cf70, 110cfe5:7645227d:5dd75df7:403)
1777481899.279445 [0]    dq.user: thread_cputime 0.000000000
1777481899.279587 [0]    dq.user: gc_delete_proxy_writer_dqueue_bubble(0xaaaaf5c43d50, 110cfe5:7645227d:5dd75df7:603)
1777481899.279602 [0]         gc: gc 0xaaaaf5c14d90: deleting
1777481899.279627 [0]    dq.user: gc_delete_proxy_writer_dqueue_bubble(0xaaaaf5c0cf70, 110cfe5:7645227d:5dd75df7:403)
1777481899.279677 [0]         gc: gc_delete_proxy_reader(0xaaaaf5c14d90, 110cfe5:7645227d:5dd75df7:200c7)
1777481899.279711 [0]         gc: unref_proxy_participant(110cfe5:7645227d:5dd75df7:1c1): refc=10
1777481899.279744 [0]         gc: gc 0xaaaaf5c20e80: deleting
1777481899.279771 [0]         gc: gc_delete_proxy_writer_dqueue(0xaaaaf5c20e80, 110cfe5:7645227d:5dd75df7:200c2)
1777481899.279819 [0]         gc: gc 0xffffb4001620: deleting
1777481899.279850 [0]         gc: gc 0xaaaaf5c03c80: deleting
1777481899.279895 [0]         gc: gc_delete_proxy_reader(0xaaaaf5c03c80, 110cfe5:7645227d:5dd75df7:4c7)
1777481899.279931 [0]         gc: unref_proxy_participant(110cfe5:7645227d:5dd75df7:1c1): refc=9
1777481899.279970 [0]         gc: gc 0xaaaaf5bf2990: deleting
1777481899.280004 [0]         gc: gc_delete_proxy_writer_dqueue(0xaaaaf5bf2990, 110cfe5:7645227d:5dd75df7:4c2)
1777481899.280053 [0]         gc: gc 0xaaaaf5bf7ab0: deleting
1777481899.280089 [0]         gc: gc_delete_proxy_reader(0xaaaaf5bf7ab0, 110cfe5:7645227d:5dd75df7:3c7)
1777481899.280126 [0]         gc: unref_proxy_participant(110cfe5:7645227d:5dd75df7:1c1): refc=8
1777481899.280204 [0]         gc: gc 0xaaaaf5bf31a0: deleting
1777481899.280239 [0]         gc: gc_delete_proxy_writer_dqueue(0xaaaaf5bf31a0, 110cfe5:7645227d:5dd75df7:3c2)
1777481899.280277 [0]         gc: gc 0xaaaaf5c1cbb0: deleting
1777481899.280312 [0]         gc: gc_delete_proxy_reader(0xaaaaf5c1cbb0, 110cfe5:7645227d:5dd75df7:100c7)
1777481899.280348 [0]         gc: unref_proxy_participant(110cfe5:7645227d:5dd75df7:1c1): refc=7
1777481899.279860 [0] dq.builtin: gc_delete_proxy_writer_dqueue_bubble(0xaaaaf5c20e80, 110cfe5:7645227d:5dd75df7:200c2)
1777481899.280386 [0]         gc: gc 0xaaaaf5bff4f0: deleting
1777481899.280495 [0] dq.builtin: gc_delete_proxy_writer_dqueue_bubble(0xaaaaf5bf2990, 110cfe5:7645227d:5dd75df7:4c2)
1777481899.280512 [0]         gc: gc_delete_proxy_participant(0xaaaaf5bff4f0, 110cfe5:7645227d:5dd75df7:1c1)
1777481899.280605 [0]         gc: unref_proxy_participant(110cfe5:7645227d:5dd75df7:1c1): refc=6
1777481899.280645 [0]         gc: gc 0xffffb4001a50: deleting
1777481899.280683 [0]         gc: gc 0xaaaaf5c01540: deleting
1777481899.280718 [0]         gc: gc_delete_proxy_writer(0xaaaaf5c01540, 110cfe5:7645227d:5dd75df7:703)
1777481899.280560 [0] dq.builtin: gc_delete_proxy_writer_dqueue_bubble(0xaaaaf5bf31a0, 110cfe5:7645227d:5dd75df7:3c2)
1777481899.280761 [0]         gc: unref_proxy_participant(110cfe5:7645227d:5dd75df7:1c1): refc=5
1777481899.280812 [0]         gc: gc 0xaaaaf5c43d50: deleting
1777481899.280847 [0]         gc: gc_delete_proxy_writer(0xaaaaf5c43d50, 110cfe5:7645227d:5dd75df7:603)
1777481899.280883 [0]         gc: unref_proxy_participant(110cfe5:7645227d:5dd75df7:1c1): refc=4
1777481899.280927 [0]         gc: gc 0xaaaaf5c0cf70: deleting
1777481899.280956 [0]         gc: gc_delete_proxy_writer(0xaaaaf5c0cf70, 110cfe5:7645227d:5dd75df7:403)
1777481899.280987 [0]         gc: unref_proxy_participant(110cfe5:7645227d:5dd75df7:1c1): refc=3
1777481899.281048 [0]         gc: gc 0xaaaaf5c20e80: deleting
1777481899.281077 [0]         gc: gc_delete_proxy_writer(0xaaaaf5c20e80, 110cfe5:7645227d:5dd75df7:200c2)
1777481899.281108 [0]         gc: update_reader_init_acknack_count (110ce4e:83e26d0:2ed73607:200c7, 35): reader no longer exists
1777481899.281143 [0]         gc: unref_proxy_participant(110cfe5:7645227d:5dd75df7:1c1): refc=2
1777481899.281176 [0]         gc: gc 0xaaaaf5bf2990: deleting
1777481899.281205 [0]         gc: gc_delete_proxy_writer(0xaaaaf5bf2990, 110cfe5:7645227d:5dd75df7:4c2)
1777481899.281234 [0]         gc: unref_proxy_participant(110cfe5:7645227d:5dd75df7:1c1): refc=1
1777481899.281271 [0]         gc: gc 0xffffb4001620: deleting
1777481899.281300 [0]         gc: gc 0xffffb4001a50: deleting
1777481899.281335 [0]         gc: gc 0xaaaaf5bf31a0: deleting
1777481899.281361 [0]         gc: gc_delete_proxy_writer(0xaaaaf5bf31a0, 110cfe5:7645227d:5dd75df7:3c2)
1777481899.281425 [0]         gc: unref_proxy_participant(110cfe5:7645227d:5dd75df7:1c1): refc=0, freeing
1777481899.281457 [0]         gc: lease_unregister(l 0xffffac001be0 guid 110cfe5:7645227d:5dd75df7:1c1)
1777481899.281488 [0]         gc: lease_free(l 0xffffac001be0 guid 110cfe5:7645227d:5dd75df7:1c1)
1777481899.281515 [0]         gc: lease_free(l 0xffffac001b60 guid 110cfe5:7645227d:5dd75df7:1c1)
1777481899.281557 [0]         gc: remove_deleted_participant_guid(110cfe5:7645227d:5dd75df7:1c1 for_what=3)
1777481899.281588 [0]         gc: gc 0xffffb4001e80: deleting
1777481899.281615 [0]         gc: gc 0xffffb4001620: deleting
1777481899.281652 [0]         gc: gc 0xffffb4001a50: deleting
1777481899.281729 [0]     talker: delete_writer_nolinger(guid 0:0:0:100c2) ...
1777481899.281765 [0]     talker: writer_set_state(0:0:0:100c2) state transition 0 -> 3
1777481899.281806 [0]     talker: delete_writer_nolinger(guid 0:0:0:3c2) ...
1777481899.281841 [0]     talker: writer_set_state(0:0:0:3c2) state transition 0 -> 3
1777481899.281823 [0]         gc: gc 0xaaaaf5bea530: not yet, shortsleep
1777481899.281883 [0]     talker: delete_writer_nolinger(guid 0:0:0:4c2) ...
1777481899.281919 [0]     talker: writer_set_state(0:0:0:4c2) state transition 0 -> 3
1777481899.283003 [0]         gc: gc 0xaaaaf5bea530: deleting
1777481899.283043 [0]         gc: gc_delete_writer(0xaaaaf5bea530, 0:0:0:100c2)
1777481899.283084 [0]         gc: gc 0xaaaaf5c01540: deleting
1777481899.283110 [0]         gc: gc_delete_writer(0xaaaaf5c01540, 0:0:0:3c2)
1777481899.283160 [0]         gc: gc 0xaaaaf5be0120: deleting
1777481899.283202 [0]         gc: gc_delete_writer(0xaaaaf5be0120, 0:0:0:4c2)
1777481899.283275 [0]         gc: gc 0xaaaaf5c43d50: deleting
1777481899.283905 [0]     talker: leave conn 0xaaaaf5bd6800 for (udp/239.255.0.1, *) interface (default): not leaving yet
1777481899.283957 [0]     talker: leave conn 0xaaaaf5bd6880 for (udp/239.255.0.1, *) interface (default): not leaving yet
1777481899.283991 [0]     talker: leave conn 0xaaaaf5bd6800 for (udp/239.255.0.1, *) interface udp/192.168.50.95
1777481899.284051 [0]     talker: leave conn 0xaaaaf5bd6880 for (udp/239.255.0.1, *) interface udp/192.168.50.95
1777481899.284104 [0]     talker: ddsi_udp_release_conn multicast socket 6 port 7400
1777481899.284185 [0]     talker: ddsi_udp_release_conn multicast socket 7 port 7401
1777481899.284258 [0]     talker: ddsi_udp_release_conn unicast socket 5 port 59056
1777481899.284301 [0]     talker: ddsi_udp_release_conn unicast socket 8 port 60698
1777481899.284352 [0]     talker: udp finalized
1777481899.284646 [0]     talker: Finis.
